"SourceFile","Line","Signature","ProviderBacked","Disposition"
"OASIS Architecture/NextGenSoftware.OASIS.API.Core/Managers/AvatarManager/AvatarManager-Auth.cs","24","public OASISResult<IAvatar> Authenticate(string username, string password, string ipAddress)","True","ModeAwareLegacyAndV2Boundary"
"OASIS Architecture/NextGenSoftware.OASIS.API.Core/Managers/AvatarManager/AvatarManager-Auth.cs","120","public async Task<OASISResult<IAvatar>> AuthenticateAsync(string username, string password, string ipAddress, AutoReplicationMode autoReplicationMode = AutoReplicationMode.UseGlobalDefaultInOASISDNA, AutoFailOverMode autoFailOverMode = AutoFailOverMode.UseGlobalDefaultInOASISDNA, AutoLoadBalanceMode autoLoadBalanceMode = AutoLoadBalanceMode.UseGlobalDefaultInOASISDNA, bool waitForAutoReplicationResult = false)","True","ModeAwareLegacyAndV2Boundary"
"OASIS Architecture/NextGenSoftware.OASIS.API.Core/Managers/AvatarManager/AvatarManager-Auth.cs","222","public OASISResult<string> GenerateDIDChallenge(string did)","True","ModeAwareLegacyAndV2Boundary"
"OASIS Architecture/NextGenSoftware.OASIS.API.Core/Managers/AvatarManager/AvatarManager-Auth.cs","261","public async Task<OASISResult<IAvatar>> AuthenticateWithDIDAsync(string did, string challenge, string signatureHex, string ipAddress)","True","ModeAwareLegacyAndV2Boundary"
"OASIS Architecture/NextGenSoftware.OASIS.API.Core/Managers/AvatarManager/AvatarManager-Auth.cs","392","public async Task<OASISResult<bool>> VerifyAvatarAsync(Guid avatarId)","True","ModeAwareLegacyAndV2Boundary"
"OASIS Architecture/NextGenSoftware.OASIS.API.Core/Managers/AvatarManager/AvatarManager-Delete.cs","16","public OASISResult<bool> DeleteAvatar(Guid id, bool softDelete = true, ProviderType providerType = ProviderType.Default)","True","ModeAwareLegacyAndV2Boundary"
"OASIS Architecture/NextGenSoftware.OASIS.API.Core/Managers/AvatarManager/AvatarManager-Delete.cs","97","public async Task<OASISResult<bool>> DeleteAvatarAsync(Guid id, bool softDelete = true, ProviderType providerType = ProviderType.Default)","True","ModeAwareLegacyAndV2Boundary"
"OASIS Architecture/NextGenSoftware.OASIS.API.Core/Managers/AvatarManager/AvatarManager-Delete.cs","180","public async Task<OASISResult<bool>> DeleteAvatarByUsernameAsync(string userName, bool softDelete = true, ProviderType providerType = ProviderType.Default)","True","ModeAwareLegacyAndV2Boundary"
"OASIS Architecture/NextGenSoftware.OASIS.API.Core/Managers/AvatarManager/AvatarManager-Delete.cs","263","public OASISResult<bool> DeleteAvatarByUsername(string userName, bool softDelete = true, ProviderType providerType = ProviderType.Default)","True","ModeAwareLegacyAndV2Boundary"
"OASIS Architecture/NextGenSoftware.OASIS.API.Core/Managers/AvatarManager/AvatarManager-Delete.cs","345","public async Task<OASISResult<bool>> DeleteAvatarByEmailAsync(string email, bool softDelete = true, ProviderType providerType = ProviderType.Default)","True","ModeAwareLegacyAndV2Boundary"
"OASIS Architecture/NextGenSoftware.OASIS.API.Core/Managers/AvatarManager/AvatarManager-Delete.cs","428","public OASISResult<bool> DeleteAvatarByEmail(string email, bool softDelete = true, ProviderType providerType = ProviderType.Default)","True","ModeAwareLegacyAndV2Boundary"
"OASIS Architecture/NextGenSoftware.OASIS.API.Core/Managers/AvatarManager/AvatarManager-Delete.cs","510","public Task<OASISResult<bool>> DeleteAvatarDetailAsync(Guid id, bool softDelete = true, ProviderType providerType = ProviderType.Default)","True","ModeAwareLegacyAndV2Boundary"
"OASIS Architecture/NextGenSoftware.OASIS.API.Core/Managers/AvatarManager/AvatarManager-Delete.cs","517","public Task<OASISResult<bool>> DeleteAvatarDetailByUsernameAsync(string username, bool softDelete = true, ProviderType providerType = ProviderType.Default)","True","ModeAwareLegacyAndV2Boundary"
"OASIS Architecture/NextGenSoftware.OASIS.API.Core/Managers/AvatarManager/AvatarManager-Delete.cs","524","public Task<OASISResult<bool>> DeleteAvatarDetailByEmailAsync(string email, bool softDelete = true, ProviderType providerType = ProviderType.Default)","True","ModeAwareLegacyAndV2Boundary"
"OASIS Architecture/NextGenSoftware.OASIS.API.Core/Managers/AvatarManager/AvatarManager-Delete.cs","531","public OASISResult<bool> DeleteAvatarDetail(Guid id, bool softDelete = true, ProviderType providerType = ProviderType.Default)","True","ModeAwareLegacyAndV2Boundary"
"OASIS Architecture/NextGenSoftware.OASIS.API.Core/Managers/AvatarManager/AvatarManager-Delete.cs","538","public OASISResult<bool> DeleteAvatarDetailByUsername(string username, bool softDelete = true, ProviderType providerType = ProviderType.Default)","True","ModeAwareLegacyAndV2Boundary"
"OASIS Architecture/NextGenSoftware.OASIS.API.Core/Managers/AvatarManager/AvatarManager-Delete.cs","545","public OASISResult<bool> DeleteAvatarDetailByEmail(string email, bool softDelete = true, ProviderType providerType = ProviderType.Default)","True","ModeAwareLegacyAndV2Boundary"
"OASIS Architecture/NextGenSoftware.OASIS.API.Core/Managers/AvatarManager/AvatarManager-Delete.cs","589","public async Task<OASISResult<bool>> DeleteAvatarDetailAsync(Guid id, bool softDelete = true, ProviderType providerType = ProviderType.Default)","True","ModeAwareLegacyAndV2Boundary"
"OASIS Architecture/NextGenSoftware.OASIS.API.Core/Managers/AvatarManager/AvatarManager-Delete.cs","655","public async Task<OASISResult<bool>> DeleteAvatarDetailByUsernameAsync(string userName, bool softDelete = true, ProviderType providerType = ProviderType.Default)","True","ModeAwareLegacyAndV2Boundary"
"OASIS Architecture/NextGenSoftware.OASIS.API.Core/Managers/AvatarManager/AvatarManager-Delete.cs","721","public async Task<OASISResult<bool>> DeleteAvatarDetailByEmailAsync(string email, bool softDelete = true, ProviderType providerType = ProviderType.Default)","True","ModeAwareLegacyAndV2Boundary"
"OASIS Architecture/NextGenSoftware.OASIS.API.Core/Managers/AvatarManager/AvatarManager-Delete.cs","787","public OASISResult<bool> DeleteAvatarDetailByEmail(string email, bool softDelete = true, ProviderType providerType = ProviderType.Default)","True","ModeAwareLegacyAndV2Boundary"
"OASIS Architecture/NextGenSoftware.OASIS.API.Core/Managers/AvatarManager/AvatarManager-DeleteForProvider.cs","25","public IAvatar HideAuthDetails(IAvatar avatar, bool hidePassword = false, bool hidePrivateKeys = true, bool hideVerificationToken = false, bool hideRefreshTokens = false)","True","ModeAwareLegacyAndV2Boundary"
"OASIS Architecture/NextGenSoftware.OASIS.API.Core/Managers/AvatarManager/AvatarManager-DeleteForProvider.cs","57","public IEnumerable<IAvatar> HideAuthDetails(IEnumerable<IAvatar> avatars)","True","ModeAwareLegacyAndV2Boundary"
"OASIS Architecture/NextGenSoftware.OASIS.API.Core/Managers/AvatarManager/AvatarManager-DeleteForProvider.cs","67","public async Task<OASISResult<IAvatarDetail>> SaveAvatarDetailForProviderAsync(IAvatarDetail avatar, OASISResult<IAvatarDetail> result, SaveMode saveMode, ProviderType providerType = ProviderType.Default)","True","ModeAwareLegacyAndV2Boundary"
"OASIS Architecture/NextGenSoftware.OASIS.API.Core/Managers/AvatarManager/AvatarManager-DeleteForProvider.cs","112","public OASISResult<IAvatarDetail> SaveAvatarDetailForProvider(IAvatarDetail avatar, OASISResult<IAvatarDetail> result, SaveMode saveMode, ProviderType providerType = ProviderType.Default)","True","ModeAwareLegacyAndV2Boundary"
"OASIS Architecture/NextGenSoftware.OASIS.API.Core/Managers/AvatarManager/AvatarManager-DeleteForProvider.cs","145","public OASISResult<bool> DeleteAvatarForProvider(Guid id, OASISResult<bool> result, SaveMode saveMode, bool softDelete = true, ProviderType providerType = ProviderType.Default)","True","ModeAwareLegacyAndV2Boundary"
"OASIS Architecture/NextGenSoftware.OASIS.API.Core/Managers/AvatarManager/AvatarManager-DeleteForProvider.cs","151","public async Task<OASISResult<bool>> DeleteAvatarForProviderAsync(Guid id, OASISResult<bool> result, SaveMode saveMode, bool softDelete = true, ProviderType providerType = ProviderType.Default)","True","ModeAwareLegacyAndV2Boundary"
"OASIS Architecture/NextGenSoftware.OASIS.API.Core/Managers/AvatarManager/AvatarManager-DeleteForProvider.cs","195","public OASISResult<bool> DeleteAvatarByEmailForProvider(string email, OASISResult<bool> result, SaveMode saveMode, bool softDelete = true, ProviderType providerType = ProviderType.Default)","True","ModeAwareLegacyAndV2Boundary"
"OASIS Architecture/NextGenSoftware.OASIS.API.Core/Managers/AvatarManager/AvatarManager-DeleteForProvider.cs","201","public async Task<OASISResult<bool>> DeleteAvatarByEmailForProviderAsync(string email, OASISResult<bool> result, SaveMode saveMode, bool softDelete = true, ProviderType providerType = ProviderType.Default)","True","ModeAwareLegacyAndV2Boundary"
"OASIS Architecture/NextGenSoftware.OASIS.API.Core/Managers/AvatarManager/AvatarManager-DeleteForProvider.cs","245","public OASISResult<bool> DeleteAvatarByUsernameForProvider(string username, OASISResult<bool> result, SaveMode saveMode, bool softDelete = true, ProviderType providerType = ProviderType.Default)","True","ModeAwareLegacyAndV2Boundary"
"OASIS Architecture/NextGenSoftware.OASIS.API.Core/Managers/AvatarManager/AvatarManager-DeleteForProvider.cs","297","public async Task<OASISResult<bool>> DeleteAvatarByUsernameForProviderAsync(string username, OASISResult<bool> result, SaveMode saveMode, bool softDelete = true, ProviderType providerType = ProviderType.Default)","True","ModeAwareLegacyAndV2Boundary"
"OASIS Architecture/NextGenSoftware.OASIS.API.Core/Managers/AvatarManager/AvatarManager-DeleteForProvider.cs","341","public void ShowKarmaThresholds()","True","ModeAwareLegacyAndV2Boundary"
"OASIS Architecture/NextGenSoftware.OASIS.API.Core/Managers/AvatarManager/AvatarManager-DeleteForProvider.cs","346","public Dictionary<int, long> GetKarmaThresholds()","True","ModeAwareLegacyAndV2Boundary"
"OASIS Architecture/NextGenSoftware.OASIS.API.Core/Managers/AvatarManager/AvatarManager-DeleteForProvider.cs","351","public async Task<OASISResult<IEnumerable<IAvatar>>> SearchAvatarsAsync(string searchTerm, ProviderType providerType = ProviderType.Default)","True","ModeAwareLegacyAndV2Boundary"
"OASIS Architecture/NextGenSoftware.OASIS.API.Core/Managers/AvatarManager/AvatarManager-DeleteForProvider.cs","381","public OASISResult<IEnumerable<IAvatar>> SearchAvatars(string searchTerm, ProviderType providerType = ProviderType.Default)","True","ModeAwareLegacyAndV2Boundary"
"OASIS Architecture/NextGenSoftware.OASIS.API.Core/Managers/AvatarManager/AvatarManager-DeleteForProvider.cs","412","public OASISResult<bool> DeleteAvatarDetailForProvider(Guid id, OASISResult<bool> result, SaveMode saveMode, bool softDelete = true, ProviderType providerType = ProviderType.Default)","True","ModeAwareLegacyAndV2Boundary"
"OASIS Architecture/NextGenSoftware.OASIS.API.Core/Managers/AvatarManager/AvatarManager-DeleteForProvider.cs","417","public async Task<OASISResult<bool>> DeleteAvatarDetailForProviderAsync(Guid id, OASISResult<bool> result, SaveMode saveMode, bool softDelete = true, ProviderType providerType = ProviderType.Default)","True","ModeAwareLegacyAndV2Boundary"
"OASIS Architecture/NextGenSoftware.OASIS.API.Core/Managers/AvatarManager/AvatarManager-DeleteForProvider.cs","460","public OASISResult<bool> DeleteAvatarDetailByEmailForProvider(string email, OASISResult<bool> result, SaveMode saveMode, bool softDelete = true, ProviderType providerType = ProviderType.Default)","True","ModeAwareLegacyAndV2Boundary"
"OASIS Architecture/NextGenSoftware.OASIS.API.Core/Managers/AvatarManager/AvatarManager-DeleteForProvider.cs","465","public async Task<OASISResult<bool>> DeleteAvatarDetailByEmailForProviderAsync(string email, OASISResult<bool> result, SaveMode saveMode, bool softDelete = true, ProviderType providerType = ProviderType.Default)","True","ModeAwareLegacyAndV2Boundary"
"OASIS Architecture/NextGenSoftware.OASIS.API.Core/Managers/AvatarManager/AvatarManager-DeleteForProvider.cs","508","public OASISResult<bool> DeleteAvatarDetailByUsernameForProvider(string username, OASISResult<bool> result, SaveMode saveMode, bool softDelete = true, ProviderType providerType = ProviderType.Default)","True","ModeAwareLegacyAndV2Boundary"
"OASIS Architecture/NextGenSoftware.OASIS.API.Core/Managers/AvatarManager/AvatarManager-DeleteForProvider.cs","513","public async Task<OASISResult<bool>> DeleteAvatarDetailByUsernameForProviderAsync(string username, OASISResult<bool> result, SaveMode saveMode, bool softDelete = true, ProviderType providerType = ProviderType.Default)","True","ModeAwareLegacyAndV2Boundary"
"OASIS Architecture/NextGenSoftware.OASIS.API.Core/Managers/AvatarManager/AvatarManager-GeoNFTCollection.cs","48","public async Task<OASISResult<List<GeoNFTCollectionStatus>>> GetGeoNFTCollectionStatusesAsync( Guid avatarId, IEnumerable<IWeb4GeoSpatialNFT> nfts, ProviderType providerType = ProviderType.Default)","True","ModeAwareLegacyAndV2Boundary"
"OASIS Architecture/NextGenSoftware.OASIS.API.Core/Managers/AvatarManager/AvatarManager-GeoNFTCollection.cs","64","public async Task<OASISResult<IInventoryItem>> CollectGeoNFTInventoryAsync(Guid avatarId, IWeb4GeoSpatialNFT nft, IInventoryItem item, ProviderType providerType = ProviderType.Default, Guid operationId = default)","True","ModeAwareLegacyAndV2Boundary"
"OASIS Architecture/NextGenSoftware.OASIS.API.Core/Managers/AvatarManager/AvatarManager-Inventory.cs","72","public async Task<OASISResult<IEnumerable<IInventoryItem>>> GetAvatarInventoryAsync(Guid avatarId, ProviderType providerType = ProviderType.Default)","True","ModeAwareLegacyAndV2Boundary"
"OASIS Architecture/NextGenSoftware.OASIS.API.Core/Managers/AvatarManager/AvatarManager-Inventory.cs","101","public OASISResult<IEnumerable<IInventoryItem>> GetAvatarInventory(Guid avatarId, ProviderType providerType = ProviderType.Default)","True","ModeAwareLegacyAndV2Boundary"
"OASIS Architecture/NextGenSoftware.OASIS.API.Core/Managers/AvatarManager/AvatarManager-Inventory.cs","131","public async Task<OASISResult<IInventoryItem>> AddItemToAvatarInventoryAsync(Guid avatarId, IInventoryItem item, ProviderType providerType = ProviderType.Default, Guid operationId = default)","True","ModeAwareLegacyAndV2Boundary"
"OASIS Architecture/NextGenSoftware.OASIS.API.Core/Managers/AvatarManager/AvatarManager-Inventory.cs","167","public OASISResult<IInventoryItem> AddItemToAvatarInventory(Guid avatarId, IInventoryItem item, ProviderType providerType = ProviderType.Default, Guid operationId = default)","True","ModeAwareLegacyAndV2Boundary"
"OASIS Architecture/NextGenSoftware.OASIS.API.Core/Managers/AvatarManager/AvatarManager-Inventory.cs","344","public async Task<OASISResult<IInventoryItem>> UpdateItemInAvatarInventoryAsync(Guid avatarId, Guid itemId, IInventoryItem item, ProviderType providerType = ProviderType.Default)","True","ModeAwareLegacyAndV2Boundary"
"OASIS Architecture/NextGenSoftware.OASIS.API.Core/Managers/AvatarManager/AvatarManager-Inventory.cs","385","public async Task<OASISResult<bool>> RemoveItemFromAvatarInventoryAsync(Guid avatarId, Guid itemId, int quantity = 1, ProviderType providerType = ProviderType.Default)","True","ModeAwareLegacyAndV2Boundary"
"OASIS Architecture/NextGenSoftware.OASIS.API.Core/Managers/AvatarManager/AvatarManager-Inventory.cs","450","public OASISResult<bool> RemoveItemFromAvatarInventory(Guid avatarId, Guid itemId, int quantity = 1, ProviderType providerType = ProviderType.Default)","True","ModeAwareLegacyAndV2Boundary"
"OASIS Architecture/NextGenSoftware.OASIS.API.Core/Managers/AvatarManager/AvatarManager-Inventory.cs","504","public async Task<OASISResult<bool>> AvatarHasItemAsync(Guid avatarId, Guid itemId, ProviderType providerType = ProviderType.Default)","True","ModeAwareLegacyAndV2Boundary"
"OASIS Architecture/NextGenSoftware.OASIS.API.Core/Managers/AvatarManager/AvatarManager-Inventory.cs","533","public OASISResult<bool> AvatarHasItem(Guid avatarId, Guid itemId, ProviderType providerType = ProviderType.Default)","True","ModeAwareLegacyAndV2Boundary"
"OASIS Architecture/NextGenSoftware.OASIS.API.Core/Managers/AvatarManager/AvatarManager-Inventory.cs","554","public async Task<OASISResult<bool>> AvatarHasItemByNameAsync(Guid avatarId, string itemName, ProviderType providerType = ProviderType.Default)","True","ModeAwareLegacyAndV2Boundary"
"OASIS Architecture/NextGenSoftware.OASIS.API.Core/Managers/AvatarManager/AvatarManager-Inventory.cs","587","public OASISResult<bool> AvatarHasItemByName(Guid avatarId, string itemName, ProviderType providerType = ProviderType.Default)","True","ModeAwareLegacyAndV2Boundary"
"OASIS Architecture/NextGenSoftware.OASIS.API.Core/Managers/AvatarManager/AvatarManager-Inventory.cs","610","public async Task<OASISResult<IEnumerable<IInventoryItem>>> SearchAvatarInventoryAsync(Guid avatarId, string searchTerm, ProviderType providerType = ProviderType.Default)","True","ModeAwareLegacyAndV2Boundary"
"OASIS Architecture/NextGenSoftware.OASIS.API.Core/Managers/AvatarManager/AvatarManager-Inventory.cs","644","public OASISResult<IEnumerable<IInventoryItem>> SearchAvatarInventory(Guid avatarId, string searchTerm, ProviderType providerType = ProviderType.Default)","True","ModeAwareLegacyAndV2Boundary"
"OASIS Architecture/NextGenSoftware.OASIS.API.Core/Managers/AvatarManager/AvatarManager-Inventory.cs","668","public async Task<OASISResult<IInventoryItem>> GetAvatarInventoryItemAsync(Guid avatarId, Guid itemId, ProviderType providerType = ProviderType.Default)","True","ModeAwareLegacyAndV2Boundary"
"OASIS Architecture/NextGenSoftware.OASIS.API.Core/Managers/AvatarManager/AvatarManager-Inventory.cs","705","public OASISResult<IInventoryItem> GetAvatarInventoryItem(Guid avatarId, Guid itemId, ProviderType providerType = ProviderType.Default)","True","ModeAwareLegacyAndV2Boundary"
"OASIS Architecture/NextGenSoftware.OASIS.API.Core/Managers/AvatarManager/AvatarManager-Inventory.cs","726","public async Task<OASISResult<bool>> SendItemToAvatarAsync(Guid senderAvatarId, string targetUsernameOrAvatarId, string itemName, int quantity = 1, Guid? itemId = null, ProviderType providerType = ProviderType.Default, bool forClan = false)","True","ModeAwareLegacyAndV2Boundary"
"OASIS Architecture/NextGenSoftware.OASIS.API.Core/Managers/AvatarManager/AvatarManager-Inventory.cs","861","public async Task<OASISResult<bool>> SendItemToClanAsync(Guid senderAvatarId, string clanName, string itemName, int quantity = 1, Guid? itemId = null, ProviderType providerType = ProviderType.Default, Guid? operationId = null, Guid? destinationInventoryItemId = null, System.Threading.CancellationToken cancellationToken = default)","True","ModeAwareLegacyAndV2Boundary"
"OASIS Architecture/NextGenSoftware.OASIS.API.Core/Managers/AvatarManager/AvatarManager-Karma.cs","15","public async Task<KarmaAkashicRecord> AddKarmaToAvatarAsync(IAvatarDetail avatar, KarmaTypePositive karmaType, Enums.KarmaSourceType karmaSourceType, string karmaSourceTitle, string karmaSourceDesc, string karmaSourceWebLink = null, ProviderType providerType = ProviderType.Default)","True","ModeAwareLegacyAndV2Boundary"
"OASIS Architecture/NextGenSoftware.OASIS.API.Core/Managers/AvatarManager/AvatarManager-Karma.cs","45","public async Task<KarmaAkashicRecord> AddKarmaToAvatarAsync(Guid avatarId, KarmaTypePositive karmaType, Enums.KarmaSourceType karmaSourceType, string karmaSourceTitle, string karmaSourceDesc, string karmaSourceWebLink = null, ProviderType providerType = ProviderType.Default)","True","ModeAwareLegacyAndV2Boundary"
"OASIS Architecture/NextGenSoftware.OASIS.API.Core/Managers/AvatarManager/AvatarManager-Karma.cs","91","public OASISResult<KarmaAkashicRecord> AddKarmaToAvatar(IAvatarDetail avatar, KarmaTypePositive karmaType, Enums.KarmaSourceType karmaSourceType, string karmaSourceTitle, string karmaSourceDesc, string karmaSourceWebLink = null, ProviderType providerType = ProviderType.Default)","True","ModeAwareLegacyAndV2Boundary"
"OASIS Architecture/NextGenSoftware.OASIS.API.Core/Managers/AvatarManager/AvatarManager-Karma.cs","112","public OASISResult<KarmaAkashicRecord> AddKarmaToAvatar(Guid avatarId, KarmaTypePositive karmaType, Enums.KarmaSourceType karmaSourceType, string karmaSourceTitle, string karmaSourceDesc, string karmaSourceWebLink = null, ProviderType providerType = ProviderType.Default)","True","ModeAwareLegacyAndV2Boundary"
"OASIS Architecture/NextGenSoftware.OASIS.API.Core/Managers/AvatarManager/AvatarManager-Karma.cs","170","public async Task<KarmaAkashicRecord> RemoveKarmaFromAvatarAsync(IAvatarDetail avatar, KarmaTypeNegative karmaType, Enums.KarmaSourceType karmaSourceType, string karmaSourceTitle, string karmaSourceDesc, string karmaSourceWebLink = null, ProviderType providerType = ProviderType.Default)","True","ModeAwareLegacyAndV2Boundary"
"OASIS Architecture/NextGenSoftware.OASIS.API.Core/Managers/AvatarManager/AvatarManager-Karma.cs","201","public async Task<KarmaAkashicRecord> RemoveKarmaFromAvatarAsync(Guid avatarId, KarmaTypeNegative karmaType, Enums.KarmaSourceType karmaSourceType, string karmaSourceTitle, string karmaSourceDesc, string karmaSourceWebLink = null, ProviderType providerType = ProviderType.Default)","True","ModeAwareLegacyAndV2Boundary"
"OASIS Architecture/NextGenSoftware.OASIS.API.Core/Managers/AvatarManager/AvatarManager-Karma.cs","240","public KarmaAkashicRecord RemoveKarmaFromAvatar(IAvatarDetail avatar, KarmaTypeNegative karmaType, Enums.KarmaSourceType karmaSourceType, string karmaSourceTitle, string karmaSourceDesc, string karmaSourceWebLink = null, ProviderType providerType = ProviderType.Default)","True","ModeAwareLegacyAndV2Boundary"
"OASIS Architecture/NextGenSoftware.OASIS.API.Core/Managers/AvatarManager/AvatarManager-Karma.cs","271","public OASISResult<KarmaAkashicRecord> RemoveKarmaFromAvatar(Guid avatarId, KarmaTypeNegative karmaType, Enums.KarmaSourceType karmaSourceType, string karmaSourceTitle, string karmaSourceDesc, string karmaSourceWebLink = null, ProviderType providerType = ProviderType.Default)","True","ModeAwareLegacyAndV2Boundary"
"OASIS Architecture/NextGenSoftware.OASIS.API.Core/Managers/AvatarManager/AvatarManager-Load.All.cs","19","public OASISResult<IEnumerable<string>> LoadAllAvatarNames(bool includeUsernames = true, bool includeIds = true, ProviderType providerType = ProviderType.Default, int version = 0)","True","ModeAwareLegacyAndV2Boundary"
"OASIS Architecture/NextGenSoftware.OASIS.API.Core/Managers/AvatarManager/AvatarManager-Load.All.cs","24","public async Task<OASISResult<IEnumerable<string>>> LoadAllAvatarNamesAsync(bool includeUsernames = true, bool includeIds = true, ProviderType providerType = ProviderType.Default, int version = 0)","True","ModeAwareLegacyAndV2Boundary"
"OASIS Architecture/NextGenSoftware.OASIS.API.Core/Managers/AvatarManager/AvatarManager-Load.All.cs","29","public OASISResult<Dictionary<string,List<string>>> LoadAllAvatarNamesGroupedByName(bool includeUsernames = true, bool includeIds = true, ProviderType providerType = ProviderType.Default, int version = 0)","True","ModeAwareLegacyAndV2Boundary"
"OASIS Architecture/NextGenSoftware.OASIS.API.Core/Managers/AvatarManager/AvatarManager-Load.All.cs","34","public async Task<OASISResult<Dictionary<string, List<string>>>> LoadAllAvatarNamesGroupedByNameAsync(bool includeUsernames = true, bool includeIds = true, ProviderType providerType = ProviderType.Default, int version = 0)","True","ModeAwareLegacyAndV2Boundary"
"OASIS Architecture/NextGenSoftware.OASIS.API.Core/Managers/AvatarManager/AvatarManager-Load.All.cs","56","public OASISResult<IEnumerable<IAvatar>> LoadAllAvatars(bool loadPrivateKeys = false, bool hideAuthDetails = true, bool orderByName = true, ProviderType providerType = ProviderType.Default, int version = 0)","True","ModeAwareLegacyAndV2Boundary"
"OASIS Architecture/NextGenSoftware.OASIS.API.Core/Managers/AvatarManager/AvatarManager-Load.All.cs","128","public async Task<OASISResult<IEnumerable<IAvatar>>> LoadAllAvatarsAsync(bool loadPrivateKeys = false, bool hideAuthDetails = true, bool orderByName = true, ProviderType providerType = ProviderType.Default, int version = 0)","True","ModeAwareLegacyAndV2Boundary"
"OASIS Architecture/NextGenSoftware.OASIS.API.Core/Managers/AvatarManager/AvatarManager-Load.All.cs","201","public OASISResult<IEnumerable<IAvatarDetail>> LoadAllAvatarDetails(ProviderType providerType = ProviderType.Default, int version = 0)","True","ModeAwareLegacyAndV2Boundary"
"OASIS Architecture/NextGenSoftware.OASIS.API.Core/Managers/AvatarManager/AvatarManager-Load.All.cs","258","public async Task<OASISResult<IEnumerable<IAvatarDetail>>> LoadAllAvatarDetailsAsync(ProviderType providerType = ProviderType.Default, int version = 0)","True","ModeAwareLegacyAndV2Boundary"
"OASIS Architecture/NextGenSoftware.OASIS.API.Core/Managers/AvatarManager/AvatarManager-Load.Avatar.cs","19","public OASISResult<IAvatar> LoadAvatar(Guid id, bool loadPrivateKeys = false, bool hideAuthDetails = true, ProviderType providerType = ProviderType.Default, int version = 0)","True","ModeAwareLegacyAndV2Boundary"
"OASIS Architecture/NextGenSoftware.OASIS.API.Core/Managers/AvatarManager/AvatarManager-Load.Avatar.cs","79","public async Task<OASISResult<IAvatar>> LoadAvatarAsync(Guid id, bool loadPrivateKeys = false, bool hideAuthDetails = true, ProviderType providerType = ProviderType.Default, int version = 0)","True","ModeAwareLegacyAndV2Boundary"
"OASIS Architecture/NextGenSoftware.OASIS.API.Core/Managers/AvatarManager/AvatarManager-Load.Avatar.cs","160","public OASISResult<IAvatar> LoadAvatar(string username, string password, bool hideAuthDetails = true, ProviderType providerType = ProviderType.Default, int version = 0)","True","ModeAwareLegacyAndV2Boundary"
"OASIS Architecture/NextGenSoftware.OASIS.API.Core/Managers/AvatarManager/AvatarManager-Load.Avatar.cs","212","public async Task<OASISResult<IAvatar>> LoadAvatarAsync(string username, string password, bool hideAuthDetails = true, ProviderType providerType = ProviderType.Default, int version = 0)","True","ModeAwareLegacyAndV2Boundary"
"OASIS Architecture/NextGenSoftware.OASIS.API.Core/Managers/AvatarManager/AvatarManager-Load.Avatar.cs","265","public OASISResult<IAvatar> LoadAvatar(string username, bool loadPrivateKeys = false, bool hideAuthDetails = true, ProviderType providerType = ProviderType.Default, int version = 0)","True","ModeAwareLegacyAndV2Boundary"
"OASIS Architecture/NextGenSoftware.OASIS.API.Core/Managers/AvatarManager/AvatarManager-Load.Avatar.cs","324","public async Task<OASISResult<IAvatar>> LoadAvatarAsync(string username, bool loadPrivateKeys = false, bool hideAuthDetails = true, ProviderType providerType = ProviderType.Default, int version = 0)","True","ModeAwareLegacyAndV2Boundary"
"OASIS Architecture/NextGenSoftware.OASIS.API.Core/Managers/AvatarManager/AvatarManager-Load.Avatar.cs","394","public OASISResult<IAvatar> LoadAvatarByEmail(string email, bool loadPrivateKeys = false, bool hideAuthDetails = true, ProviderType providerType = ProviderType.Default, int version = 0)","True","ModeAwareLegacyAndV2Boundary"
"OASIS Architecture/NextGenSoftware.OASIS.API.Core/Managers/AvatarManager/AvatarManager-Load.Avatar.cs","453","public async Task<OASISResult<IAvatar>> LoadAvatarByEmailAsync(string email, bool loadPrivateKeys = false, bool hideAuthDetails = true, ProviderType providerType = ProviderType.Default, int version = 0)","True","ModeAwareLegacyAndV2Boundary"
"OASIS Architecture/NextGenSoftware.OASIS.API.Core/Managers/AvatarManager/AvatarManager-Load.AvatarDetail.cs","19","public OASISResult<IAvatarDetail> LoadAvatarDetail(Guid id, ProviderType providerType = ProviderType.Default, int version = 0)","True","ModeAwareLegacyAndV2Boundary"
"OASIS Architecture/NextGenSoftware.OASIS.API.Core/Managers/AvatarManager/AvatarManager-Load.AvatarDetail.cs","76","public async Task<OASISResult<IAvatarDetail>> LoadAvatarDetailAsync(Guid id, ProviderType providerType = ProviderType.Default, int version = 0)","True","ModeAwareLegacyAndV2Boundary"
"OASIS Architecture/NextGenSoftware.OASIS.API.Core/Managers/AvatarManager/AvatarManager-Load.AvatarDetail.cs","134","public async Task<OASISResult<IAvatarDetail>> LoadAvatarDetailByEmailAsync(string email, ProviderType providerType = ProviderType.Default, int version = 0)","True","ModeAwareLegacyAndV2Boundary"
"OASIS Architecture/NextGenSoftware.OASIS.API.Core/Managers/AvatarManager/AvatarManager-Load.AvatarDetail.cs","192","public OASISResult<IAvatarDetail> LoadAvatarDetailByEmail(string email, ProviderType providerType = ProviderType.Default, int version = 0)","True","ModeAwareLegacyAndV2Boundary"
"OASIS Architecture/NextGenSoftware.OASIS.API.Core/Managers/AvatarManager/AvatarManager-Load.AvatarDetail.cs","249","public async Task<OASISResult<IAvatarDetail>> LoadAvatarDetailByUsernameAsync(string username, ProviderType providerType = ProviderType.Default, int version = 0)","True","ModeAwareLegacyAndV2Boundary"
"OASIS Architecture/NextGenSoftware.OASIS.API.Core/Managers/AvatarManager/AvatarManager-Load.AvatarDetail.cs","307","public OASISResult<IAvatarDetail> LoadAvatarDetailByUsername(string username, ProviderType providerType = ProviderType.Default, int version = 0)","True","ModeAwareLegacyAndV2Boundary"
"OASIS Architecture/NextGenSoftware.OASIS.API.Core/Managers/AvatarManager/AvatarManager-LoadForProvider.cs","441","public OASISResult<IAvatar> LoadAvatarByPublicKeyForProvider(string publicKey, ProviderType providerType = ProviderType.Default)","True","ModeAwareLegacyAndV2Boundary"
"OASIS Architecture/NextGenSoftware.OASIS.API.Core/Managers/AvatarManager/AvatarManager-LoadForProvider.cs","450","public async Task<OASISResult<IAvatar>> LoadAvatarByPublicKeyForProviderAsync(string publicKey, ProviderType providerType = ProviderType.Default)","True","ModeAwareLegacyAndV2Boundary"
"OASIS Architecture/NextGenSoftware.OASIS.API.Core/Managers/AvatarManager/AvatarManager-LoadForProvider.cs","474","public OASISResult<IAvatar> LoadAvatarByProviderKeyForProvider(string providerKey, ProviderType providerType = ProviderType.Default)","True","ModeAwareLegacyAndV2Boundary"
"OASIS Architecture/NextGenSoftware.OASIS.API.Core/Managers/AvatarManager/AvatarManager-LoadForProvider.cs","483","public async Task<OASISResult<IAvatar>> LoadAvatarByProviderKeyForProviderAsync(string providerKey, ProviderType providerType = ProviderType.Default)","True","ModeAwareLegacyAndV2Boundary"
"OASIS Architecture/NextGenSoftware.OASIS.API.Core/Managers/AvatarManager/AvatarManager-LoadForProvider.cs","507","public OASISResult<IAvatar> LoadAvatarByPrivateKeyForProvider(string privateKey, ProviderType providerType = ProviderType.Default)","True","ModeAwareLegacyAndV2Boundary"
"OASIS Architecture/NextGenSoftware.OASIS.API.Core/Managers/AvatarManager/AvatarManager-LoadForProvider.cs","516","public async Task<OASISResult<IAvatar>> LoadAvatarByPrivateKeyForProviderAsync(string privateKey, ProviderType providerType = ProviderType.Default)","True","ModeAwareLegacyAndV2Boundary"
"OASIS Architecture/NextGenSoftware.OASIS.API.Core/Managers/AvatarManager/AvatarManager-Portrait.cs","16","public async Task<OASISResult<AvatarPortrait>> GetAvatarPortraitByIdAsync(Guid id)","True","ModeAwareLegacyAndV2Boundary"
"OASIS Architecture/NextGenSoftware.OASIS.API.Core/Managers/AvatarManager/AvatarManager-Portrait.cs","44","public async Task<OASISResult<AvatarPortrait>> GetAvatarPortraitByUsernameAsync(string username)","True","ModeAwareLegacyAndV2Boundary"
"OASIS Architecture/NextGenSoftware.OASIS.API.Core/Managers/AvatarManager/AvatarManager-Portrait.cs","72","public async Task<OASISResult<AvatarPortrait>> GetAvatarPortraitByEmailAsync(string email)","True","ModeAwareLegacyAndV2Boundary"
"OASIS Architecture/NextGenSoftware.OASIS.API.Core/Managers/AvatarManager/AvatarManager-Portrait.cs","100","public async Task<OASISResult<bool>> UploadAvatarPortraitAsync(Guid avatarId, string username, string email, string imageBase64)","True","ModeAwareLegacyAndV2Boundary"
"OASIS Architecture/NextGenSoftware.OASIS.API.Core/Managers/AvatarManager/AvatarManager-Portrait.cs","160","public async Task<OASISResult<string>> GetAvatarUmaJsonByIdAsync(Guid id)","True","ModeAwareLegacyAndV2Boundary"
"OASIS Architecture/NextGenSoftware.OASIS.API.Core/Managers/AvatarManager/AvatarManager-Portrait.cs","190","public async Task<OASISResult<string>> GetAvatarUmaJsonByUsernameAsync(string username)","True","ModeAwareLegacyAndV2Boundary"
"OASIS Architecture/NextGenSoftware.OASIS.API.Core/Managers/AvatarManager/AvatarManager-Portrait.cs","220","public async Task<OASISResult<string>> GetAvatarUmaJsonByEmailAsync(string email)","True","ModeAwareLegacyAndV2Boundary"
"OASIS Architecture/NextGenSoftware.OASIS.API.Core/Managers/AvatarManager/AvatarManager-Reset.cs","24","public OASISResult<IAvatar> Register(string avatarTitle, string firstName, string lastName, string email, string password, string username, AvatarType avatarType, OASISType createdOASISType, ConsoleColor cliColour = ConsoleColor.Green, ConsoleColor favColour = ConsoleColor.Green, bool callerIsWizard = false, bool suppressVerificationEmail = false)","True","ModeAwareLegacyAndV2Boundary"
"OASIS Architecture/NextGenSoftware.OASIS.API.Core/Managers/AvatarManager/AvatarManager-Reset.cs","73","public async Task<OASISResult<IAvatar>> RegisterAsync(string avatarTitle, string firstName, string lastName, string email, string password, string username, AvatarType avatarType, OASISType createdOASISType, ConsoleColor cliColour = ConsoleColor.Green, ConsoleColor favColour = ConsoleColor.Green, bool callerIsWizard = false, bool suppressVerificationEmail = false)","True","ModeAwareLegacyAndV2Boundary"
"OASIS Architecture/NextGenSoftware.OASIS.API.Core/Managers/AvatarManager/AvatarManager-Reset.cs","122","public OASISResult<IAvatar> BeamOut(IAvatar avatar, AutoReplicationMode autoReplicationMode = AutoReplicationMode.UseGlobalDefaultInOASISDNA, AutoFailOverMode autoFailOverMode = AutoFailOverMode.UseGlobalDefaultInOASISDNA, AutoLoadBalanceMode autoLoadBalanceMode = AutoLoadBalanceMode.UseGlobalDefaultInOASISDNA, bool waitForAutoReplicationResult = false, ProviderType providerType = ProviderType.Default)","True","ModeAwareLegacyAndV2Boundary"
"OASIS Architecture/NextGenSoftware.OASIS.API.Core/Managers/AvatarManager/AvatarManager-Reset.cs","132","public async Task<OASISResult<IAvatar>> BeamOutAsync(IAvatar avatar, AutoReplicationMode autoReplicationMode = AutoReplicationMode.UseGlobalDefaultInOASISDNA, AutoFailOverMode autoFailOverMode = AutoFailOverMode.UseGlobalDefaultInOASISDNA, AutoLoadBalanceMode autoLoadBalanceMode = AutoLoadBalanceMode.UseGlobalDefaultInOASISDNA, bool waitForAutoReplicationResult = false, ProviderType providerType = ProviderType.Default)","True","ModeAwareLegacyAndV2Boundary"
"OASIS Architecture/NextGenSoftware.OASIS.API.Core/Managers/AvatarManager/AvatarManager-Reset.cs","142","public OASISResult<bool> VerifyEmail(string token)","True","ModeAwareLegacyAndV2Boundary"
"OASIS Architecture/NextGenSoftware.OASIS.API.Core/Managers/AvatarManager/AvatarManager-Reset.cs","193","public async Task<OASISResult<bool>> VerifyAvatarAsync(Guid avatarId, ProviderType providerType = ProviderType.Default)","True","ModeAwareLegacyAndV2Boundary"
"OASIS Architecture/NextGenSoftware.OASIS.API.Core/Managers/AvatarManager/AvatarManager-Reset.cs","239","public async Task<OASISResult<string>> ForgotPasswordAsync(string email, ProviderType providerType = ProviderType.Default, string returnUrl = null)","True","ModeAwareLegacyAndV2Boundary"
"OASIS Architecture/NextGenSoftware.OASIS.API.Core/Managers/AvatarManager/AvatarManager-Reset.cs","280","public OASISResult<string> ForgotPassword(string email, ProviderType providerType = ProviderType.Default, string returnUrl = null)","True","ModeAwareLegacyAndV2Boundary"
"OASIS Architecture/NextGenSoftware.OASIS.API.Core/Managers/AvatarManager/AvatarManager-Reset.cs","321","public async Task<OASISResult<string>> ResetPasswordAsync(string token, string oldPassword, string newPassword, ProviderType providerType = ProviderType.Default)","True","ModeAwareLegacyAndV2Boundary"
"OASIS Architecture/NextGenSoftware.OASIS.API.Core/Managers/AvatarManager/AvatarManager-Reset.cs","383","public OASISResult<string> ResetPassword(string token, string oldPassword, string newPassword, ProviderType providerType = ProviderType.Default)","True","ModeAwareLegacyAndV2Boundary"
"OASIS Architecture/NextGenSoftware.OASIS.API.Core/Managers/AvatarManager/AvatarManager-Reset.cs","441","public string RandomTokenString()","True","ModeAwareLegacyAndV2Boundary"
"OASIS Architecture/NextGenSoftware.OASIS.API.Core/Managers/AvatarManager/AvatarManager-Reset.cs","454","public async Task<OASISResult<IAvatar>> Update(Guid id, UpdateRequest avatar)","True","ModeAwareLegacyAndV2Boundary"
"OASIS Architecture/NextGenSoftware.OASIS.API.Core/Managers/AvatarManager/AvatarManager-Reset.cs","476","public async Task<OASISResult<IAvatar>> UpdateByEmail(string email, UpdateRequest avatar)","True","ModeAwareLegacyAndV2Boundary"
"OASIS Architecture/NextGenSoftware.OASIS.API.Core/Managers/AvatarManager/AvatarManager-Reset.cs","498","public async Task<OASISResult<IAvatar>> UpdateByUsername(string username, UpdateRequest avatar)","True","ModeAwareLegacyAndV2Boundary"
"OASIS Architecture/NextGenSoftware.OASIS.API.Core/Managers/AvatarManager/AvatarManager-Reset.cs","520","public OASISResult<bool> CheckIfEmailIsAlreadyInUse(string email, bool sendMail = true)","True","ModeAwareLegacyAndV2Boundary"
"OASIS Architecture/NextGenSoftware.OASIS.API.Core/Managers/AvatarManager/AvatarManager-Reset.cs","564","public OASISResult<bool> CheckIfUsernameIsAlreadyInUse(string username)","True","ModeAwareLegacyAndV2Boundary"
"OASIS Architecture/NextGenSoftware.OASIS.API.Core/Managers/AvatarManager/AvatarManager-Save.cs","18","public async Task<OASISResult<IAvatar>> SaveAvatarAsync(IAvatar avatar, AutoReplicationMode autoReplicationMode = AutoReplicationMode.UseGlobalDefaultInOASISDNA, AutoFailOverMode autoFailOverMode = AutoFailOverMode.UseGlobalDefaultInOASISDNA, AutoLoadBalanceMode autoLoadBalanceMode = AutoLoadBalanceMode.UseGlobalDefaultInOASISDNA, bool waitForAutoReplicationResult = false, ProviderType providerType = ProviderType.Default)","True","ModeAwareLegacyAndV2Boundary"
"OASIS Architecture/NextGenSoftware.OASIS.API.Core/Managers/AvatarManager/AvatarManager-Save.cs","157","public OASISResult<IAvatar> SaveAvatar(IAvatar avatar, AutoReplicationMode autoReplicationMode = AutoReplicationMode.UseGlobalDefaultInOASISDNA, AutoFailOverMode autoFailOverMode = AutoFailOverMode.UseGlobalDefaultInOASISDNA, AutoLoadBalanceMode autoLoadBalanceMode = AutoLoadBalanceMode.UseGlobalDefaultInOASISDNA, bool waitForAutoReplicationResult = false, ProviderType providerType = ProviderType.Default)","True","ModeAwareLegacyAndV2Boundary"
"OASIS Architecture/NextGenSoftware.OASIS.API.Core/Managers/AvatarManager/AvatarManager-Save.cs","293","public OASISResult<IAvatarDetail> SaveAvatarDetail(IAvatarDetail avatar, AutoReplicationMode autoReplicationMode = AutoReplicationMode.UseGlobalDefaultInOASISDNA, AutoFailOverMode autoFailOverMode = AutoFailOverMode.UseGlobalDefaultInOASISDNA, AutoLoadBalanceMode autoLoadBalanceMode = AutoLoadBalanceMode.UseGlobalDefaultInOASISDNA, bool waitForAutoReplicationResult = false, ProviderType providerType = ProviderType.Default)","True","ModeAwareLegacyAndV2Boundary"
"OASIS Architecture/NextGenSoftware.OASIS.API.Core/Managers/AvatarManager/AvatarManager-Save.cs","363","public async Task<OASISResult<IAvatarDetail>> SaveAvatarDetailAsync(IAvatarDetail avatar, AutoReplicationMode autoReplicationMode = AutoReplicationMode.UseGlobalDefaultInOASISDNA, AutoFailOverMode autoFailOverMode = AutoFailOverMode.UseGlobalDefaultInOASISDNA, AutoLoadBalanceMode autoLoadBalanceMode = AutoLoadBalanceMode.UseGlobalDefaultInOASISDNA, bool waitForAutoReplicationResult = false, ProviderType providerType = ProviderType.Default)","True","ModeAwareLegacyAndV2Boundary"
"OASIS Architecture/NextGenSoftware.OASIS.API.Core/Managers/AvatarManager/AvatarManager-SaveLoadData.cs","12","public OASISResult<bool> SaveData(string key, string value, Guid avatarId, ProviderType providerType = ProviderType.Default, AutoReplicationMode autoReplicationMode = AutoReplicationMode.UseGlobalDefaultInOASISDNA, AutoFailOverMode autoFailOverMode = AutoFailOverMode.UseGlobalDefaultInOASISDNA, AutoLoadBalanceMode autoLoadBalanceMode = AutoLoadBalanceMode.UseGlobalDefaultInOASISDNA, bool waitForAutoReplicationResult = false)","True","ModeAwareLegacyAndV2Boundary"
"OASIS Architecture/NextGenSoftware.OASIS.API.Core/Managers/AvatarManager/AvatarManager-SaveLoadData.cs","39","public async Task<OASISResult<bool>> SaveDataAsync(string key, string value, Guid avatarId, ProviderType providerType = ProviderType.Default, AutoReplicationMode autoReplicationMode = AutoReplicationMode.UseGlobalDefaultInOASISDNA, AutoFailOverMode autoFailOverMode = AutoFailOverMode.UseGlobalDefaultInOASISDNA, AutoLoadBalanceMode autoLoadBalanceMode = AutoLoadBalanceMode.UseGlobalDefaultInOASISDNA, bool waitForAutoReplicationResult = false)","True","ModeAwareLegacyAndV2Boundary"
"OASIS Architecture/NextGenSoftware.OASIS.API.Core/Managers/AvatarManager/AvatarManager-SaveLoadData.cs","66","public OASISResult<string> LoadData(string key, Guid avatarId, ProviderType providerType = ProviderType.Default, AutoReplicationMode autoReplicationMode = AutoReplicationMode.UseGlobalDefaultInOASISDNA, AutoFailOverMode autoFailOverMode = AutoFailOverMode.UseGlobalDefaultInOASISDNA, AutoLoadBalanceMode autoLoadBalanceMode = AutoLoadBalanceMode.UseGlobalDefaultInOASISDNA, bool waitForAutoReplicationResult = false)","True","ModeAwareLegacyAndV2Boundary"
"OASIS Architecture/NextGenSoftware.OASIS.API.Core/Managers/AvatarManager/AvatarManager-SaveLoadData.cs","85","public async Task<OASISResult<string>> LoadDataAsync(string key, Guid avatarId, ProviderType providerType = ProviderType.Default, AutoReplicationMode autoReplicationMode = AutoReplicationMode.UseGlobalDefaultInOASISDNA, AutoFailOverMode autoFailOverMode = AutoFailOverMode.UseGlobalDefaultInOASISDNA, AutoLoadBalanceMode autoLoadBalanceMode = AutoLoadBalanceMode.UseGlobalDefaultInOASISDNA, bool waitForAutoReplicationResult = false)","True","ModeAwareLegacyAndV2Boundary"
"OASIS Architecture/NextGenSoftware.OASIS.API.Core/Managers/AvatarManager/AvatarManager-SaveUtils.cs","25","public async Task<OASISResult<IAvatar>> SaveAvatarForProviderAsync(IAvatar avatar, OASISResult<IAvatar> result, SaveMode saveMode, ProviderType providerType = ProviderType.Default)","True","ModeAwareLegacyAndV2Boundary"
"OASIS Architecture/NextGenSoftware.OASIS.API.Core/Managers/AvatarManager/AvatarManager-SaveUtils.cs","769","public async Task<OASISResult<IAvatar>> CallOASISProviderMethodAsync(IAvatar avatar, ProviderType providerType = ProviderType.Default)","True","ModeAwareLegacyAndV2Boundary"
"OASIS Architecture/NextGenSoftware.OASIS.API.Core/Managers/AvatarManager/AvatarManager-Session.cs","30","public async Task<OASISResult<AvatarSessionManagement>> GetAvatarSessionsAsync(Guid avatarId)","True","ModeAwareLegacyAndV2Boundary"
"OASIS Architecture/NextGenSoftware.OASIS.API.Core/Managers/AvatarManager/AvatarManager-Session.cs","102","public async Task<OASISResult<bool>> LogoutAvatarSessionsAsync(Guid avatarId, List<string> sessionIds)","True","ModeAwareLegacyAndV2Boundary"
"OASIS Architecture/NextGenSoftware.OASIS.API.Core/Managers/AvatarManager/AvatarManager-Session.cs","127","public async Task<OASISResult<bool>> LogoutAllAvatarSessionsAsync(Guid avatarId)","True","ModeAwareLegacyAndV2Boundary"
"OASIS Architecture/NextGenSoftware.OASIS.API.Core/Managers/AvatarManager/AvatarManager-Session.cs","153","public async Task<OASISResult<AvatarSession>> CreateAvatarSessionAsync(Guid avatarId, CreateSessionRequest sessionData)","True","ModeAwareLegacyAndV2Boundary"
"OASIS Architecture/NextGenSoftware.OASIS.API.Core/Managers/AvatarManager/AvatarManager-Session.cs","207","public async Task<OASISResult<AvatarSession>> UpdateAvatarSessionAsync(Guid avatarId, string sessionId, UpdateSessionRequest sessionData)","True","ModeAwareLegacyAndV2Boundary"
"OASIS Architecture/NextGenSoftware.OASIS.API.Core/Managers/AvatarManager/AvatarManager-Session.cs","260","public async Task<OASISResult<AvatarSessionStats>> GetAvatarSessionStatsAsync(Guid avatarId)","True","ModeAwareLegacyAndV2Boundary"
"OASIS Architecture/NextGenSoftware.OASIS.API.Core/Managers/AvatarManager/AvatarManager-Session.cs","303","public OASISResult<IAvatar> RefreshToken(string token, string ipAddress)","True","ModeAwareLegacyAndV2Boundary"
"OASIS Architecture/NextGenSoftware.OASIS.API.Core/Managers/AvatarManager/AvatarManager-Session.cs","353","public OASISResult<string> RevokeToken(string token, string ipAddress)","True","ModeAwareLegacyAndV2Boundary"
"OASIS Architecture/NextGenSoftware.OASIS.API.Core/Managers/AvatarManager/AvatarManager-Session.cs","391","public OASISResult<string> ValidateAccountToken(string accountToken)","True","ModeAwareLegacyAndV2Boundary"
"OASIS Architecture/NextGenSoftware.OASIS.API.Core/Managers/AvatarManager/AvatarManager-Session.cs","423","public OASISResult<string> ValidateResetToken(string token)","True","ModeAwareLegacyAndV2Boundary"
"OASIS Architecture/NextGenSoftware.OASIS.API.Core/Managers/AvatarManager/AvatarManager-Update.cs","11","public async Task<OASISResult<IAvatarDetail>> UpdateAvatarDetailAsync(Guid id, IAvatarDetail avatarDetail, bool appendChildObjects = false)","True","ModeAwareLegacyAndV2Boundary"
"OASIS Architecture/NextGenSoftware.OASIS.API.Core/Managers/AvatarManager/AvatarManager-Update.cs","26","public async Task<OASISResult<IAvatarDetail>> UpdateAvatarDetailByEmailAsync(string email, IAvatarDetail avatarDetail, bool appendChildObjects = false)","True","ModeAwareLegacyAndV2Boundary"
"OASIS Architecture/NextGenSoftware.OASIS.API.Core/Managers/AvatarManager/AvatarManager-Update.cs","41","public async Task<OASISResult<IAvatarDetail>> UpdateAvatarDetailByUsernameAsync(string username, IAvatarDetail avatarDetail, bool appendChildObjects = false)","True","ModeAwareLegacyAndV2Boundary"
"OASIS Architecture/NextGenSoftware.OASIS.API.Core/Managers/Bridge/Bridges/StarknetBridge.cs","30","public async Task<OASISResult<decimal>> GetAccountBalanceAsync(string accountAddress, CancellationToken token = default)","False","LocalOrchestration"
"OASIS Architecture/NextGenSoftware.OASIS.API.Core/Managers/Bridge/Bridges/StarknetBridge.cs","150","public async Task<OASISResult<BridgeTransactionResponse>> WithdrawAsync(decimal amount, string senderAccountAddress, string senderPrivateKey)","False","LocalOrchestration"
"OASIS Architecture/NextGenSoftware.OASIS.API.Core/Managers/Bridge/Bridges/StarknetBridge.cs","201","public async Task<OASISResult<BridgeTransactionResponse>> DepositAsync(decimal amount, string receiverAccountAddress)","False","LocalOrchestration"
"OASIS Architecture/NextGenSoftware.OASIS.API.Core/Managers/Bridge/Bridges/StarknetBridge.cs","234","public Task<OASISResult<BridgeTransactionStatus>> GetTransactionStatusAsync(string transactionHash, CancellationToken token = default)","False","LocalOrchestration"
"OASIS Architecture/NextGenSoftware.OASIS.API.Core/Managers/Bridge/CrossChainBridgeManager.cs","104","public async Task<OASISResult<CreateBridgeOrderResponse>> CreateBridgeOrderAsync( CreateBridgeOrderRequest request, CancellationToken token = default)","False","LocalOrchestration"
"OASIS Architecture/NextGenSoftware.OASIS.API.Core/Managers/Bridge/CrossChainBridgeManager.cs","441","public async Task<OASISResult<BridgeOrderBalanceResponse>> CheckOrderBalanceAsync( Guid orderId, CancellationToken token = default)","False","LocalOrchestration"
"OASIS Architecture/NextGenSoftware.OASIS.API.Core/Managers/Bridge/CrossChainBridgeManager.cs","579","public async Task<OASISResult<decimal>> GetExchangeRateAsync( string fromToken, string toToken, CancellationToken token = default)","False","LocalOrchestration"
"OASIS Architecture/NextGenSoftware.OASIS.API.Core/Managers/Bridge/CrossChainBridgeManager.cs","753","public async Task<OASISResult<bool>> RecordViewingKeyAsync(ViewingKeyAuditEntry entry, CancellationToken token = default)","False","LocalOrchestration"
"OASIS Architecture/NextGenSoftware.OASIS.API.Core/Managers/Bridge/CrossChainBridgeManager.cs","775","public async Task<OASISResult<bool>> VerifyProofAsync(string proofPayload, string proofType, CancellationToken token = default)","False","LocalOrchestration"
"OASIS Architecture/NextGenSoftware.OASIS.API.Core/Managers/Bridge/CrossChainBridgeManager.cs","802","public async Task<OASISResult<CreateBridgeOrderResponse>> CreateNFTBridgeOrderAsync( CreateNFTBridgeOrderRequest request, CancellationToken token = default)","True","ExplicitProviderNativeOrAdministrative"
"OASIS Architecture/NextGenSoftware.OASIS.API.Core/Managers/Bridge/Database/IBridgeOrderRepository.cs","199","public decimal SuccessRate => TotalOrders > 0 ? (decimal)","False","LocalOrchestration"
"OASIS Architecture/NextGenSoftware.OASIS.API.Core/Managers/Bridge/Database/SqlServerBridgeOrderRepository.cs","24","public async Task<OASISResult<Guid>> CreateOrderAsync( CreateBridgeOrderRequest request, CancellationToken token = default)","False","LocalOrchestration"
"OASIS Architecture/NextGenSoftware.OASIS.API.Core/Managers/Bridge/Database/SqlServerBridgeOrderRepository.cs","75","public async Task<OASISResult<BridgeOrder>> GetOrderByIdAsync( Guid orderId, CancellationToken token = default)","False","LocalOrchestration"
"OASIS Architecture/NextGenSoftware.OASIS.API.Core/Managers/Bridge/Database/SqlServerBridgeOrderRepository.cs","121","public async Task<OASISResult<IEnumerable<BridgeOrder>>> GetOrdersByUserIdAsync( Guid userId, int pageNumber = 1, int pageSize = 50, CancellationToken token = default)","False","LocalOrchestration"
"OASIS Architecture/NextGenSoftware.OASIS.API.Core/Managers/Bridge/Database/SqlServerBridgeOrderRepository.cs","164","public async Task<OASISResult<bool>> UpdateOrderStatusAsync( Guid orderId, string status, string errorMessage = null, CancellationToken token = default)","False","LocalOrchestration"
"OASIS Architecture/NextGenSoftware.OASIS.API.Core/Managers/Bridge/Database/SqlServerBridgeOrderRepository.cs","205","public async Task<OASISResult<bool>> UpdateWithdrawTransactionAsync( Guid orderId, string transactionId, DateTime? completedAt = null, CancellationToken token = default)","False","LocalOrchestration"
"OASIS Architecture/NextGenSoftware.OASIS.API.Core/Managers/Bridge/Database/SqlServerBridgeOrderRepository.cs","248","public async Task<OASISResult<bool>> UpdateDepositTransactionAsync( Guid orderId, string transactionId, DateTime? completedAt = null, CancellationToken token = default)","False","LocalOrchestration"
"OASIS Architecture/NextGenSoftware.OASIS.API.Core/Managers/Bridge/Database/SqlServerBridgeOrderRepository.cs","291","public async Task<OASISResult<bool>> CompleteOrderAsync( Guid orderId, CancellationToken token = default)","False","LocalOrchestration"
"OASIS Architecture/NextGenSoftware.OASIS.API.Core/Managers/Bridge/Database/SqlServerBridgeOrderRepository.cs","298","public async Task<OASISResult<bool>> FailOrderAsync( Guid orderId, string reason, CancellationToken token = default)","False","LocalOrchestration"
"OASIS Architecture/NextGenSoftware.OASIS.API.Core/Managers/Bridge/Database/SqlServerBridgeOrderRepository.cs","342","public async Task<OASISResult<bool>> RollbackOrderAsync( Guid orderId, string reason, CancellationToken token = default)","False","LocalOrchestration"
"OASIS Architecture/NextGenSoftware.OASIS.API.Core/Managers/Bridge/Database/SqlServerBridgeOrderRepository.cs","385","public async Task<OASISResult<Guid>> RecordBalanceCheckAsync( Guid orderId, string chainType, string chain, string address, decimal? balanceBefore, decimal? balanceAfter, bool isSufficient, CancellationToken token = default)","False","LocalOrchestration"
"OASIS Architecture/NextGenSoftware.OASIS.API.Core/Managers/Bridge/Database/SqlServerBridgeOrderRepository.cs","446","public async Task<OASISResult<IEnumerable<BridgeOrder>>> GetActiveOrdersAsync( CancellationToken token = default)","False","LocalOrchestration"
"OASIS Architecture/NextGenSoftware.OASIS.API.Core/Managers/Bridge/Database/SqlServerBridgeOrderRepository.cs","488","public async Task<OASISResult<IEnumerable<BridgeOrder>>> GetExpiredOrdersAsync( CancellationToken token = default)","False","LocalOrchestration"
"OASIS Architecture/NextGenSoftware.OASIS.API.Core/Managers/Bridge/Database/SqlServerBridgeOrderRepository.cs","534","public async Task<OASISResult<Guid>> LogTransactionEventAsync( Guid orderId, string logLevel, string eventType, string message, string transactionId = null, string chain = null, CancellationToken token = default)","False","LocalOrchestration"
"OASIS Architecture/NextGenSoftware.OASIS.API.Core/Managers/Bridge/Database/SqlServerBridgeOrderRepository.cs","586","public async Task<OASISResult<Guid>> RecordExchangeRateAsync( string fromToken, string toToken, decimal rate, string source, int validForMinutes = 5, CancellationToken token = default)","False","LocalOrchestration"
"OASIS Architecture/NextGenSoftware.OASIS.API.Core/Managers/Bridge/Database/SqlServerBridgeOrderRepository.cs","628","public async Task<OASISResult<decimal>> GetLatestExchangeRateAsync( string fromToken, string toToken, CancellationToken token = default)","False","LocalOrchestration"
"OASIS Architecture/NextGenSoftware.OASIS.API.Core/Managers/Bridge/Database/SqlServerBridgeOrderRepository.cs","675","public async Task<OASISResult<UserBridgeOrderStats>> GetUserStatsAsync( Guid userId, CancellationToken token = default)","False","LocalOrchestration"
"OASIS Architecture/NextGenSoftware.OASIS.API.Core/Managers/Bridge/Services/CoinGeckoExchangeRateService.cs","59","public async Task<OASISResult<decimal>> GetExchangeRateAsync( string fromToken, string toToken, CancellationToken token = default)","False","LocalOrchestration"
"OASIS Architecture/NextGenSoftware.OASIS.API.Core/Managers/Bridge/Services/CoinGeckoExchangeRateService.cs","164","public void AddTokenMapping(string tokenSymbol, string coinGeckoId)","False","LocalOrchestration"
"OASIS Architecture/NextGenSoftware.OASIS.API.Core/Managers/Bridge/Services/CoinGeckoExchangeRateService.cs","172","public void ClearCache()","False","LocalOrchestration"
"OASIS Architecture/NextGenSoftware.OASIS.API.Core/Managers/Bridge/Services/MpcExecutionService.cs","11","public Task<OASISResult<string>> StartMpcSessionAsync(string fromChain, string toChain, decimal amount, CancellationToken token = default)","False","LocalOrchestration"
"OASIS Architecture/NextGenSoftware.OASIS.API.Core/Managers/Bridge/Services/ProofVerificationService.cs","19","public Task<OASISResult<bool>> VerifyProofAsync(string proofPayload, string proofType, CancellationToken token = default)","False","LocalOrchestration"
"OASIS Architecture/NextGenSoftware.OASIS.API.Core/Managers/Bridge/Services/ProofVerificationService.cs","32","public Task<OASISResult<bool>> VerifyBridgeCommitmentAsync(string sourceTxId, string destinationTxId, string proofPayload, CancellationToken token = default)","False","LocalOrchestration"
"OASIS Architecture/NextGenSoftware.OASIS.API.Core/Managers/Bridge/Services/ViewingKeyAuditService.cs","24","public virtual async Task RecordViewingKeyAsync(ViewingKeyAuditEntry entry, CancellationToken token = default)","True","CoveredManagerDelegation"
"OASIS Architecture/NextGenSoftware.OASIS.API.Core/Managers/Bridge/Starknet/StarknetRpcClient.cs","46","public async Task<OASISResult<long>> GetBlockNumberAsync()","False","LocalOrchestration"
"OASIS Architecture/NextGenSoftware.OASIS.API.Core/Managers/Bridge/Starknet/StarknetRpcClient.cs","58","public async Task<OASISResult<decimal>> GetBalanceAsync(string accountAddress)","False","LocalOrchestration"
"OASIS Architecture/NextGenSoftware.OASIS.API.Core/Managers/Bridge/Starknet/StarknetRpcClient.cs","94","public async Task<OASISResult<string>> SubmitTransactionAsync(StarknetTransactionPayload payload)","False","LocalOrchestration"
"OASIS Architecture/NextGenSoftware.OASIS.API.Core/Managers/Bridge/Starknet/StarknetRpcClient.cs","170","public async Task<OASISResult<BridgeTransactionStatus>> GetTransactionStatusAsync(string transactionHash)","False","LocalOrchestration"
"OASIS Architecture/NextGenSoftware.OASIS.API.Core/Managers/BridgeManager.cs","135","public async Task<OASISResult<CreateBridgeOrderResponse>> CreateBridgeOrderAsync( CreateBridgeOrderRequest request, CancellationToken token = default)","False","LocalOrchestration"
"OASIS Architecture/NextGenSoftware.OASIS.API.Core/Managers/BridgeManager.cs","163","public async Task<OASISResult<BridgeOrderBalanceResponse>> CheckOrderBalanceAsync( Guid orderId, CancellationToken token = default)","False","LocalOrchestration"
"OASIS Architecture/NextGenSoftware.OASIS.API.Core/Managers/BridgeManager.cs","191","public async Task<OASISResult<decimal>> GetExchangeRateAsync( string fromToken, string toToken, CancellationToken token = default)","False","LocalOrchestration"
"OASIS Architecture/NextGenSoftware.OASIS.API.Core/Managers/BridgeManager.cs","220","public async Task<OASISResult<bool>> RecordViewingKeyAsync( ViewingKeyAuditEntry entry, CancellationToken token = default)","False","LocalOrchestration"
"OASIS Architecture/NextGenSoftware.OASIS.API.Core/Managers/BridgeManager.cs","248","public async Task<OASISResult<bool>> VerifyProofAsync( string proofPayload, string proofType, CancellationToken token = default)","False","LocalOrchestration"
"OASIS Architecture/NextGenSoftware.OASIS.API.Core/Managers/BridgeManager.cs","277","public IOASISBlockchainStorageProvider GetBridgeProvider(string tokenSymbol)","True","ExplicitProviderNativeOrAdministrative"
"OASIS Architecture/NextGenSoftware.OASIS.API.Core/Managers/BridgeManager.cs","289","public async Task<OASISResult<CreateBridgeOrderResponse>> CreateNFTBridgeOrderAsync( CreateNFTBridgeOrderRequest request, CancellationToken token = default)","True","ExplicitProviderNativeOrAdministrative"
"OASIS Architecture/NextGenSoftware.OASIS.API.Core/Managers/BridgeManager.cs","328","public async Task<OASISResult<decimal>> GetAccountBalanceAsync(string accountAddress, CancellationToken token = default)","False","LocalOrchestration"
"OASIS Architecture/NextGenSoftware.OASIS.API.Core/Managers/BridgeManager.cs","389","public async Task<OASISResult<BridgeTransactionResponse>> WithdrawAsync(decimal amount, string senderAccountAddress, string senderPrivateKey)","False","LocalOrchestration"
"OASIS Architecture/NextGenSoftware.OASIS.API.Core/Managers/BridgeManager.cs","394","public async Task<OASISResult<BridgeTransactionResponse>> DepositAsync(decimal amount, string receiverAccountAddress)","False","LocalOrchestration"
"OASIS Architecture/NextGenSoftware.OASIS.API.Core/Managers/BridgeManager.cs","399","public async Task<OASISResult<BridgeTransactionStatus>> GetTransactionStatusAsync(string transactionHash, CancellationToken token = default)","False","LocalOrchestration"
"OASIS Architecture/NextGenSoftware.OASIS.API.Core/Managers/BridgeManager.cs","404","public async Task<OASISResult<BridgeTransactionResponse>> WithdrawNFTAsync(string nftTokenAddress, string tokenId, string senderAccountAddress, string senderPrivateKey)","True","ExplicitProviderNativeOrAdministrative"
"OASIS Architecture/NextGenSoftware.OASIS.API.Core/Managers/BridgeManager.cs","416","public async Task<OASISResult<BridgeTransactionResponse>> DepositNFTAsync(string nftTokenAddress, string tokenId, string receiverAccountAddress, string sourceTransactionHash = null)","True","ExplicitProviderNativeOrAdministrative"
"OASIS Architecture/NextGenSoftware.OASIS.API.Core/Managers/ChatManager.cs","63","public async Task<OASISResult<string>> StartNewChatSessionAsync(List<Guid> participantIds, string sessionName = null)","True","CoveredManagerDelegation"
"OASIS Architecture/NextGenSoftware.OASIS.API.Core/Managers/ChatManager.cs","144","public async Task<OASISResult<string>> SendMessageAsync(string sessionId, Guid senderId, string message, MessageType messageType = MessageType.Text)","True","CoveredManagerDelegation"
"OASIS Architecture/NextGenSoftware.OASIS.API.Core/Managers/ChatManager.cs","272","public async Task<OASISResult<List<ChatMessage>>> GetChatHistoryAsync(string sessionId, int limit = 50, int offset = 0)","False","LocalOrchestration"
"OASIS Architecture/NextGenSoftware.OASIS.API.Core/Managers/ChatManager.cs","311","public async Task<OASISResult<List<ChatSession>>> GetActiveSessionsAsync(Guid avatarId)","True","CoveredManagerDelegation"
"OASIS Architecture/NextGenSoftware.OASIS.API.Core/Managers/ChatManager.cs","356","public async Task<OASISResult<bool>> EndChatSessionAsync(string sessionId, Guid endedById)","True","CoveredManagerDelegation"
"OASIS Architecture/NextGenSoftware.OASIS.API.Core/Managers/ChatManager.cs","474","public async Task<OASISResult<Dictionary<string, object>>> GetChatStatsAsync(Guid avatarId)","True","CoveredManagerDelegation"
"OASIS Architecture/NextGenSoftware.OASIS.API.Core/Managers/ClanManager.cs","52","public async Task<OASISResult<bool>> SendItemToClanAtomicAsync(Guid senderAvatarId, Guid clanId, string itemName, int quantity, Guid operationId, Guid destinationInventoryItemId, Guid? itemId = null, ProviderType providerType = ProviderType.Default, System.Threading.CancellationToken cancellationToken = default)","True","CoveredManagerDelegation"
"OASIS Architecture/NextGenSoftware.OASIS.API.Core/Managers/ClanManager.cs","150","public async Task<OASISResult<IClan>> CreateClanAsync(Guid ownerAvatarId, string name, string description = null, ProviderType providerType = ProviderType.Default)","True","CoveredManagerDelegation"
"OASIS Architecture/NextGenSoftware.OASIS.API.Core/Managers/ClanManager.cs","199","public async Task<OASISResult<IClan>> UpdateClanAsync(IClan clan, ProviderType providerType = ProviderType.Default)","True","CoveredManagerDelegation"
"OASIS Architecture/NextGenSoftware.OASIS.API.Core/Managers/ClanManager.cs","231","public async Task<OASISResult<IClan>> LoadClanAsync(Guid clanId, ProviderType providerType = ProviderType.Default)","True","CoveredManagerDelegation"
"OASIS Architecture/NextGenSoftware.OASIS.API.Core/Managers/ClanManager.cs","255","public async Task<OASISResult<IClan>> LoadClanByNameAsync(string name, ProviderType providerType = ProviderType.Default)","True","CoveredManagerDelegation"
"OASIS Architecture/NextGenSoftware.OASIS.API.Core/Managers/ClanManager.cs","294","public async Task<OASISResult<IEnumerable<IClan>>> ListClansAsync(Guid? ownerAvatarId = null, ProviderType providerType = ProviderType.Default)","True","CoveredManagerDelegation"
"OASIS Architecture/NextGenSoftware.OASIS.API.Core/Managers/ClanManager.cs","320","public async Task<OASISResult<bool>> DeleteClanAsync(Guid clanId, ProviderType providerType = ProviderType.Default)","True","CoveredManagerDelegation"
"OASIS Architecture/NextGenSoftware.OASIS.API.Core/Managers/ClanManager.cs","346","public async Task<OASISResult<bool>> SendItemToClanAsync(Guid senderAvatarId, Guid clanId, string itemName, int quantity = 1, Guid? itemId = null, ProviderType providerType = ProviderType.Default)","True","CoveredManagerDelegation"
"OASIS Architecture/NextGenSoftware.OASIS.API.Core/Managers/ClanManager.cs","445","public async Task<OASISResult<bool>> AddAvatarToClanAsync(Guid clanId, Guid avatarId, ProviderType providerType = ProviderType.Default)","False","LocalOrchestration"
"OASIS Architecture/NextGenSoftware.OASIS.API.Core/Managers/ClanManager.cs","481","public async Task<OASISResult<bool>> RemoveAvatarFromClanAsync(Guid clanId, Guid avatarId, ProviderType providerType = ProviderType.Default)","False","LocalOrchestration"
"OASIS Architecture/NextGenSoftware.OASIS.API.Core/Managers/ClanManager.cs","522","public async Task<OASISResult<IEnumerable<Guid>>> GetClanMembersAsync(Guid clanId, ProviderType providerType = ProviderType.Default)","False","LocalOrchestration"
"OASIS Architecture/NextGenSoftware.OASIS.API.Core/Managers/ClanManager.cs","633","public static ClanPersistentInventoryItem ToPersistentInventoryItem(IInventoryItem item)","False","LocalOrchestration"
"OASIS Architecture/NextGenSoftware.OASIS.API.Core/Managers/ClanManager.cs","659","public static InventoryItem FromPersistentInventoryItem(ClanPersistentInventoryItem item)","False","LocalOrchestration"
"OASIS Architecture/NextGenSoftware.OASIS.API.Core/Managers/CompetitionManager.cs","58","public async Task<OASISResult<List<LeaderboardEntry>>> GetLeaderboardAsync(CompetitionType competitionType, SeasonType seasonType, int limit = 100, int offset = 0)","False","LocalOrchestration"
"OASIS Architecture/NextGenSoftware.OASIS.API.Core/Managers/CompetitionManager.cs","88","public async Task<OASISResult<LeaderboardEntry>> GetAvatarRankAsync(Guid avatarId, CompetitionType competitionType, SeasonType seasonType)","True","CoveredManagerDelegation"
"OASIS Architecture/NextGenSoftware.OASIS.API.Core/Managers/CompetitionManager.cs","137","public async Task<OASISResult<bool>> UpdateAvatarScoreAsync(Guid avatarId, CompetitionType competitionType, SeasonType seasonType, long scoreChange, Dictionary<string, object> additionalStats = null)","True","CoveredManagerDelegation"
"OASIS Architecture/NextGenSoftware.OASIS.API.Core/Managers/CompetitionManager.cs","193","public OASISResult<bool> UpdateAvatarScore(Guid avatarId, CompetitionType competitionType, SeasonType seasonType, long scoreChange, Dictionary<string, object> additionalStats = null)","True","CoveredManagerDelegation"
"OASIS Architecture/NextGenSoftware.OASIS.API.Core/Managers/CompetitionManager.cs","250","public async Task<OASISResult<List<League>>> GetAvailableLeaguesAsync(CompetitionType competitionType, SeasonType seasonType)","False","LocalOrchestration"
"OASIS Architecture/NextGenSoftware.OASIS.API.Core/Managers/CompetitionManager.cs","302","public async Task<OASISResult<League>> GetAvatarLeagueAsync(Guid avatarId, CompetitionType competitionType, SeasonType seasonType)","False","LocalOrchestration"
"OASIS Architecture/NextGenSoftware.OASIS.API.Core/Managers/CompetitionManager.cs","350","public async Task<OASISResult<Tournament>> SaveTournamentAsync(Tournament tournament)","False","LocalOrchestration"
"OASIS Architecture/NextGenSoftware.OASIS.API.Core/Managers/CompetitionManager.cs","408","public async Task<OASISResult<List<Tournament>>> GetActiveTournamentsAsync(CompetitionType competitionType = CompetitionType.Karma)","False","LocalOrchestration"
"OASIS Architecture/NextGenSoftware.OASIS.API.Core/Managers/CompetitionManager.cs","432","public async Task<OASISResult<bool>> JoinTournamentAsync(Guid avatarId, Guid tournamentId)","True","CoveredManagerDelegation"
"OASIS Architecture/NextGenSoftware.OASIS.API.Core/Managers/EggsManager.cs","57","public async Task<OASISResult<List<Egg>>> GetAllEggsAsync(Guid avatarId)","True","CoveredManagerDelegation"
"OASIS Architecture/NextGenSoftware.OASIS.API.Core/Managers/EggsManager.cs","95","public async Task<OASISResult<List<EggQuest>>> GetCurrentEggQuestsAsync(Guid avatarId)","False","LocalOrchestration"
"OASIS Architecture/NextGenSoftware.OASIS.API.Core/Managers/EggsManager.cs","120","public async Task<OASISResult<List<EggQuestLeaderboard>>> GetCurrentEggQuestLeaderboardAsync(Guid avatarId)","False","LocalOrchestration"
"OASIS Architecture/NextGenSoftware.OASIS.API.Core/Managers/EggsManager.cs","145","public async Task<OASISResult<Egg>> HatchEggAsync(Guid avatarId, Guid eggId)","False","LocalOrchestration"
"OASIS Architecture/NextGenSoftware.OASIS.API.Core/Managers/EggsManager.cs","197","public async Task<OASISResult<Egg>> DiscoverEggAsync(Guid avatarId, EggType eggType, string name, Guid locationId, string location, EggDiscoveryMethod discoveryMethod, EggRarity rarity = EggRarity.Common)","False","LocalOrchestration"
"OASIS Architecture/NextGenSoftware.OASIS.API.Core/Managers/EggsManager.cs","258","public async Task<OASISResult<Egg>> DiscoverEggFromQuestAsync(Guid avatarId, Guid questId, EggType eggType, string name, EggRarity rarity = EggRarity.Rare, int rarityLevel = 3)","False","LocalOrchestration"
"OASIS Architecture/NextGenSoftware.OASIS.API.Core/Managers/EggsManager.cs","300","public async Task<OASISResult<Egg>> DiscoverEggFromPuzzleAsync(Guid avatarId, string puzzleName, EggType eggType, string name, EggRarity rarity = EggRarity.Epic, int rarityLevel = 5)","False","LocalOrchestration"
"OASIS Architecture/NextGenSoftware.OASIS.API.Core/Managers/EggsManager.cs","342","public async Task<OASISResult<Egg>> DiscoverHiddenEggAsync(Guid avatarId, string secretLocation, EggType eggType, string name, EggRarity rarity = EggRarity.Legendary, int rarityLevel = 8)","False","LocalOrchestration"
"OASIS Architecture/NextGenSoftware.OASIS.API.Core/Managers/EggsManager.cs","525","public async Task<OASISResult<Dictionary<string, object>>> GetEggCollectionStatsAsync(Guid avatarId)","True","CoveredManagerDelegation"
"OASIS Architecture/NextGenSoftware.OASIS.API.Core/Managers/EmailManager.cs","54","public static string ResolveResendKey(OASISDNA OASISDNA)","True","ExplicitExternalTransport"
"OASIS Architecture/NextGenSoftware.OASIS.API.Core/Managers/EmailManager.cs","75","public static bool IsEmailConfigured(OASISDNA OASISDNA)","True","ExplicitExternalTransport"
"OASIS Architecture/NextGenSoftware.OASIS.API.Core/Managers/EmailManager.cs","82","public static void Initialize(OASISDNA OASISDNA)","True","ExplicitExternalTransport"
"OASIS Architecture/NextGenSoftware.OASIS.API.Core/Managers/EmailManager.cs","109","public static async Task SendAsync(string to, string subject, string html, string from = null)","True","ExplicitExternalTransport"
"OASIS Architecture/NextGenSoftware.OASIS.API.Core/Managers/EmailManager.cs","128","public static void Send(string to, string subject, string html, string from = null)","True","ExplicitExternalTransport"
"OASIS Architecture/NextGenSoftware.OASIS.API.Core/Managers/EmailManager.NetStandard.cs","24","public static void Initialize(OASISDNA oasisDna)","True","ExplicitExternalTransport"
"OASIS Architecture/NextGenSoftware.OASIS.API.Core/Managers/EmailManager.NetStandard.cs","32","public static async Task SendAsync(string to, string subject, string html, string from = null)","True","ExplicitExternalTransport"
"OASIS Architecture/NextGenSoftware.OASIS.API.Core/Managers/EmailManager.NetStandard.cs","55","public static void Send(string to, string subject, string html, string from = null)","True","ExplicitExternalTransport"
"OASIS Architecture/NextGenSoftware.OASIS.API.Core/Managers/FilesManager.cs","44","public async Task<OASISResult<List<StoredFile>>> GetAllFilesForAvatarAsync(Guid avatarId)","True","CoveredManagerDelegation"
"OASIS Architecture/NextGenSoftware.OASIS.API.Core/Managers/FilesManager.cs","86","public async Task<OASISResult<StoredFile>> UploadFileAsync(Guid avatarId, string fileName, byte[] fileData, string contentType, Dictionary<string, object> metadata = null)","True","CoveredManagerDelegation"
"OASIS Architecture/NextGenSoftware.OASIS.API.Core/Managers/FilesManager.cs","135","public async Task<OASISResult<FileDownload>> DownloadFileAsync(Guid avatarId, Guid fileId)","True","CoveredManagerDelegation"
"OASIS Architecture/NextGenSoftware.OASIS.API.Core/Managers/FilesManager.cs","187","public async Task<OASISResult<bool>> DeleteFileAsync(Guid avatarId, Guid fileId)","True","CoveredManagerDelegation"
"OASIS Architecture/NextGenSoftware.OASIS.API.Core/Managers/FilesManager.cs","213","public async Task<OASISResult<StoredFile>> GetFileMetadataAsync(Guid avatarId, Guid fileId)","True","CoveredManagerDelegation"
"OASIS Architecture/NextGenSoftware.OASIS.API.Core/Managers/FilesManager.cs","237","public async Task<OASISResult<bool>> UpdateFileMetadataAsync(Guid avatarId, Guid fileId, Dictionary<string, object> metadata)","True","CoveredManagerDelegation"
"OASIS Architecture/NextGenSoftware.OASIS.API.Core/Managers/GiftsManager.cs","52","public async Task<OASISResult<List<Gift>>> GetAllGiftsAsync(Guid avatarId)","False","LocalOrchestration"
"OASIS Architecture/NextGenSoftware.OASIS.API.Core/Managers/GiftsManager.cs","75","public async Task<OASISResult<Gift>> SendGiftAsync(Guid fromAvatarId, Guid toAvatarId, GiftType giftType, string message = null, Dictionary<string, object> metadata = null)","True","CoveredManagerDelegation"
"OASIS Architecture/NextGenSoftware.OASIS.API.Core/Managers/GiftsManager.cs","133","public async Task<OASISResult<bool>> ReceiveGiftAsync(Guid avatarId, Guid giftId)","False","LocalOrchestration"
"OASIS Architecture/NextGenSoftware.OASIS.API.Core/Managers/GiftsManager.cs","169","public async Task<OASISResult<bool>> OpenGiftAsync(Guid avatarId, Guid giftId)","False","LocalOrchestration"
"OASIS Architecture/NextGenSoftware.OASIS.API.Core/Managers/GiftsManager.cs","205","public async Task<OASISResult<List<GiftTransaction>>> GetGiftHistoryAsync(Guid avatarId, int limit = 50, int offset = 0)","False","LocalOrchestration"
"OASIS Architecture/NextGenSoftware.OASIS.API.Core/Managers/GiftsManager.cs","279","public async Task<OASISResult<Dictionary<string, object>>> GetGiftStatsAsync(Guid avatarId)","True","CoveredManagerDelegation"
"OASIS Architecture/NextGenSoftware.OASIS.API.Core/Managers/HolonManager/HolonManager.cs","56","public void ClearCache()","True","ModeAwareLegacyAndV2Boundary"
"OASIS Architecture/NextGenSoftware.OASIS.API.Core/Managers/HolonManager/HolonManager.cs","75","public OASISResult<T> SendHolon<T>(Guid id, ProviderType sourceProviderType, ProviderType destinationProviderType, bool autoReplicate = false) where T : IHolon, new()","True","ModeAwareLegacyAndV2Boundary"
"OASIS Architecture/NextGenSoftware.OASIS.API.Core/Managers/HolonManager/HolonManager.cs","105","public async Task<OASISResult<IHolon>> AddHolonToCollectionAsync(IHolon parentHolon, IHolon holon, List<IHolon> holons, Guid avatarId, bool saveHolon = true, bool saveChildren = true, bool recursive = true, int maxChildDepth = 0, bool continueOnError = true, bool saveChildrenOnProvider = false, ProviderType providerType = ProviderType.Default)","True","ModeAwareLegacyAndV2Boundary"
"OASIS Architecture/NextGenSoftware.OASIS.API.Core/Managers/HolonManager/HolonManager.cs","377","public async Task<OASISResult<bool>> SaveSettingAsync<T>(Guid avatarId, string category, string key, T value)","True","ModeAwareLegacyAndV2Boundary"
"OASIS Architecture/NextGenSoftware.OASIS.API.Core/Managers/HolonManager/HolonManager.cs","412","public OASISResult<bool> SaveSetting<T>(Guid avatarId, string category, string key, T value)","True","ModeAwareLegacyAndV2Boundary"
"OASIS Architecture/NextGenSoftware.OASIS.API.Core/Managers/HolonManager/HolonManager.cs","450","public async Task<OASISResult<bool>> SaveSettingsAsync(Guid avatarId, string category, Dictionary<string, object> settings)","True","ModeAwareLegacyAndV2Boundary"
"OASIS Architecture/NextGenSoftware.OASIS.API.Core/Managers/HolonManager/HolonManager.cs","497","public OASISResult<bool> SaveSettings(Guid avatarId, string category, Dictionary<string, object> settings)","True","ModeAwareLegacyAndV2Boundary"
"OASIS Architecture/NextGenSoftware.OASIS.API.Core/Managers/HolonManager/HolonManager.cs","592","public async Task<OASISResult<T>> LoadSettingAsync<T>(Guid avatarId, string category, string key, T defaultValue = default(T))","True","ModeAwareLegacyAndV2Boundary"
"OASIS Architecture/NextGenSoftware.OASIS.API.Core/Managers/HolonManager/HolonManager.cs","630","public OASISResult<T> LoadSetting<T>(Guid avatarId, string category, string key, T defaultValue = default(T))","True","ModeAwareLegacyAndV2Boundary"
"OASIS Architecture/NextGenSoftware.OASIS.API.Core/Managers/HolonManager/HolonManager.cs","659","public async Task<OASISResult<Dictionary<string, object>>> GetAllSettingsAsync(Guid avatarId, string category)","True","ModeAwareLegacyAndV2Boundary"
"OASIS Architecture/NextGenSoftware.OASIS.API.Core/Managers/HolonManager/HolonManager.cs","680","public OASISResult<Dictionary<string, object>> GetAllSettings(Guid avatarId, string category)","True","ModeAwareLegacyAndV2Boundary"
"OASIS Architecture/NextGenSoftware.OASIS.API.Core/Managers/HolonManager/HolonManager-Delete.cs","16","public OASISResult<IHolon> DeleteHolon(Guid id, Guid avatarId, bool softDelete = true, ProviderType providerType = ProviderType.Default)","True","ModeAwareLegacyAndV2Boundary"
"OASIS Architecture/NextGenSoftware.OASIS.API.Core/Managers/HolonManager/HolonManager-Delete.cs","131","public async Task<OASISResult<IHolon>> DeleteHolonAsync(Guid id, Guid avatarId, bool softDelete = true, ProviderType providerType = ProviderType.Default)","True","ModeAwareLegacyAndV2Boundary"
"OASIS Architecture/NextGenSoftware.OASIS.API.Core/Managers/HolonManager/HolonManager-Delete.cs","252","public OASISResult<T> DeleteHolon<T>(Guid id, Guid avatarId, bool softDelete = true, ProviderType providerType = ProviderType.Default) where T: IHolon, new()","True","ModeAwareLegacyAndV2Boundary"
"OASIS Architecture/NextGenSoftware.OASIS.API.Core/Managers/HolonManager/HolonManager-Delete.cs","361","public async Task<OASISResult<T>> DeleteHolonAsync<T>(Guid id, Guid avatarId, bool softDelete = true, ProviderType providerType = ProviderType.Default) where T : IHolon, new()","True","ModeAwareLegacyAndV2Boundary"
"OASIS Architecture/NextGenSoftware.OASIS.API.Core/Managers/HolonManager/HolonManager-Delete.cs","472","public OASISResult<IHolon> DeleteHolon(string providerKey, Guid avatarId, bool softDelete = true, ProviderType providerType = ProviderType.Default)","True","ModeAwareLegacyAndV2Boundary"
"OASIS Architecture/NextGenSoftware.OASIS.API.Core/Managers/HolonManager/HolonManager-Delete.cs","586","public async Task<OASISResult<IHolon>> DeleteHolonAsync(string providerKey, Guid avatarId, bool softDelete = true, ProviderType providerType = ProviderType.Default)","True","ModeAwareLegacyAndV2Boundary"
"OASIS Architecture/NextGenSoftware.OASIS.API.Core/Managers/HolonManager/HolonManager-Delete.cs","705","public OASISResult<T> DeleteHolon<T>(string providerKey, Guid avatarId, bool softDelete = true, ProviderType providerType = ProviderType.Default) where T : IHolon, new()","True","ModeAwareLegacyAndV2Boundary"
"OASIS Architecture/NextGenSoftware.OASIS.API.Core/Managers/HolonManager/HolonManager-Delete.cs","813","public async Task<OASISResult<T>> DeleteHolonAsync<T>(string providerKey, Guid avatarId, bool softDelete = true, ProviderType providerType = ProviderType.Default) where T : IHolon, new()","True","ModeAwareLegacyAndV2Boundary"
"OASIS Architecture/NextGenSoftware.OASIS.API.Core/Managers/HolonManager/HolonManager-Load.cs","18","public OASISResult<T> LoadHolon<T>(Guid id, bool loadChildren = true, bool recursive = true, int maxChildDepth = 0, bool continueOnError = true, bool loadChildrenFromProvider = false, HolonType childHolonType = HolonType.All, int version = 0, ProviderType providerType = ProviderType.Default) where T : IHolon, new()","True","ModeAwareLegacyAndV2Boundary"
"OASIS Architecture/NextGenSoftware.OASIS.API.Core/Managers/HolonManager/HolonManager-Load.cs","97","public OASISResult<IHolon> LoadHolon(Guid id, bool loadChildren = true, bool recursive = true, int maxChildDepth = 0, bool continueOnError = true, bool loadChildrenFromProvider = false, HolonType childHolonType = HolonType.All, int version = 0, ProviderType providerType = ProviderType.Default)","True","ModeAwareLegacyAndV2Boundary"
"OASIS Architecture/NextGenSoftware.OASIS.API.Core/Managers/HolonManager/HolonManager-Load.cs","179","public async Task<OASISResult<IHolon>> LoadHolonAsync(Guid id, bool loadChildren = true, bool recursive = true, int maxChildDepth = 0, bool continueOnError = true, bool loadChildrenFromProvider = false, HolonType childHolonType = HolonType.All, int version = 0, ProviderType providerType = ProviderType.Default, bool allowMissing = false)","True","ModeAwareLegacyAndV2Boundary"
"OASIS Architecture/NextGenSoftware.OASIS.API.Core/Managers/HolonManager/HolonManager-Load.cs","273","public async Task<OASISResult<T>> LoadHolonAsync<T>(Guid id, bool loadChildren = true, bool recursive = true, int maxChildDepth = 0, bool continueOnError = true, bool loadChildrenFromProvider = false, HolonType childHolonType = HolonType.All, int version = 0, ProviderType providerType = ProviderType.Default) where T : IHolon, new()","True","ModeAwareLegacyAndV2Boundary"
"OASIS Architecture/NextGenSoftware.OASIS.API.Core/Managers/HolonManager/HolonManager-Load.cs","372","public OASISResult<IHolon> LoadHolon(string providerKey, bool loadChildren = true, bool recursive = true, int maxChildDepth = 0, bool continueOnError = true, bool loadChildrenFromProvider = false, HolonType childHolonType = HolonType.All, int version = 0, ProviderType providerType = ProviderType.Default)","True","ModeAwareLegacyAndV2Boundary"
"OASIS Architecture/NextGenSoftware.OASIS.API.Core/Managers/HolonManager/HolonManager-Load.cs","450","public OASISResult<T> LoadHolon<T>(string providerKey, bool loadChildren = true, bool recursive = true, int maxChildDepth = 0, bool continueOnError = true, bool loadChildrenFromProvider = false, HolonType childHolonType = HolonType.All, int version = 0, ProviderType providerType = ProviderType.Default) where T : IHolon, new()","True","ModeAwareLegacyAndV2Boundary"
"OASIS Architecture/NextGenSoftware.OASIS.API.Core/Managers/HolonManager/HolonManager-Load.cs","524","public async Task<OASISResult<IHolon>> LoadHolonAsync(string providerKey, bool loadChildren = true, bool recursive = true, int maxChildDepth = 0, bool continueOnError = true, bool loadChildrenFromProvider = false, HolonType childHolonType = HolonType.All, int version = 0, ProviderType providerType = ProviderType.Default)","True","ModeAwareLegacyAndV2Boundary"
"OASIS Architecture/NextGenSoftware.OASIS.API.Core/Managers/HolonManager/HolonManager-Load.cs","611","public async Task<OASISResult<T>> LoadHolonAsync<T>(string providerKey, bool loadChildren = true, bool recursive = true, int maxChildDepth = 0, bool continueOnError = true, bool loadChildrenFromProvider = false, HolonType childHolonType = HolonType.All, int version = 0, ProviderType providerType = ProviderType.Default) where T : IHolon, new()","True","ModeAwareLegacyAndV2Boundary"
"OASIS Architecture/NextGenSoftware.OASIS.API.Core/Managers/HolonManager/HolonManager-LoadAll.cs","18","public OASISResult<IEnumerable<IHolon>> LoadAllHolons(HolonType holonType = HolonType.All, bool loadChildren = true, bool recursive = true, int maxChildDepth = 0, bool continueOnError = true, bool loadChildrenFromProvider = false, HolonType childHolonType = HolonType.All, int version = 0, ProviderType providerType = ProviderType.Default, bool cache = true, Guid avatarId = default, bool includePublic = false)","True","ModeAwareLegacyAndV2Boundary"
"OASIS Architecture/NextGenSoftware.OASIS.API.Core/Managers/HolonManager/HolonManager-LoadAll.cs","97","public OASISResult<IEnumerable<T>> LoadAllHolons<T>(HolonType holonType = HolonType.All, bool loadChildren = true, bool recursive = true, int maxChildDepth = 0, bool continueOnError = true, bool loadChildrenFromProvider = false, HolonType childHolonType = HolonType.All, int version = 0, ProviderType providerType = ProviderType.Default, bool cache = true) where T : IHolon, new()","True","ModeAwareLegacyAndV2Boundary"
"OASIS Architecture/NextGenSoftware.OASIS.API.Core/Managers/HolonManager/HolonManager-LoadAll.cs","157","public async Task<OASISResult<IEnumerable<IHolon>>> LoadAllHolonsAsync(HolonType holonType = HolonType.All, bool loadChildren = true, bool recursive = true, int maxChildDepth = 0, bool continueOnError = true, bool loadChildrenFromProvider = false, HolonType childHolonType = HolonType.All, int version = 0, ProviderType providerType = ProviderType.Default, Guid avatarId = default, bool includePublic = false)","True","ModeAwareLegacyAndV2Boundary"
"OASIS Architecture/NextGenSoftware.OASIS.API.Core/Managers/HolonManager/HolonManager-LoadAll.cs","219","public async Task<OASISResult<IEnumerable<T>>> LoadAllHolonsAsync<T>(HolonType holonType = HolonType.All, bool loadChildren = true, bool recursive = true, int maxChildDepth = 0, bool continueOnError = true, bool loadChildrenFromProvider = false, HolonType childHolonType = HolonType.All, int version = 0, ProviderType providerType = ProviderType.Default) where T : IHolon, new()","True","ModeAwareLegacyAndV2Boundary"
"OASIS Architecture/NextGenSoftware.OASIS.API.Core/Managers/HolonManager/HolonManager-LoadByMetaData.cs","624","public OASISResult<IHolon> LoadHolonByMetaData(string metaKey, string metaValue, HolonType holonType = HolonType.All, bool loadChildren = true, bool recursive = true, int maxChildDepth = 0, bool continueOnError = true, bool loadChildrenFromProvider = false, HolonType childHolonType = HolonType.All, int version = 0, ProviderType providerType = ProviderType.Default)","True","ModeAwareLegacyAndV2Boundary"
"OASIS Architecture/NextGenSoftware.OASIS.API.Core/Managers/HolonManager/HolonManager-LoadByMetaData.cs","630","public OASISResult<T> LoadHolonByMetaData<T>(string metaKey, string metaValue, HolonType holonType = HolonType.All, bool loadChildren = true, bool recursive = true, int maxChildDepth = 0, bool continueOnError = true, bool loadChildrenFromProvider = false, HolonType childHolonType = HolonType.All, int version = 0, ProviderType providerType = ProviderType.Default) where T : IHolon, new()","True","ModeAwareLegacyAndV2Boundary"
"OASIS Architecture/NextGenSoftware.OASIS.API.Core/Managers/HolonManager/HolonManager-LoadByMetaData.cs","636","public async Task<OASISResult<IHolon>> LoadHolonByMetaDataAsync(string metaKey, string metaValue, HolonType holonType = HolonType.All, bool loadChildren = true, bool recursive = true, int maxChildDepth = 0, bool continueOnError = true, bool loadChildrenFromProvider = false, HolonType childHolonType = HolonType.All, int version = 0, ProviderType providerType = ProviderType.Default)","True","ModeAwareLegacyAndV2Boundary"
"OASIS Architecture/NextGenSoftware.OASIS.API.Core/Managers/HolonManager/HolonManager-LoadByMetaData.cs","642","public async Task<OASISResult<T>> LoadHolonByMetaDataAsync<T>(string metaKey, string metaValue, HolonType holonType = HolonType.All, bool loadChildren = true, bool recursive = true, int maxChildDepth = 0, bool continueOnError = true, int version = 0, bool loadChildrenFromProvider = false, HolonType childHolonType = HolonType.All, ProviderType providerType = ProviderType.Default) where T : IHolon, new()","True","ModeAwareLegacyAndV2Boundary"
"OASIS Architecture/NextGenSoftware.OASIS.API.Core/Managers/HolonManager/HolonManager-LoadByMetaData.cs","648","public OASISResult<IHolon> LoadHolonByMetaData(Dictionary<string, string> metaKeyValuePairs, MetaKeyValuePairMatchMode metaKeyValuePairMatchMode, HolonType holonType = HolonType.All, bool loadChildren = true, bool recursive = true, int maxChildDepth = 0, bool continueOnError = true, bool loadChildrenFromProvider = false, HolonType childHolonType = HolonType.All, int version = 0, ProviderType providerType = ProviderType.Default)","True","ModeAwareLegacyAndV2Boundary"
"OASIS Architecture/NextGenSoftware.OASIS.API.Core/Managers/HolonManager/HolonManager-LoadByMetaData.cs","654","public OASISResult<T> LoadHolonByMetaData<T>(Dictionary<string, string> metaKeyValuePairs, MetaKeyValuePairMatchMode metaKeyValuePairMatchMode, HolonType holonType = HolonType.All, bool loadChildren = true, bool recursive = true, int maxChildDepth = 0, bool continueOnError = true, bool loadChildrenFromProvider = false, HolonType childHolonType = HolonType.All, int version = 0, ProviderType providerType = ProviderType.Default) where T : IHolon, new()","True","ModeAwareLegacyAndV2Boundary"
"OASIS Architecture/NextGenSoftware.OASIS.API.Core/Managers/HolonManager/HolonManager-LoadByMetaData.cs","660","public async Task<OASISResult<IHolon>> LoadHolonByMetaDataAsync(Dictionary<string, string> metaKeyValuePairs, MetaKeyValuePairMatchMode metaKeyValuePairMatchMode, HolonType holonType = HolonType.All, bool loadChildren = true, bool recursive = true, int maxChildDepth = 0, bool continueOnError = true, bool loadChildrenFromProvider = false, HolonType childHolonType = HolonType.All, int version = 0, ProviderType providerType = ProviderType.Default)","True","ModeAwareLegacyAndV2Boundary"
"OASIS Architecture/NextGenSoftware.OASIS.API.Core/Managers/HolonManager/HolonManager-LoadByMetaData.cs","666","public async Task<OASISResult<T>> LoadHolonByMetaDataAsync<T>(Dictionary<string, string> metaKeyValuePairs, MetaKeyValuePairMatchMode metaKeyValuePairMatchMode, HolonType holonType = HolonType.All, bool loadChildren = true, bool recursive = true, int maxChildDepth = 0, bool continueOnError = true, int version = 0, bool loadChildrenFromProvider = false, HolonType childHolonType = HolonType.All, ProviderType providerType = ProviderType.Default) where T : IHolon, new()","True","ModeAwareLegacyAndV2Boundary"
"OASIS Architecture/NextGenSoftware.OASIS.API.Core/Managers/HolonManager/HolonManager-LoadForParent.cs","18","public OASISResult<IEnumerable<IHolon>> LoadHolonsForParent(Guid id, HolonType holonType = HolonType.All, bool loadChildren = true, bool recursive = true, int maxChildDepth = 0, bool continueOnError = true, bool loadChildrenFromProvider = false, int currentChildDepth = 0, HolonType subChildHolonType = HolonType.All, int version = 0, ProviderType providerType = ProviderType.Default, Guid avatarId = default, bool includePublic = false)","True","ModeAwareLegacyAndV2Boundary"
"OASIS Architecture/NextGenSoftware.OASIS.API.Core/Managers/HolonManager/HolonManager-LoadForParent.cs","83","public OASISResult<IEnumerable<T>> LoadHolonsForParent<T>(Guid id, HolonType holonType = HolonType.All, bool loadChildren = true, bool recursive = true, int maxChildDepth = 0, bool continueOnError = true, bool loadChildrenFromProvider = false, int currentChildDepth = 0, HolonType subChildHolonType = HolonType.All, int version = 0, ProviderType providerType = ProviderType.Default) where T : IHolon, new()","True","ModeAwareLegacyAndV2Boundary"
"OASIS Architecture/NextGenSoftware.OASIS.API.Core/Managers/HolonManager/HolonManager-LoadForParent.cs","142","public async Task<OASISResult<IEnumerable<IHolon>>> LoadHolonsForParentAsync(Guid id, HolonType holonType = HolonType.All, bool loadChildren = true, bool recursive = true, int maxChildDepth = 0, bool continueOnError = true, bool loadChildrenFromProvider = false, int currentChildDepth = 0, HolonType subChildHolonType = HolonType.All, int version = 0, ProviderType providerType = ProviderType.Default, Guid avatarId = default, bool includePublic = false)","True","ModeAwareLegacyAndV2Boundary"
"OASIS Architecture/NextGenSoftware.OASIS.API.Core/Managers/HolonManager/HolonManager-LoadForParent.cs","212","public async Task<OASISResult<IEnumerable<T>>> LoadHolonsForParentAsync<T>(Guid id, HolonType holonType = HolonType.All, bool loadChildren = true, bool recursive = true, int maxChildDepth = 0, bool continueOnError = true, bool loadChildrenFromProvider = false, int currentChildDepth = 0, HolonType subChildHolonType = HolonType.All, int version = 0, ProviderType providerType = ProviderType.Default) where T : IHolon, new()","True","ModeAwareLegacyAndV2Boundary"
"OASIS Architecture/NextGenSoftware.OASIS.API.Core/Managers/HolonManager/HolonManager-LoadForParent.cs","263","public OASISResult<IEnumerable<IHolon>> LoadHolonsForParent(string providerKey, HolonType holonType = HolonType.All, bool loadChildren = true, bool recursive = true, int maxChildDepth = 0, bool continueOnError = true, bool loadChildrenFromProvider = false, int currentChildDepth = 0, HolonType subChildHolonType = HolonType.All, int version = 0, ProviderType providerType = ProviderType.Default)","True","ModeAwareLegacyAndV2Boundary"
"OASIS Architecture/NextGenSoftware.OASIS.API.Core/Managers/HolonManager/HolonManager-LoadForParent.cs","305","public OASISResult<IEnumerable<T>> LoadHolonsForParent<T>(string providerKey, HolonType holonType = HolonType.All, bool loadChildren = true, bool recursive = true, int maxChildDepth = 0, bool continueOnError = true, bool loadChildrenFromProvider = false, int currentChildDepth = 0, HolonType subChildHolonType = HolonType.All, int version = 0, ProviderType providerType = ProviderType.Default) where T : IHolon, new()","True","ModeAwareLegacyAndV2Boundary"
"OASIS Architecture/NextGenSoftware.OASIS.API.Core/Managers/HolonManager/HolonManager-LoadForParent.cs","350","public async Task<OASISResult<IEnumerable<IHolon>>> LoadHolonsForParentAsync(string providerKey, HolonType holonType = HolonType.All, bool loadChildren = true, bool recursive = true, int maxChildDepth = 0, bool continueOnError = true, bool loadChildrenFromProvider = false, int currentChildDepth = 0, HolonType subChildHolonType = HolonType.All, int version = 0, ProviderType providerType = ProviderType.Default)","True","ModeAwareLegacyAndV2Boundary"
"OASIS Architecture/NextGenSoftware.OASIS.API.Core/Managers/HolonManager/HolonManager-LoadForParent.cs","415","public async Task<OASISResult<IEnumerable<T>>> LoadHolonsForParentAsync<T>(string providerKey, HolonType holonType = HolonType.All, bool loadChildren = true, bool recursive = true, int maxChildDepth = 0, bool continueOnError = true, bool loadChildrenFromProvider = false, int currentChildDepth = 0, HolonType subChildHolonType = HolonType.All, int version = 0, ProviderType providerType = ProviderType.Default) where T : IHolon, new()","True","ModeAwareLegacyAndV2Boundary"
"OASIS Architecture/NextGenSoftware.OASIS.API.Core/Managers/HolonManager/HolonManager-LoadHolonsByMetaData.cs","20","public OASISResult<IEnumerable<IHolon>> LoadHolonsByMetaData(string metaKey, string metaValue, HolonType holonType = HolonType.All, bool loadChildren = true, bool recursive = true, int maxChildDepth = 0, bool continueOnError = true, bool loadChildrenFromProvider = false, int currentChildDepth = 0, HolonType subChildHolonType = HolonType.All, int version = 0, ProviderType providerType = ProviderType.Default, Guid avatarId = default, bool includePublic = false)","True","ModeAwareLegacyAndV2Boundary"
"OASIS Architecture/NextGenSoftware.OASIS.API.Core/Managers/HolonManager/HolonManager-LoadHolonsByMetaData.cs","80","public OASISResult<IEnumerable<T>> LoadHolonsByMetaData<T>(string metaKey, string metaValue, HolonType holonType = HolonType.All, bool loadChildren = true, bool recursive = true, int maxChildDepth = 0, bool continueOnError = true, bool loadChildrenFromProvider = false, int currentChildDepth = 0, HolonType subChildHolonType = HolonType.All, int version = 0, ProviderType providerType = ProviderType.Default) where T : IHolon, new()","True","ModeAwareLegacyAndV2Boundary"
"OASIS Architecture/NextGenSoftware.OASIS.API.Core/Managers/HolonManager/HolonManager-LoadHolonsByMetaData.cs","141","public async Task<OASISResult<IEnumerable<IHolon>>> LoadHolonsByMetaDataAsync(string metaKey, string metaValue, HolonType holonType = HolonType.All, bool loadChildren = true, bool recursive = true, int maxChildDepth = 0, bool continueOnError = true, bool loadChildrenFromProvider = false, int currentChildDepth = 0, HolonType subChildHolonType = HolonType.All, int version = 0, ProviderType providerType = ProviderType.Default, Guid avatarId = default, bool includePublic = false)","True","ModeAwareLegacyAndV2Boundary"
"OASIS Architecture/NextGenSoftware.OASIS.API.Core/Managers/HolonManager/HolonManager-LoadHolonsByMetaData.cs","212","public async Task<OASISResult<IEnumerable<T>>> LoadHolonsByMetaDataAsync<T>(string metaKey, string metaValue, HolonType holonType = HolonType.All, bool loadChildren = true, bool recursive = true, int maxChildDepth = 0, bool continueOnError = true, bool loadChildrenFromProvider = false, int currentChildDepth = 0, HolonType subChildHolonType = HolonType.All, int version = 0, ProviderType providerType = ProviderType.Default) where T : IHolon, new()","True","ModeAwareLegacyAndV2Boundary"
"OASIS Architecture/NextGenSoftware.OASIS.API.Core/Managers/HolonManager/HolonManager-LoadHolonsByMetaData.cs","264","public OASISResult<IEnumerable<IHolon>> LoadHolonsByMetaData(Dictionary<string, string> metaKeyValuePairs, MetaKeyValuePairMatchMode metaKeyValuePairMatchMode, HolonType holonType = HolonType.All, bool loadChildren = true, bool recursive = true, int maxChildDepth = 0, bool continueOnError = true, bool loadChildrenFromProvider = false, int currentChildDepth = 0, HolonType subChildHolonType = HolonType.All, int version = 0, ProviderType providerType = ProviderType.Default, Guid avatarId = default, bool includePublic = false)","True","ModeAwareLegacyAndV2Boundary"
"OASIS Architecture/NextGenSoftware.OASIS.API.Core/Managers/HolonManager/HolonManager-LoadHolonsByMetaData.cs","330","public OASISResult<IEnumerable<T>> LoadHolonsByMetaData<T>(Dictionary<string, string> metaKeyValuePairs, MetaKeyValuePairMatchMode metaKeyValuePairMatchMode, HolonType holonType = HolonType.All, bool loadChildren = true, bool recursive = true, int maxChildDepth = 0, bool continueOnError = true, bool loadChildrenFromProvider = false, int currentChildDepth = 0, HolonType subChildHolonType = HolonType.All, int version = 0, ProviderType providerType = ProviderType.Default) where T : IHolon, new()","True","ModeAwareLegacyAndV2Boundary"
"OASIS Architecture/NextGenSoftware.OASIS.API.Core/Managers/HolonManager/HolonManager-LoadHolonsByMetaData.cs","391","public async Task<OASISResult<IEnumerable<IHolon>>> LoadHolonsByMetaDataAsync(Dictionary<string, string> metaKeyValuePairs, MetaKeyValuePairMatchMode metaKeyValuePairMatchMode, HolonType holonType = HolonType.All, bool loadChildren = true, bool recursive = true, int maxChildDepth = 0, bool continueOnError = true, bool loadChildrenFromProvider = false, int currentChildDepth = 0, HolonType subChildHolonType = HolonType.All, int version = 0, ProviderType providerType = ProviderType.Default, Guid avatarId = default, bool includePublic = false)","True","ModeAwareLegacyAndV2Boundary"
"OASIS Architecture/NextGenSoftware.OASIS.API.Core/Managers/HolonManager/HolonManager-LoadHolonsByMetaData.cs","462","public async Task<OASISResult<IEnumerable<T>>> LoadHolonsByMetaDataAsync<T>(Dictionary<string, string> metaKeyValuePairs, MetaKeyValuePairMatchMode metaKeyValuePairMatchMode, HolonType holonType = HolonType.All, bool loadChildren = true, bool recursive = true, int maxChildDepth = 0, bool continueOnError = true, bool loadChildrenFromProvider = false, int currentChildDepth = 0, HolonType subChildHolonType = HolonType.All, int version = 0, ProviderType providerType = ProviderType.Default) where T : IHolon, new()","True","ModeAwareLegacyAndV2Boundary"
"OASIS Architecture/NextGenSoftware.OASIS.API.Core/Managers/HolonManager/HolonManager-Private.Helpers.cs","343","public void ExtractCustomPropertiesToMetaData(IHolon holon)","True","ModeAwareLegacyAndV2Boundary"
"OASIS Architecture/NextGenSoftware.OASIS.API.Core/Managers/HolonManager/HolonManager-Private.Replication.cs","101","public void MapMetaData<T>(OASISResult<IEnumerable<T>> result)","True","ModeAwareLegacyAndV2Boundary"
"OASIS Architecture/NextGenSoftware.OASIS.API.Core/Managers/HolonManager/HolonManager-Private.Replication.cs","111","public IHolon MapMetaData<T>(IHolon holon)","True","ModeAwareLegacyAndV2Boundary"
"OASIS Architecture/NextGenSoftware.OASIS.API.Core/Managers/HolonManager/HolonManager-Private.Restore.cs","98","public T RemoveCelesialBodies<T>(T holon)","True","ModeAwareLegacyAndV2Boundary"
"OASIS Architecture/NextGenSoftware.OASIS.API.Core/Managers/HolonManager/HolonManager-Private.Restore.cs","191","public IEnumerable<IHolon> RemoveCelesialBodies(IEnumerable<IHolon> holons)","True","ModeAwareLegacyAndV2Boundary"
"OASIS Architecture/NextGenSoftware.OASIS.API.Core/Managers/HolonManager/HolonManager-Private.Restore.cs","201","public IEnumerable<T> RemoveCelesialBodies<T>(IEnumerable<T> holons)","True","ModeAwareLegacyAndV2Boundary"
"OASIS Architecture/NextGenSoftware.OASIS.API.Core/Managers/HolonManager/HolonManager-Private.Restore.cs","212","public T RestoreCelesialBodies<T>(T originalHolon)","True","ModeAwareLegacyAndV2Boundary"
"OASIS Architecture/NextGenSoftware.OASIS.API.Core/Managers/HolonManager/HolonManager-Private.Restore.cs","389","public IEnumerable<IHolon> RestoreCelesialBodies(IEnumerable<IHolon> holons)","True","ModeAwareLegacyAndV2Boundary"
"OASIS Architecture/NextGenSoftware.OASIS.API.Core/Managers/HolonManager/HolonManager-Private.Restore.cs","404","public IEnumerable<T> RestoreCelesialBodies<T>(IEnumerable<T> holons)","True","ModeAwareLegacyAndV2Boundary"
"OASIS Architecture/NextGenSoftware.OASIS.API.Core/Managers/HolonManager/HolonManager-Save.cs","17","public OASISResult<Guid> SaveFile(byte[] data, Guid avatarId, ProviderType providerType = ProviderType.Default)","True","ModeAwareLegacyAndV2Boundary"
"OASIS Architecture/NextGenSoftware.OASIS.API.Core/Managers/HolonManager/HolonManager-Save.cs","42","public async Task<OASISResult<Guid>> SaveFileAsync(byte[] data, Guid avatarId, ProviderType providerType = ProviderType.Default)","True","ModeAwareLegacyAndV2Boundary"
"OASIS Architecture/NextGenSoftware.OASIS.API.Core/Managers/HolonManager/HolonManager-Save.cs","67","public OASISResult<byte[]> LoadFile(Guid id, Guid avatarId, ProviderType providerType = ProviderType.Default)","True","ModeAwareLegacyAndV2Boundary"
"OASIS Architecture/NextGenSoftware.OASIS.API.Core/Managers/HolonManager/HolonManager-Save.cs","93","public async Task<OASISResult<byte[]>> LoadFileAsync(Guid id, Guid avatarId, ProviderType providerType = ProviderType.Default)","True","ModeAwareLegacyAndV2Boundary"
"OASIS Architecture/NextGenSoftware.OASIS.API.Core/Managers/HolonManager/HolonManager-Save.cs","143","public OASISResult<IHolon> SaveHolon(IHolon holon, Guid avatarId, bool saveChildren = true, bool recursive = true, int maxChildDepth = 0, bool continueOnError = true, bool saveChildrenOnProvider = false, ProviderType providerType = ProviderType.Default)","True","ModeAwareLegacyAndV2Boundary"
"OASIS Architecture/NextGenSoftware.OASIS.API.Core/Managers/HolonManager/HolonManager-Save.cs","218","public OASISResult<IHolon> SaveHolon(IHolon holon, bool saveChildren = true, bool recursive = true, int maxChildDepth = 0, bool continueOnError = true, bool saveChildrenOnProvider = false, ProviderType providerType = ProviderType.Default)","True","ModeAwareLegacyAndV2Boundary"
"OASIS Architecture/NextGenSoftware.OASIS.API.Core/Managers/HolonManager/HolonManager-Save.cs","228","public OASISResult<T> SaveHolon<T>(IHolon holon, Guid avatarId, bool saveChildren = true, bool recursive = true, int maxChildDepth = 0, bool continueOnError = true, bool saveChildrenOnProvider = false, ProviderType providerType = ProviderType.Default) where T : IHolon, new()","True","ModeAwareLegacyAndV2Boundary"
"OASIS Architecture/NextGenSoftware.OASIS.API.Core/Managers/HolonManager/HolonManager-Save.cs","273","public OASISResult<T> SaveHolon<T>(IHolon holon, bool saveChildren = true, bool recursive = true, int maxChildDepth = 0, bool continueOnError = true, bool saveChildrenOnProvider = false, ProviderType providerType = ProviderType.Default) where T : IHolon, new()","True","ModeAwareLegacyAndV2Boundary"
"OASIS Architecture/NextGenSoftware.OASIS.API.Core/Managers/HolonManager/HolonManager-Save.cs","282","public async Task<OASISResult<IHolon>> SaveHolonAsync(IHolon holon, Guid avatarId, bool saveChildren = true, bool recursive = true, int maxChildDepth = 0, bool continueOnError = true, bool saveChildrenOnProvider = false, ProviderType providerType = ProviderType.Default)","True","ModeAwareLegacyAndV2Boundary"
"OASIS Architecture/NextGenSoftware.OASIS.API.Core/Managers/HolonManager/HolonManager-Save.cs","366","public async Task<OASISResult<IHolon>> SaveHolonAsync(IHolon holon, bool saveChildren = true, bool recursive = true, int maxChildDepth = 0, bool continueOnError = true, bool saveChildrenOnProvider = false, ProviderType providerType = ProviderType.Default)","True","ModeAwareLegacyAndV2Boundary"
"OASIS Architecture/NextGenSoftware.OASIS.API.Core/Managers/HolonManager/HolonManager-Save.cs","377","public async Task<OASISResult<T>> SaveHolonAsync<T>(IHolon holon, Guid avatarId, bool saveChildren = true, bool recursive = true, int maxChildDepth = 0, bool continueOnError = true, bool saveChildrenOnProvider = false, ProviderType providerType = ProviderType.Default) where T : IHolon, new()","True","ModeAwareLegacyAndV2Boundary"
"OASIS Architecture/NextGenSoftware.OASIS.API.Core/Managers/HolonManager/HolonManager-Save.cs","438","public async Task<OASISResult<T>> SaveHolonAsync<T>(IHolon holon, bool saveChildren = true, bool recursive = true, int maxChildDepth = 0, bool continueOnError = true, bool saveChildrenOnProvider = false, ProviderType providerType = ProviderType.Default) where T : IHolon, new()","True","ModeAwareLegacyAndV2Boundary"
"OASIS Architecture/NextGenSoftware.OASIS.API.Core/Managers/HolonManager/HolonManager-Save.cs","446","public OASISResult<IEnumerable<IHolon>> SaveHolons(IEnumerable<IHolon> holons, Guid avatarId, bool saveChildren = true, bool recursive = true, int maxChildDepth = 0, bool continueOnError = true, bool saveChildrenOnProvider = false, ProviderType providerType = ProviderType.Default)","True","ModeAwareLegacyAndV2Boundary"
"OASIS Architecture/NextGenSoftware.OASIS.API.Core/Managers/HolonManager/HolonManager-Save.cs","514","public OASISResult<IEnumerable<IHolon>> SaveHolons(IEnumerable<IHolon> holons, bool saveChildren = true, bool recursive = true, int maxChildDepth = 0, bool continueOnError = true, bool saveChildrenOnProvider = false, ProviderType providerType = ProviderType.Default)","True","ModeAwareLegacyAndV2Boundary"
"OASIS Architecture/NextGenSoftware.OASIS.API.Core/Managers/HolonManager/HolonManager-Save.cs","522","public OASISResult<IEnumerable<T>> SaveHolons<T>(IEnumerable<T> holons, Guid avatarId, bool saveChildren = true, bool recursive = true, int maxChildDepth = 0, bool continueOnError = true, bool saveChildrenOnProvider = false, ProviderType providerType = ProviderType.Default) where T : IHolon, new()","True","ModeAwareLegacyAndV2Boundary"
"OASIS Architecture/NextGenSoftware.OASIS.API.Core/Managers/HolonManager/HolonManager-Save.cs","602","public OASISResult<IEnumerable<T>> SaveHolons<T>(IEnumerable<T> holons, bool saveChildren = true, bool recursive = true, int maxChildDepth = 0, bool continueOnError = true, bool saveChildrenOnProvider = false, ProviderType providerType = ProviderType.Default) where T : IHolon, new()","True","ModeAwareLegacyAndV2Boundary"
"OASIS Architecture/NextGenSoftware.OASIS.API.Core/Managers/HolonManager/HolonManager-Save.cs","611","public async Task<OASISResult<IEnumerable<IHolon>>> SaveHolonsAsync(IEnumerable<IHolon> holons, Guid avatarId, bool saveChildren = true, bool recursive = true, int maxChildDepth = 0, bool continueOnError = true, bool saveChildrenOnProvider = false, bool childHolonsFlattened = false, ProviderType providerType = ProviderType.Default)","True","ModeAwareLegacyAndV2Boundary"
"OASIS Architecture/NextGenSoftware.OASIS.API.Core/Managers/HolonManager/HolonManager-Save.cs","683","public async Task<OASISResult<IEnumerable<IHolon>>> SaveHolonsAsync(IEnumerable<IHolon> holons, bool saveChildren = true, bool recursive = true, int maxChildDepth = 0, bool continueOnError = true, bool saveChildrenOnProvider = false, bool childHolonsFlattened = false, ProviderType providerType = ProviderType.Default)","True","ModeAwareLegacyAndV2Boundary"
"OASIS Architecture/NextGenSoftware.OASIS.API.Core/Managers/HolonManager/HolonManager-Save.cs","692","public async Task<OASISResult<IEnumerable<T>>> SaveHolonsAsync<T>(IEnumerable<T> holons, Guid avatarId, bool saveChildren = true, bool recursive = true, int maxChildDepth = 0, bool continueOnError = true, bool saveChildrenOnProvider = false, bool childHolonsFlattened = false, ProviderType providerType = ProviderType.Default) where T : IHolon, new()","True","ModeAwareLegacyAndV2Boundary"
"OASIS Architecture/NextGenSoftware.OASIS.API.Core/Managers/HolonManager/HolonManager-Save.cs","772","public async Task<OASISResult<IEnumerable<T>>> SaveHolonsAsync<T>(IEnumerable<T> holons, bool saveChildren = true, bool recursive = true, int maxChildDepth = 0, bool continueOnError = true, bool saveChildrenOnProvider = false, bool childHolonsFlattened = false, ProviderType providerType = ProviderType.Default) where T : IHolon, new()","True","ModeAwareLegacyAndV2Boundary"
"OASIS Architecture/NextGenSoftware.OASIS.API.Core/Managers/HolonManager/HolonManager-Search.cs","15","public OASISResult<IEnumerable<IHolon>> SearchHolons(string searchTerm, Guid avatarId, Guid parentId = default, Dictionary<string, string> filterByMetaData = null, MetaKeyValuePairMatchMode metaKeyValuePairMatchMode = MetaKeyValuePairMatchMode.All, bool searchOnlyForCurrentAvatar = true, HolonType holonType = HolonType.All, bool loadChildren = true, bool recursive = true, int maxChildDepth = 0, bool continueOnError = true, bool loadChildrenFromProvider = false, HolonType childHolonType = HolonType.All, int version = 0, ProviderType providerType = ProviderType.Default, bool cache = true)","True","ModeAwareLegacyAndV2Boundary"
"OASIS Architecture/NextGenSoftware.OASIS.API.Core/Managers/HolonManager/HolonManager-Search.cs","59","public async Task<OASISResult<IEnumerable<IHolon>>> SearchHolonsAsync(string searchTerm, Guid avatarId, Guid parentId = default, Dictionary<string, string> filterByMetaData = null, MetaKeyValuePairMatchMode metaKeyValuePairMatchMode = MetaKeyValuePairMatchMode.All, bool searchOnlyForCurrentAvatar = true, HolonType holonType = HolonType.All, bool loadChildren = true, bool recursive = true, int maxChildDepth = 0, bool continueOnError = true, bool loadChildrenFromProvider = false, HolonType childHolonType = HolonType.All, int version = 0, ProviderType providerType = ProviderType.Default, bool cache = true)","True","ModeAwareLegacyAndV2Boundary"
"OASIS Architecture/NextGenSoftware.OASIS.API.Core/Managers/HolonManager/HolonManager-Search.cs","102","public OASISResult<IEnumerable<T>> SearchHolons<T>(string searchTerm, Guid avatarId, Guid parentId = default, Dictionary<string, string> filterByMetaData = null, MetaKeyValuePairMatchMode metaKeyValuePairMatchMode = MetaKeyValuePairMatchMode.All, bool searchOnlyForCurrentAvatar = true, HolonType holonType = HolonType.All, bool loadChildren = true, bool recursive = true, int maxChildDepth = 0, bool continueOnError = true, bool loadChildrenFromProvider = false, HolonType childHolonType = HolonType.All, int version = 0, ProviderType providerType = ProviderType.Default, bool cache = true) where T : IHolon, new()","True","ModeAwareLegacyAndV2Boundary"
"OASIS Architecture/NextGenSoftware.OASIS.API.Core/Managers/HolonManager/HolonManager-Search.cs","155","public async Task<OASISResult<IEnumerable<T>>> SearchHolonsAsync<T>(string searchTerm, Guid avatarId, Guid parentId = default, Dictionary<string, string> filterByMetaData = null, MetaKeyValuePairMatchMode metaKeyValuePairMatchMode = MetaKeyValuePairMatchMode.All, bool searchOnlyForCurrentAvatar = true, HolonType holonType = HolonType.All, bool loadChildren = true, bool recursive = true, int maxChildDepth = 0, bool continueOnError = true, bool loadChildrenFromProvider = false, HolonType childHolonType = HolonType.All, int version = 0, ProviderType providerType = ProviderType.Default, bool cache = true) where T : IHolon, new()","True","ModeAwareLegacyAndV2Boundary"
"OASIS Architecture/NextGenSoftware.OASIS.API.Core/Managers/KarmaManager.cs","66","public async Task<OASISResult<long>> GetKarmaAsync(Guid avatarId)","False","LocalOrchestration"
"OASIS Architecture/NextGenSoftware.OASIS.API.Core/Managers/KarmaManager.cs","98","public OASISResult<long> GetKarma(Guid avatarId)","False","LocalOrchestration"
"OASIS Architecture/NextGenSoftware.OASIS.API.Core/Managers/KarmaManager.cs","126","public async Task<OASISResult<bool>> AddKarmaAsync(Guid avatarId, long amount, KarmaSourceType sourceType, string description = null, Guid? relatedEntityId = null)","True","CoveredManagerDelegation"
"OASIS Architecture/NextGenSoftware.OASIS.API.Core/Managers/KarmaManager.cs","196","public async Task<OASISResult<bool>> DeductKarmaAsync(Guid avatarId, long amount, KarmaSourceType sourceType, string description = null, Guid? relatedEntityId = null)","True","CoveredManagerDelegation"
"OASIS Architecture/NextGenSoftware.OASIS.API.Core/Managers/KarmaManager.cs","273","public OASISResult<bool> AddKarma(Guid avatarId, long amount, KarmaSourceType sourceType, string description = null, Guid? relatedEntityId = null)","False","LocalOrchestration"
"OASIS Architecture/NextGenSoftware.OASIS.API.Core/Managers/KarmaManager.cs","282","public OASISResult<bool> DeductKarma(Guid avatarId, long amount, KarmaSourceType sourceType, string description = null, Guid? relatedEntityId = null)","True","CoveredManagerDelegation"
"OASIS Architecture/NextGenSoftware.OASIS.API.Core/Managers/KarmaManager.cs","492","public async Task<OASISResult<List<KarmaTransaction>>> GetKarmaHistoryAsync(Guid avatarId, int limit = 50, int offset = 0)","False","LocalOrchestration"
"OASIS Architecture/NextGenSoftware.OASIS.API.Core/Managers/KarmaManager.cs","535","public async Task<OASISResult<KarmaAkashicRecord>> AddKarmaToAvatarAsync(Guid avatarId, KarmaTypePositive karmaType, KarmaSourceType karmaSourceType, string karmaSourceTitle, string karmaSourceDesc, string webLink = null, int karmaOverride = 0)","True","CoveredManagerDelegation"
"OASIS Architecture/NextGenSoftware.OASIS.API.Core/Managers/KarmaManager.cs","592","public async Task<OASISResult<KarmaAkashicRecord>> RemoveKarmaFromAvatarAsync(Guid avatarId, KarmaTypeNegative karmaType, KarmaSourceType karmaSourceType, string karmaSourceTitle, string karmaSourceDesc, string webLink = null, int karmaOverride = 0)","True","CoveredManagerDelegation"
"OASIS Architecture/NextGenSoftware.OASIS.API.Core/Managers/KarmaManager.cs","649","public OASISResult<KarmaAkashicRecord> AddKarmaToAvatar(Guid avatarId, KarmaTypePositive karmaType, KarmaSourceType karmaSourceType, string karmaSourceTitle, string karmaSourceDesc, string webLink = null, int karmaOverride = 0)","True","CoveredManagerDelegation"
"OASIS Architecture/NextGenSoftware.OASIS.API.Core/Managers/KarmaManager.cs","704","public OASISResult<KarmaAkashicRecord> RemoveKarmaFromAvatar(Guid avatarId, KarmaTypeNegative karmaType, KarmaSourceType karmaSourceType, string karmaSourceTitle, string karmaSourceDesc, string webLink = null, int karmaOverride = 0)","True","CoveredManagerDelegation"
"OASIS Architecture/NextGenSoftware.OASIS.API.Core/Managers/KarmaManager.cs","800","public static int GetKarmaForType(KarmaTypePositive karmaType)","False","LocalOrchestration"
"OASIS Architecture/NextGenSoftware.OASIS.API.Core/Managers/KarmaManager.cs","908","public static int GetKarmaForType(KarmaTypeNegative karmaType)","False","LocalOrchestration"
"OASIS Architecture/NextGenSoftware.OASIS.API.Core/Managers/KarmaManager.cs","934","public Task<OASISResult<bool>> TransferKarmaAsync(Guid fromAvatarId, Guid toAvatarId, long amount, string description = null)","False","LocalOrchestration"
"OASIS Architecture/NextGenSoftware.OASIS.API.Core/Managers/KarmaManager.cs","999","public async Task<OASISResult<Dictionary<string, object>>> GetKarmaStatsAsync(Guid avatarId)","False","LocalOrchestration"
"OASIS Architecture/NextGenSoftware.OASIS.API.Core/Managers/KarmaManager.cs","1068","public async Task<OASISResult<IKarmaWeightingProposal>> VoteForPositiveKarmaWeightingAsync( KarmaTypePositive karmaType, int weighting, Guid avatarId)","True","CoveredManagerDelegation"
"OASIS Architecture/NextGenSoftware.OASIS.API.Core/Managers/KarmaManager.cs","1123","public async Task<OASISResult<IKarmaWeightingProposal>> VoteForNegativeKarmaWeightingAsync( KarmaTypeNegative karmaType, int weighting, Guid avatarId)","True","CoveredManagerDelegation"
"OASIS Architecture/NextGenSoftware.OASIS.API.Core/Managers/KarmaManager.cs","1270","public async Task<OASISResult<IEnumerable<IKarmaWeightingProposal>>> ListKarmaWeightingProposalsAsync( bool onlyMine = false, Guid? avatarId = null)","True","CoveredManagerDelegation"
"OASIS Architecture/NextGenSoftware.OASIS.API.Core/Managers/KarmaManager.cs","1328","public async Task<OASISResult<bool?>> GetUserVoteOnKarmaWeightingProposalAsync( Guid proposalId, Guid avatarId)","True","CoveredManagerDelegation"
"OASIS Architecture/NextGenSoftware.OASIS.API.Core/Managers/KeyManager.Generate.cs","25","public OASISResult<IKeyPairAndWallet> GenerateKeyPairWithWalletAddress(ProviderType providerType)","True","ExplicitProviderNativeOrAdministrative"
"OASIS Architecture/NextGenSoftware.OASIS.API.Core/Managers/KeyManager.Generate.cs","64","public async Task<OASISResult<IKeyPairAndWallet>> GenerateKeyPairWithWalletAddressAsync(ProviderType providerType)","True","ExplicitProviderNativeOrAdministrative"
"OASIS Architecture/NextGenSoftware.OASIS.API.Core/Managers/KeyManager.Generate.cs","158","public OASISResult<bool> ClearCache()","False","LocalOrchestration"
"OASIS Architecture/NextGenSoftware.OASIS.API.Core/Managers/KeyManager.Generate.cs","219","public OASISResult<IProviderWallet> LinkProviderWalletAddressToAvatarById(Guid walletId, Guid avatarId, ProviderType providerTypeToLinkTo, string walletAddress, ProviderType providerToLoadAvatarFrom = ProviderType.Default)","True","CoveredManagerDelegation"
"OASIS Architecture/NextGenSoftware.OASIS.API.Core/Managers/KeyManager.Generate.cs","242","public OASISResult<IProviderWallet> LinkProviderWalletAddressToAvatarByUsername(Guid walletId, string username, ProviderType providerTypeToLinkTo, string walletAddress, ProviderType providerToLoadAvatarFrom = ProviderType.Default)","True","CoveredManagerDelegation"
"OASIS Architecture/NextGenSoftware.OASIS.API.Core/Managers/KeyManager.Generate.cs","263","public OASISResult<IProviderWallet> LinkProviderWalletAddressToAvatarByEmail(Guid walletId, string email, ProviderType providerTypeToLinkTo, string walletAddress, ProviderType providerToLoadAvatarFrom = ProviderType.Default)","True","CoveredManagerDelegation"
"OASIS Architecture/NextGenSoftware.OASIS.API.Core/Managers/KeyManager.Generate.cs","284","public OASISResult<IProviderWallet> LinkProviderWalletAddressToAvatar(Guid walletId, IAvatar avatar, ProviderType providerTypeToLinkTo, string walletAddress, ProviderType providerToLoadAvatarFrom = ProviderType.Default)","True","CoveredManagerDelegation"
"OASIS Architecture/NextGenSoftware.OASIS.API.Core/Managers/KeyManager.Generate.cs","374","public OASISResult<IProviderWallet> LinkProviderPublicKeyToAvatarById(Guid walletId, Guid avatarId, ProviderType providerTypeToLinkTo, string providerKey, string walletAddress, string walletAddressSegwitP2SH = null, bool showSecretRecoveryWords = false, ProviderType providerToLoadAvatarFrom = ProviderType.Default)","True","CoveredManagerDelegation"
"OASIS Architecture/NextGenSoftware.OASIS.API.Core/Managers/KeyManager.Generate.cs","397","public OASISResult<IProviderWallet> LinkProviderPublicKeyToAvatarByUsername(Guid walletId, string username, ProviderType providerTypeToLinkTo, string providerKey, string walletAddress, string walletAddressSegwitP2SH = null, bool showSecretRecoveryWords = false, ProviderType providerToLoadAvatarFrom = ProviderType.Default)","True","CoveredManagerDelegation"
"OASIS Architecture/NextGenSoftware.OASIS.API.Core/Managers/KeyManager.Generate.cs","418","public OASISResult<IProviderWallet> LinkProviderPublicKeyToAvatarByEmail(Guid walletId, string email, ProviderType providerTypeToLinkTo, string providerKey, string walletAddress, string walletAddressSegwitP2SH = null, bool showSecretRecoveryWords = false, ProviderType providerToLoadAvatarFrom = ProviderType.Default)","True","CoveredManagerDelegation"
"OASIS Architecture/NextGenSoftware.OASIS.API.Core/Managers/KeyManager.Generate.cs","439","public OASISResult<IProviderWallet> LinkProviderPublicKeyToAvatar(Guid walletId, IAvatar avatar, ProviderType providerTypeToLinkTo, string providerKey, string walletAddress, string walletAddressSegwitP2SH = null, bool showSecretRecoveryWords = false, ProviderType providerToLoadAvatarFrom = ProviderType.Default)","True","CoveredManagerDelegation"
"OASIS Architecture/NextGenSoftware.OASIS.API.Core/Managers/KeyManager.KeyOps.cs","25","public OASISResult<IProviderWallet> GenerateKeyPairWithWalletAddressAndLinkProviderKeysToAvatarById(Guid avatarId, ProviderType providerTypeToLinkTo, bool showWalletAddress = true, bool showPublicKey = true, bool showPrivateKey = false, bool showSecretRecoveryWords = false, ProviderType providerToLoadAvatarFrom = ProviderType.Default)","True","CoveredManagerDelegation"
"OASIS Architecture/NextGenSoftware.OASIS.API.Core/Managers/KeyManager.KeyOps.cs","47","public OASISResult<IProviderWallet> GenerateKeyPairWithWalletAddressAndLinkProviderKeysToAvatarByUsername(string username, ProviderType providerTypeToLinkTo, bool showWalletAddress = true, bool showPublicKey = true, bool showPrivateKey = false, bool showSecretRecoveryWords = false, ProviderType providerToLoadAvatarFrom = ProviderType.Default)","True","CoveredManagerDelegation"
"OASIS Architecture/NextGenSoftware.OASIS.API.Core/Managers/KeyManager.KeyOps.cs","68","public OASISResult<IProviderWallet> GenerateKeyPairWithWalletAddressAndLinkProviderKeysToAvatarByEmail(string email, ProviderType providerTypeToLinkTo, bool showWalletAddress = true, bool showPublicKey = true, bool showPrivateKey = false, bool showSecretRecoveryWords = false, ProviderType providerToLoadAvatarFrom = ProviderType.Default)","True","CoveredManagerDelegation"
"OASIS Architecture/NextGenSoftware.OASIS.API.Core/Managers/KeyManager.KeyOps.cs","89","public OASISResult<IProviderWallet> GenerateKeyPairWithWalletAddressAndLinkProviderKeysToAvatar(IAvatar avatar, ProviderType providerTypeToLinkTo, bool showWalletAddress = true, bool showPublicKey = true, bool showPrivateKey = false, bool showSecretRecoveryWords = false, ProviderType providerToLoadAvatarFrom = ProviderType.Default)","True","CoveredManagerDelegation"
"OASIS Architecture/NextGenSoftware.OASIS.API.Core/Managers/KeyManager.KeyOps.cs","163","public OASISResult<IProviderWallet> LinkProviderPrivateKeyToAvatarById(Guid walletId, Guid avatarId, ProviderType providerTypeToLinkTo, string providerPrivateKey, bool showPrivateKey = false, bool showSecretRecoveryWords = false, ProviderType providerToLoadAvatarFrom = ProviderType.Default)","True","CoveredManagerDelegation"
"OASIS Architecture/NextGenSoftware.OASIS.API.Core/Managers/KeyManager.KeyOps.cs","185","public OASISResult<IProviderWallet> LinkProviderPrivateKeyToAvatarByUsername(Guid walletId, string username, ProviderType providerTypeToLinkTo, string providerPrivateKey, bool showPrivateKey = false, bool showSecretRecoveryWords = false, ProviderType providerToLoadAvatarFrom = ProviderType.Default)","True","CoveredManagerDelegation"
"OASIS Architecture/NextGenSoftware.OASIS.API.Core/Managers/KeyManager.KeyOps.cs","210","public OASISResult<IProviderWallet> LinkProviderPrivateKeyToAvatarByEmail(Guid walletId, string email, ProviderType providerTypeToLinkTo, string providerPrivateKey, bool showPrivateKey = false, bool showSecretRecoveryWords = false, ProviderType providerToLoadAvatarFrom = ProviderType.Default)","True","CoveredManagerDelegation"
"OASIS Architecture/NextGenSoftware.OASIS.API.Core/Managers/KeyManager.KeyOps.cs","231","public OASISResult<IProviderWallet> LinkProviderPrivateKeyToAvatar(Guid walletId, IAvatar avatar, ProviderType providerTypeToLinkTo, string providerPrivateKey, bool showPrivateKey = false, bool showSecretRecoveryWords = false, ProviderType providerToLoadAvatarFrom = ProviderType.Default)","True","CoveredManagerDelegation"
"OASIS Architecture/NextGenSoftware.OASIS.API.Core/Managers/KeyManager.KeyOps.cs","373","public OASISResult<string> GetProviderUniqueStorageKeyForAvatarById(Guid avatarId, ProviderType providerType = ProviderType.Default)","True","CoveredManagerDelegation"
"OASIS Architecture/NextGenSoftware.OASIS.API.Core/Managers/KeyManager.KeyOps.cs","391","public OASISResult<string> GetProviderUniqueStorageKeyForAvatarByUsername(string avatarUsername, ProviderType providerType = ProviderType.Default)","True","CoveredManagerDelegation"
"OASIS Architecture/NextGenSoftware.OASIS.API.Core/Managers/KeyManager.KeyOps.cs","410","public OASISResult<string> GetProviderUniqueStorageKeyForAvatarByEmail(string avatarEmail, ProviderType providerType = ProviderType.Default)","True","CoveredManagerDelegation"
"OASIS Architecture/NextGenSoftware.OASIS.API.Core/Managers/KeyManager.KeyOps.cs","429","public OASISResult<List<string>> GetProviderPublicKeysForAvatarById(Guid avatarId, ProviderType providerType = ProviderType.Default)","True","CoveredManagerDelegation"
"OASIS Architecture/NextGenSoftware.OASIS.API.Core/Managers/KeyManager.KeyOps.cs","455","public OASISResult<List<string>> GetProviderPublicKeysForAvatarByUsername(string avatarUsername, ProviderType providerType = ProviderType.Default)","True","CoveredManagerDelegation"
"OASIS Architecture/NextGenSoftware.OASIS.API.Core/Managers/KeyManager.KeyOps.cs","481","public OASISResult<List<string>> GetProviderPublicKeysForAvatarByEmail(string avatarEmail, ProviderType providerType = ProviderType.Default)","True","CoveredManagerDelegation"
"OASIS Architecture/NextGenSoftware.OASIS.API.Core/Managers/KeyManager.KeyOps.cs","508","public OASISResult<List<string>> GetProviderPrivateKeysForAvatarById(Guid avatarId, ProviderType providerType = ProviderType.Default)","True","CoveredManagerDelegation"
"OASIS Architecture/NextGenSoftware.OASIS.API.Core/Managers/KeyManager.KeyOps.cs","543","public OASISResult<List<string>> GetProviderPrivateKeysForAvatarByUsername(string avatarUsername, ProviderType providerType = ProviderType.Default)","True","CoveredManagerDelegation"
"OASIS Architecture/NextGenSoftware.OASIS.API.Core/Managers/KeyManager.KeyOps2.cs","25","public OASISResult<List<string>> GetProviderPrivateKeysForAvatarById(Guid avatarId, ProviderType providerType = ProviderType.Default)","True","CoveredManagerDelegation"
"OASIS Architecture/NextGenSoftware.OASIS.API.Core/Managers/KeyManager.KeyOps2.cs","60","public OASISResult<List<string>> GetProviderPrivateKeysForAvatarByUsername(string avatarUsername, ProviderType providerType = ProviderType.Default)","True","CoveredManagerDelegation"
"OASIS Architecture/NextGenSoftware.OASIS.API.Core/Managers/KeyManager.KeyOps2.cs","147","public OASISResult<Guid> GetAvatarIdForProviderUniqueStorageKey(string providerKey, ProviderType providerType = ProviderType.Default)","False","LocalOrchestration"
"OASIS Architecture/NextGenSoftware.OASIS.API.Core/Managers/KeyManager.KeyOps2.cs","170","public OASISResult<string> GetAvatarUsernameForProviderUniqueStorageKey(string providerKey, ProviderType providerType = ProviderType.Default)","False","LocalOrchestration"
"OASIS Architecture/NextGenSoftware.OASIS.API.Core/Managers/KeyManager.KeyOps2.cs","195","public OASISResult<string> GetAvatarEmailForProviderUniqueStorageKey(string providerKey, ProviderType providerType = ProviderType.Default)","False","LocalOrchestration"
"OASIS Architecture/NextGenSoftware.OASIS.API.Core/Managers/KeyManager.KeyOps2.cs","220","public OASISResult<IAvatar> GetAvatarForProviderUniqueStorageKey(string providerKey, ProviderType providerType = ProviderType.Default)","True","CoveredManagerDelegation"
"OASIS Architecture/NextGenSoftware.OASIS.API.Core/Managers/KeyManager.KeyOps2.cs","246","public OASISResult<Guid> GetAvatarIdForProviderPublicKey(string providerKey, ProviderType providerType = ProviderType.Default)","False","LocalOrchestration"
"OASIS Architecture/NextGenSoftware.OASIS.API.Core/Managers/KeyManager.KeyOps2.cs","271","public OASISResult<string> GetAvatarUsernameForProviderPublicKey(string providerKey, ProviderType providerType = ProviderType.Default)","False","LocalOrchestration"
"OASIS Architecture/NextGenSoftware.OASIS.API.Core/Managers/KeyManager.KeyOps2.cs","295","public OASISResult<string> GetAvatarEmailForProviderPublicKey(string providerKey, ProviderType providerType = ProviderType.Default)","False","LocalOrchestration"
"OASIS Architecture/NextGenSoftware.OASIS.API.Core/Managers/KeyManager.KeyOps2.cs","319","public OASISResult<IAvatar> GetAvatarForProviderPublicKey(string providerKey, ProviderType providerType = ProviderType.Default)","True","CoveredManagerDelegation"
"OASIS Architecture/NextGenSoftware.OASIS.API.Core/Managers/KeyManager.KeyOps2.cs","348","public OASISResult<Guid> GetAvatarIdForProviderPrivateKey(string providerKey, ProviderType providerType = ProviderType.Default)","True","CoveredManagerDelegation"
"OASIS Architecture/NextGenSoftware.OASIS.API.Core/Managers/KeyManager.KeyOps2.cs","373","public OASISResult<string> GetAvatarUsernameForProviderPrivateKey(string providerKey, ProviderType providerType = ProviderType.Default)","True","CoveredManagerDelegation"
"OASIS Architecture/NextGenSoftware.OASIS.API.Core/Managers/KeyManager.KeyOps2.cs","397","public OASISResult<string> GetAvatarEmailForProviderPrivateKey(string providerKey, ProviderType providerType = ProviderType.Default)","True","CoveredManagerDelegation"
"OASIS Architecture/NextGenSoftware.OASIS.API.Core/Managers/KeyManager.KeyOps2.cs","421","public OASISResult<IAvatar> GetAvatarForProviderPrivateKey(string providerKey, ProviderType providerType = ProviderType.Default)","True","CoveredManagerDelegation"
"OASIS Architecture/NextGenSoftware.OASIS.API.Core/Managers/KeyManager.KeyOps2.cs","453","public OASISResult<Guid> GetAvatarIdForProviderPrivateKey(string providerKey, ProviderType providerType = ProviderType.Default)","True","CoveredManagerDelegation"
"OASIS Architecture/NextGenSoftware.OASIS.API.Core/Managers/KeyManager.KeyOps2.cs","472","public OASISResult<string> GetAvatarUsernameForProviderPrivateKey(string providerKey, ProviderType providerType = ProviderType.Default)","True","CoveredManagerDelegation"
"OASIS Architecture/NextGenSoftware.OASIS.API.Core/Managers/KeyManager.KeyOps2.cs","490","public OASISResult<string> GetAvatarEmailForProviderPrivateKey(string providerKey, ProviderType providerType = ProviderType.Default)","True","CoveredManagerDelegation"
"OASIS Architecture/NextGenSoftware.OASIS.API.Core/Managers/KeyManager.KeyOps2.cs","509","public OASISResult<IAvatar> GetAvatarForProviderPrivateKey(string providerKey, ProviderType providerType = ProviderType.Default)","True","CoveredManagerDelegation"
"OASIS Architecture/NextGenSoftware.OASIS.API.Core/Managers/KeyManager.KeyOps2.cs","543","public OASISResult<Dictionary<ProviderType, string>> GetAllProviderUniqueStorageKeysForAvatarById(Guid avatarId, ProviderType providerType = ProviderType.Default)","True","CoveredManagerDelegation"
"OASIS Architecture/NextGenSoftware.OASIS.API.Core/Managers/KeyManager.KeyOps2.cs","556","public OASISResult<Dictionary<ProviderType, string>> GetAllProviderUniqueStorageKeysForAvatarByUsername(string username, ProviderType providerType = ProviderType.Default)","True","CoveredManagerDelegation"
"OASIS Architecture/NextGenSoftware.OASIS.API.Core/Managers/KeyManager.KeyOps2.cs","569","public OASISResult<Dictionary<ProviderType, string>> GetAllProviderUniqueStorageKeysForAvatarByEmail(string email, ProviderType providerType = ProviderType.Default)","True","CoveredManagerDelegation"
"OASIS Architecture/NextGenSoftware.OASIS.API.Core/Managers/KeyManager.KeyOps2.cs","584","public OASISResult<Dictionary<ProviderType, List<KeyPair>>> GetAllProviderKeyPairsForAvatarById(Guid avatarId, ProviderType providerType = ProviderType.Default)","True","CoveredManagerDelegation"
"OASIS Architecture/NextGenSoftware.OASIS.API.Core/Managers/KeyManager.KeyOps2.cs","617","public OASISResult<Dictionary<ProviderType, List<string>>> GetAllProviderWalletAddressesForAvatarById(Guid avatarId, ProviderType providerType = ProviderType.Default)","True","CoveredManagerDelegation"
"OASIS Architecture/NextGenSoftware.OASIS.API.Core/Managers/KeyManager.KeyOps2.cs","652","public OASISResult<Dictionary<ProviderType, List<string>>> GetAllProviderWalletAddressesForAvatarByUsername(string username, ProviderType providerType = ProviderType.Default)","True","CoveredManagerDelegation"
"OASIS Architecture/NextGenSoftware.OASIS.API.Core/Managers/KeyManager.LinkWallet.cs","25","public OASISResult<Dictionary<ProviderType, List<string>>> GetAllProviderWalletAddressesForAvatarByEmail(string email, ProviderType providerType = ProviderType.Default)","True","CoveredManagerDelegation"
"OASIS Architecture/NextGenSoftware.OASIS.API.Core/Managers/KeyManager.LinkWallet.cs","60","public OASISResult<Dictionary<ProviderType, List<string>>> GetAllProviderPublicKeysForAvatarById(Guid avatarId, ProviderType providerType = ProviderType.Default)","True","CoveredManagerDelegation"
"OASIS Architecture/NextGenSoftware.OASIS.API.Core/Managers/KeyManager.LinkWallet.cs","95","public OASISResult<Dictionary<ProviderType, List<string>>> GetAllProviderPublicKeysForAvatarByUsername(string username, ProviderType providerType = ProviderType.Default)","True","CoveredManagerDelegation"
"OASIS Architecture/NextGenSoftware.OASIS.API.Core/Managers/KeyManager.LinkWallet.cs","130","public OASISResult<Dictionary<ProviderType, List<string>>> GetAllProviderPublicKeysForAvatarByEmail(string email, ProviderType providerType = ProviderType.Default)","True","CoveredManagerDelegation"
"OASIS Architecture/NextGenSoftware.OASIS.API.Core/Managers/KeyManager.LinkWallet.cs","165","public OASISResult<Dictionary<ProviderType, List<string>>> GetAllProviderPrivateKeysForAvatarById(Guid avatarId, ProviderType providerType = ProviderType.Default)","True","CoveredManagerDelegation"
"OASIS Architecture/NextGenSoftware.OASIS.API.Core/Managers/KeyManager.LinkWallet.cs","213","public OASISResult<Dictionary<ProviderType, List<string>>> GetAllProviderPrivateKeysForAvatarByUsername(string username, ProviderType providerType = ProviderType.Default)","True","CoveredManagerDelegation"
"OASIS Architecture/NextGenSoftware.OASIS.API.Core/Managers/KeyManager.LinkWallet.cs","290","public OASISResult<string> GetPrivateWif(byte[] source)","False","LocalOrchestration"
"OASIS Architecture/NextGenSoftware.OASIS.API.Core/Managers/KeyManager.LinkWallet.cs","306","public OASISResult<string> GetPublicWif(byte[] publicKey, string prefix)","False","LocalOrchestration"
"OASIS Architecture/NextGenSoftware.OASIS.API.Core/Managers/KeyManager.LinkWallet.cs","322","public OASISResult<byte[]> DecodePrivateWif(string data)","False","LocalOrchestration"
"OASIS Architecture/NextGenSoftware.OASIS.API.Core/Managers/KeyManager.LinkWallet.cs","338","public OASISResult<byte[]> Base58CheckDecode(string data)","False","LocalOrchestration"
"OASIS Architecture/NextGenSoftware.OASIS.API.Core/Managers/KeyManager.LinkWallet.cs","354","public OASISResult<string> EncodeSignature(byte[] source)","False","LocalOrchestration"
"OASIS Architecture/NextGenSoftware.OASIS.API.Core/Managers/KeyManager.LinkWallet.cs","601","public async Task<OASISResult<Dictionary<string, object>>> GetKeyStatsAsync(Guid avatarId)","False","LocalOrchestration"
"OASIS Architecture/NextGenSoftware.OASIS.API.Core/Managers/LevelManager.cs","39","public static int GetLevelFromKarma(long karma)","False","LocalOrchestration"
"OASIS Architecture/NextGenSoftware.OASIS.API.Core/Managers/LevelManager.cs","58","public static void GenerateLevelLookup(bool showKarmaThreshholds = false)","False","LocalOrchestration"
"OASIS Architecture/NextGenSoftware.OASIS.API.Core/Managers/MessagingManager.cs","188","public async Task<OASISResult<bool>> SendMessageToAvatarAsync(Guid fromAvatarId, Guid toAvatarId, string content, MessagingType messageType = MessagingType.Direct)","True","CoveredManagerDelegation"
"OASIS Architecture/NextGenSoftware.OASIS.API.Core/Managers/MessagingManager.cs","268","public async Task<OASISResult<List<Message>>> GetMessagesAsync(Guid avatarId, int limit = 50, int offset = 0)","False","LocalOrchestration"
"OASIS Architecture/NextGenSoftware.OASIS.API.Core/Managers/MessagingManager.cs","297","public async Task<OASISResult<List<Message>>> GetConversationAsync(Guid avatarId1, Guid avatarId2, int limit = 50, int offset = 0)","False","LocalOrchestration"
"OASIS Architecture/NextGenSoftware.OASIS.API.Core/Managers/MessagingManager.cs","330","public async Task<OASISResult<bool>> MarkMessagesAsReadAsync(Guid avatarId, List<Guid> messageIds)","False","LocalOrchestration"
"OASIS Architecture/NextGenSoftware.OASIS.API.Core/Managers/MessagingManager.cs","380","public async Task<OASISResult<List<Notification>>> GetNotificationsAsync(Guid avatarId, int limit = 20, int offset = 0)","False","LocalOrchestration"
"OASIS Architecture/NextGenSoftware.OASIS.API.Core/Managers/MessagingManager.cs","420","public async Task<OASISResult<bool>> MarkNotificationsAsReadAsync(Guid avatarId, List<Guid> notificationIds)","True","CoveredManagerDelegation"
"OASIS Architecture/NextGenSoftware.OASIS.API.Core/Managers/OASIS HyperDrive/AdvancedAnalyticsEngine.cs","74","public void RecordAnalyticsData(ProviderType providerType, AnalyticsDataPoint dataPoint)","True","LocalHyperDriveAnalytics"
"OASIS Architecture/NextGenSoftware.OASIS.API.Core/Managers/OASIS HyperDrive/AdvancedAnalyticsEngine.cs","98","public async Task<Dictionary<string, decimal>> GetCurrentCostsAsync()","True","LocalHyperDriveAnalytics"
"OASIS Architecture/NextGenSoftware.OASIS.API.Core/Managers/OASIS HyperDrive/AdvancedAnalyticsEngine.cs","114","public async Task<Dictionary<string, List<decimal>>> GetCostHistoryAsync(string timeRange = ""Last30Days"")","True","LocalHyperDriveAnalytics"
"OASIS Architecture/NextGenSoftware.OASIS.API.Core/Managers/OASIS HyperDrive/AdvancedAnalyticsEngine.cs","138","public async Task<Dictionary<string, decimal>> GetCostProjectionsAsync()","True","LocalHyperDriveAnalytics"
"OASIS Architecture/NextGenSoftware.OASIS.API.Core/Managers/OASIS HyperDrive/AdvancedAnalyticsEngine.cs","156","public void SetCostLimits(Dictionary<string, decimal> limits)","True","LocalHyperDriveAnalytics"
"OASIS Architecture/NextGenSoftware.OASIS.API.Core/Managers/OASIS HyperDrive/AdvancedAnalyticsEngine.cs","170","public async Task<Dictionary<string, object>> GetSecurityRecommendationsAsync()","True","LocalHyperDriveAnalytics"
"OASIS Architecture/NextGenSoftware.OASIS.API.Core/Managers/OASIS HyperDrive/AdvancedAnalyticsEngine.cs","191","public async Task<AnalyticsReport> GetAnalyticsReportAsync(ProviderType? providerType = null, TimeRange timeRange = TimeRange.Last24Hours)","True","LocalHyperDriveAnalytics"
"OASIS Architecture/NextGenSoftware.OASIS.API.Core/Managers/OASIS HyperDrive/AdvancedAnalyticsEngine.cs","247","public async Task<DashboardData> GetDashboardDataAsync()","True","LocalHyperDriveAnalytics"
"OASIS Architecture/NextGenSoftware.OASIS.API.Core/Managers/OASIS HyperDrive/AdvancedAnalyticsEngine.cs","268","public async Task<PredictiveAnalytics> GetPredictiveAnalyticsAsync(ProviderType providerType, int forecastDays = 7)","True","LocalHyperDriveAnalytics"
"OASIS Architecture/NextGenSoftware.OASIS.API.Core/Managers/OASIS HyperDrive/AdvancedAnalyticsEngine.cs","301","public async Task<List<CostOptimizationRecommendation>> GetCostOptimizationRecommendationsAsync()","True","LocalHyperDriveAnalytics"
"OASIS Architecture/NextGenSoftware.OASIS.API.Core/Managers/OASIS HyperDrive/AdvancedAnalyticsEngine.cs","340","public async Task<List<PerformanceOptimizationRecommendation>> GetPerformanceOptimizationRecommendationsAsync()","True","LocalHyperDriveAnalytics"
"OASIS Architecture/NextGenSoftware.OASIS.API.Core/Managers/OASIS HyperDrive/AIOptimizationEngine.cs","61","public async Task<List<ProviderRecommendation>> GetProviderRecommendationsAsync( IRequest request, List<ProviderType> availableProviders, Dictionary<string, object> context = null)","True","LocalHyperDriveAnalytics"
"OASIS Architecture/NextGenSoftware.OASIS.API.Core/Managers/OASIS HyperDrive/AIOptimizationEngine.cs","251","public Task<OASISResult<bool>> RecordPerformanceDataAsync( ProviderType provider, IRequest request, OASISResult<object> result, long responseTimeMs)","True","LocalHyperDriveAnalytics"
"OASIS Architecture/NextGenSoftware.OASIS.API.Core/Managers/OASIS HyperDrive/AIOptimizationEngine.cs","310","public Task<OASISResult<bool>> TrainAsync()","True","LocalHyperDriveAnalytics"
"OASIS Architecture/NextGenSoftware.OASIS.API.Core/Managers/OASIS HyperDrive/AIOptimizationEngine.cs","338","public Task<List<OptimizationRecommendation>> GetSmartRecommendationsAsync()","True","LocalHyperDriveAnalytics"
"OASIS Architecture/NextGenSoftware.OASIS.API.Core/Managers/OASIS HyperDrive/AIOptimizationEngine.cs","371","public OASISResult<bool> RecordPerformanceData(ProviderType providerType, PerformanceDataPoint dataPoint)","True","LocalHyperDriveAnalytics"
"OASIS Architecture/NextGenSoftware.OASIS.API.Core/Managers/OASIS HyperDrive/FailurePredictionModel.cs","16","public void UpdateModel(FailureEvent failureEvent)","True","LocalHyperDriveAnalytics"
"OASIS Architecture/NextGenSoftware.OASIS.API.Core/Managers/OASIS HyperDrive/OASISHyperDrive.cs","75","public async Task<OASISResult<T>> RouteRequestAsync<T>( IRequest request, LoadBalancingStrategy strategy = LoadBalancingStrategy.Auto)","True","CentralV2Router"
"OASIS Architecture/NextGenSoftware.OASIS.API.Core/Managers/OASIS HyperDrive/OASISHyperDrive.cs","116","public async Task<OASISResult<T>> LoadBalanceRequestAsync<T>( IRequest request, LoadBalancingStrategy strategy = LoadBalancingStrategy.Auto)","True","CentralV2Router"
"OASIS Architecture/NextGenSoftware.OASIS.API.Core/Managers/OASIS HyperDrive/OASISHyperDrive.cs","143","public async Task<OASISResult<T>> FailoverRequestAsync<T>(IRequest request)","True","CentralV2Router"
"OASIS Architecture/NextGenSoftware.OASIS.API.Core/Managers/OASIS HyperDrive/OASISHyperDrive.cs","192","public async Task<OASISResult<List<T>>> ReplicateRequestAsync<T>(IRequest request)","True","CentralV2Router"
"OASIS Architecture/NextGenSoftware.OASIS.API.Core/Managers/OASIS HyperDrive/OASISHyperDrive.cs","394","public OASISResult<T> RouteRequest<T>(IRequest request, LoadBalancingStrategy strategy = LoadBalancingStrategy.Auto)","True","CentralV2Router"
"OASIS Architecture/NextGenSoftware.OASIS.API.Core/Managers/OASIS HyperDrive/OASISHyperDrive.cs","421","public OASISResult<T> RouteRequestToProvider<T>(IRequest request, ProviderType providerType)","True","CentralV2Router"
"OASIS Architecture/NextGenSoftware.OASIS.API.Core/Managers/OASIS HyperDrive/OASISHyperDrive.cs","445","public async Task<OASISResult<T>> RouteRequestToProviderAsync<T>(IRequest request, ProviderType providerType)","True","CentralV2Router"
"OASIS Architecture/NextGenSoftware.OASIS.API.Core/Managers/OASIS HyperDrive/OASISHyperDrive.cs","1458","public async Task<OASISResult<NetworkTopology>> GetNetworkTopologyAsync()","True","CentralV2Router"
"OASIS Architecture/NextGenSoftware.OASIS.API.Core/Managers/OASIS HyperDrive/OASISHyperDriveConfigManager.cs","55","public OASISHyperDriveConfig GetConfiguration()","True","LocalHyperDriveAnalytics"
"OASIS Architecture/NextGenSoftware.OASIS.API.Core/Managers/OASIS HyperDrive/OASISHyperDriveConfigManager.cs","66","public OASISResult<bool> UpdateConfiguration(OASISHyperDriveConfig config)","True","LocalHyperDriveAnalytics"
"OASIS Architecture/NextGenSoftware.OASIS.API.Core/Managers/OASIS HyperDrive/OASISHyperDriveConfigManager.cs","537","public OASISResult<bool> ResetToDefaults()","True","LocalHyperDriveAnalytics"
"OASIS Architecture/NextGenSoftware.OASIS.API.Core/Managers/OASIS HyperDrive/OASISHyperDriveConfigManager.cs","548","public OASISResult<bool> ValidateConfiguration()","True","LocalHyperDriveAnalytics"
"OASIS Architecture/NextGenSoftware.OASIS.API.Core/Managers/OASIS HyperDrive/OASISPersistence.cs","18","public static async Task<OASISResult<T>> LoadAsync<T>(string dataDir, string fileName)","True","LocalHyperDriveAnalytics"
"OASIS Architecture/NextGenSoftware.OASIS.API.Core/Managers/OASIS HyperDrive/OASISPersistence.cs","38","public static OASISResult<T> Load<T>(string dataDir, string fileName)","True","LocalHyperDriveAnalytics"
"OASIS Architecture/NextGenSoftware.OASIS.API.Core/Managers/OASIS HyperDrive/OASISPersistence.cs","57","public static async Task<OASISResult<bool>> SaveAsync<T>(string dataDir, string fileName, T state)","True","LocalHyperDriveAnalytics"
"OASIS Architecture/NextGenSoftware.OASIS.API.Core/Managers/OASIS HyperDrive/OASISPersistence.cs","77","public static OASISResult<bool> Save<T>(string dataDir, string fileName, T state)","True","LocalHyperDriveAnalytics"
"OASIS Architecture/NextGenSoftware.OASIS.API.Core/Managers/OASIS HyperDrive/PerformanceMonitor.cs","99","public void RecordRequest(ProviderType providerType, bool success, double responseTimeMs, double cost = 0)","True","LocalHyperDriveAnalytics"
"OASIS Architecture/NextGenSoftware.OASIS.API.Core/Managers/OASIS HyperDrive/PerformanceMonitor.cs","143","public void RecordConnection(ProviderType providerType, bool isConnecting)","True","LocalHyperDriveAnalytics"
"OASIS Architecture/NextGenSoftware.OASIS.API.Core/Managers/OASIS HyperDrive/PerformanceMonitor.cs","163","public void UpdateGeographicInfo(ProviderType providerType, GeographicInfo geoInfo)","True","LocalHyperDriveAnalytics"
"OASIS Architecture/NextGenSoftware.OASIS.API.Core/Managers/OASIS HyperDrive/PerformanceMonitor.cs","182","public void UpdateCostAnalysis(ProviderType providerType, CostAnalysis costAnalysis)","True","LocalHyperDriveAnalytics"
"OASIS Architecture/NextGenSoftware.OASIS.API.Core/Managers/OASIS HyperDrive/PerformanceMonitor.cs","200","public ProviderPerformanceMetrics GetMetrics(ProviderType providerType)","True","LocalHyperDriveAnalytics"
"OASIS Architecture/NextGenSoftware.OASIS.API.Core/Managers/OASIS HyperDrive/PerformanceMonitor.cs","211","public ProviderPerformanceMetrics GetProviderMetrics(ProviderType providerType)","True","LocalHyperDriveAnalytics"
"OASIS Architecture/NextGenSoftware.OASIS.API.Core/Managers/OASIS HyperDrive/PerformanceMonitor.cs","219","public Dictionary<ProviderType, ProviderPerformanceMetrics> GetAllMetrics()","True","LocalHyperDriveAnalytics"
"OASIS Architecture/NextGenSoftware.OASIS.API.Core/Managers/OASIS HyperDrive/PerformanceMonitor.cs","230","public int GetActiveConnections(ProviderType providerType)","True","LocalHyperDriveAnalytics"
"OASIS Architecture/NextGenSoftware.OASIS.API.Core/Managers/OASIS HyperDrive/PerformanceMonitor.cs","241","public GeographicInfo GetGeographicInfo(ProviderType providerType)","True","LocalHyperDriveAnalytics"
"OASIS Architecture/NextGenSoftware.OASIS.API.Core/Managers/OASIS HyperDrive/PerformanceMonitor.cs","252","public CostAnalysis GetCostAnalysis(ProviderType providerType)","True","LocalHyperDriveAnalytics"
"OASIS Architecture/NextGenSoftware.OASIS.API.Core/Managers/OASIS HyperDrive/PerformanceMonitor.cs","263","public double CalculateWeightedScore(ProviderType providerType, double performanceWeight = 0.4, double costWeight = 0.3, double geographicWeight = 0.2, double availabilityWeight = 0.1)","True","LocalHyperDriveAnalytics"
"OASIS Architecture/NextGenSoftware.OASIS.API.Core/Managers/OASIS HyperDrive/PerformanceMonitor.cs","286","public ProviderType GetBestProvider(List<ProviderType> availableProviders, LoadBalancingStrategy strategy = LoadBalancingStrategy.Auto)","True","LocalHyperDriveAnalytics"
"OASIS Architecture/NextGenSoftware.OASIS.API.Core/Managers/OASIS HyperDrive/PerformanceMonitor.cs","384","public void ResetMetrics(ProviderType providerType)","True","LocalHyperDriveAnalytics"
"OASIS Architecture/NextGenSoftware.OASIS.API.Core/Managers/OASIS HyperDrive/PerformanceMonitor.cs","405","public void ResetAllMetrics()","True","LocalHyperDriveAnalytics"
"OASIS Architecture/NextGenSoftware.OASIS.API.Core/Managers/OASIS HyperDrive/PerformanceMonitor.cs","420","public async Task RecordProviderSwitchAsync(EnumValue<ProviderType> fromProvider, EnumValue<ProviderType> toProvider)","True","LocalHyperDriveAnalytics"
"OASIS Architecture/NextGenSoftware.OASIS.API.Core/Managers/OASIS HyperDrive/PerformanceMonitor.cs","453","public async Task<OASISResult<bool>> UpdateMetricsAsync(EnumValue<ProviderType> providerType, OASISResult<object> result, long responseTimeMs)","True","LocalHyperDriveAnalytics"
"OASIS Architecture/NextGenSoftware.OASIS.API.Core/Managers/OASIS HyperDrive/PerformanceMonitor.cs","483","public decimal GetProviderCosts(ProviderType providerType)","True","LocalHyperDriveAnalytics"
"OASIS Architecture/NextGenSoftware.OASIS.API.Core/Managers/OASIS HyperDrive/PerformanceMonitor.cs","509","public List<decimal> GetProviderCostHistory(ProviderType providerType, int days)","True","LocalHyperDriveAnalytics"
"OASIS Architecture/NextGenSoftware.OASIS.API.Core/Managers/OASIS HyperDrive/PerformanceMonitor.cs","546","public decimal GetProviderCostGrowthRate(ProviderType providerType)","True","LocalHyperDriveAnalytics"
"OASIS Architecture/NextGenSoftware.OASIS.API.Core/Managers/OASIS HyperDrive/PerformanceMonitor.cs","565","public void SetProviderCostLimit(ProviderType providerType, decimal limit)","True","LocalHyperDriveAnalytics"
"OASIS Architecture/NextGenSoftware.OASIS.API.Core/Managers/OASIS HyperDrive/PredictiveFailoverEngine.cs","42","public ProviderType GetFailoverOverride(ProviderType provider)","True","LocalHyperDriveAnalytics"
"OASIS Architecture/NextGenSoftware.OASIS.API.Core/Managers/OASIS HyperDrive/PredictiveFailoverEngine.cs","67","public async Task<FailoverPrediction> PredictAndPreventFailuresAsync()","True","LocalHyperDriveAnalytics"
"OASIS Architecture/NextGenSoftware.OASIS.API.Core/Managers/OASIS HyperDrive/PredictiveFailoverEngine.cs","121","public async Task<ProviderFailurePrediction> PredictProviderFailureAsync(ProviderType providerType)","True","LocalHyperDriveAnalytics"
"OASIS Architecture/NextGenSoftware.OASIS.API.Core/Managers/OASIS HyperDrive/PredictiveFailoverEngine.cs","164","public void RecordFailureEvent(ProviderType providerType, FailureEvent failureEvent)","True","LocalHyperDriveAnalytics"
"OASIS Architecture/NextGenSoftware.OASIS.API.Core/Managers/OASIS HyperDrive/PredictiveFailoverEngine.cs","191","public async Task<OASISResult<bool>> InitiatePreventiveFailoverAsync(List<ProviderType> highRiskProviders)","True","LocalHyperDriveAnalytics"
"OASIS Architecture/NextGenSoftware.OASIS.API.Core/Managers/OASIS HyperDrive/PredictiveFailoverEngine.cs","255","public Dictionary<ProviderType, List<FailureEvent>> GetFailureHistory()","True","LocalHyperDriveAnalytics"
"OASIS Architecture/NextGenSoftware.OASIS.API.Core/Managers/OASIS HyperDrive/PredictiveFailoverEngine.cs","266","public FailurePredictionModel GetFailureModel(ProviderType providerType)","True","LocalHyperDriveAnalytics"
"OASIS Architecture/NextGenSoftware.OASIS.API.Core/Managers/OASIS HyperDrive/PredictiveFailoverEngine.cs","511","public void ClearFailoverOverride(ProviderType provider)","True","LocalHyperDriveAnalytics"
"OASIS Architecture/NextGenSoftware.OASIS.API.Core/Managers/OASIS HyperDrive/PredictiveFailoverEngine.cs","540","public List<PreventiveAction> GetPreventiveActions()","True","LocalHyperDriveAnalytics"
"OASIS Architecture/NextGenSoftware.OASIS.API.Core/Managers/OASIS HyperDrive/Provider Management/ProviderManager.Failover.cs","17","public bool SetAutoReplicationForProviders(bool autoReplicate, IEnumerable<ProviderType> providers)","True","RuntimeControlPlane"
"OASIS Architecture/NextGenSoftware.OASIS.API.Core/Managers/OASIS HyperDrive/Provider Management/ProviderManager.Failover.cs","22","public OASISResult<bool> SetAutoReplicationForProviders(bool autoReplicate, string providerList)","True","RuntimeControlPlane"
"OASIS Architecture/NextGenSoftware.OASIS.API.Core/Managers/OASIS HyperDrive/Provider Management/ProviderManager.Failover.cs","35","public OASISResult<bool> SetAndReplaceAutoReplicationListForProviders(string providerList)","True","RuntimeControlPlane"
"OASIS Architecture/NextGenSoftware.OASIS.API.Core/Managers/OASIS HyperDrive/Provider Management/ProviderManager.Failover.cs","51","public OASISResult<bool> SetAndReplaceAutoReplicationListForProviders(IEnumerable<EnumValue<ProviderType>> providerList)","True","RuntimeControlPlane"
"OASIS Architecture/NextGenSoftware.OASIS.API.Core/Managers/OASIS HyperDrive/Provider Management/ProviderManager.Failover.cs","57","public bool SetAutoReplicateForAllProviders(bool autoReplicate)","True","RuntimeControlPlane"
"OASIS Architecture/NextGenSoftware.OASIS.API.Core/Managers/OASIS HyperDrive/Provider Management/ProviderManager.Failover.cs","62","public bool SetAutoFailOverForProviders(bool addToFailOverList, IEnumerable<ProviderType> providers)","True","RuntimeControlPlane"
"OASIS Architecture/NextGenSoftware.OASIS.API.Core/Managers/OASIS HyperDrive/Provider Management/ProviderManager.Failover.cs","67","public bool SetAutoFailOverForProvidersForAvatarLogin(bool addToFailOverList, IEnumerable<ProviderType> providers)","True","RuntimeControlPlane"
"OASIS Architecture/NextGenSoftware.OASIS.API.Core/Managers/OASIS HyperDrive/Provider Management/ProviderManager.Failover.cs","72","public bool SetAutoFailOverForProvidersForCheckIfEmailAlreadyInUse(bool addToFailOverList, IEnumerable<ProviderType> providers)","True","RuntimeControlPlane"
"OASIS Architecture/NextGenSoftware.OASIS.API.Core/Managers/OASIS HyperDrive/Provider Management/ProviderManager.Failover.cs","77","public bool SetAutoFailOverForProvidersForCheckIfUsernameAlreadyInUse(bool addToFailOverList, IEnumerable<ProviderType> providers)","True","RuntimeControlPlane"
"OASIS Architecture/NextGenSoftware.OASIS.API.Core/Managers/OASIS HyperDrive/Provider Management/ProviderManager.Failover.cs","82","public bool SetAutoFailOverForProvidersForCheckIfOASISSystemAccountExists(bool addToFailOverList, IEnumerable<ProviderType> providers)","True","RuntimeControlPlane"
"OASIS Architecture/NextGenSoftware.OASIS.API.Core/Managers/OASIS HyperDrive/Provider Management/ProviderManager.Failover.cs","87","public bool SetAutoFailOverLocalForProviders(bool addToFailOverList, IEnumerable<ProviderType> providers)","True","RuntimeControlPlane"
"OASIS Architecture/NextGenSoftware.OASIS.API.Core/Managers/OASIS HyperDrive/Provider Management/ProviderManager.Failover.cs","92","public OASISResult<bool> SetAutoFailOverForProviders(bool addToFailOverList, string providerList)","True","RuntimeControlPlane"
"OASIS Architecture/NextGenSoftware.OASIS.API.Core/Managers/OASIS HyperDrive/Provider Management/ProviderManager.Failover.cs","105","public OASISResult<bool> SetAndReplaceAutoFailOverListForProviders(string providerList)","True","RuntimeControlPlane"
"OASIS Architecture/NextGenSoftware.OASIS.API.Core/Managers/OASIS HyperDrive/Provider Management/ProviderManager.Failover.cs","121","public OASISResult<bool> SetAndReplaceAutoFailOverListForProvidersForAvatarLogin(string providerList)","True","RuntimeControlPlane"
"OASIS Architecture/NextGenSoftware.OASIS.API.Core/Managers/OASIS HyperDrive/Provider Management/ProviderManager.Failover.cs","137","public OASISResult<bool> SetAndReplaceAutoFailOverListForProvidersForCheckIfEmailAlreadyInUse(string providerList)","True","RuntimeControlPlane"
"OASIS Architecture/NextGenSoftware.OASIS.API.Core/Managers/OASIS HyperDrive/Provider Management/ProviderManager.Failover.cs","153","public OASISResult<bool> SetAndReplaceAutoFailOverListForProvidersForCheckIfUsernameAlreadyInUse(string providerList)","True","RuntimeControlPlane"
"OASIS Architecture/NextGenSoftware.OASIS.API.Core/Managers/OASIS HyperDrive/Provider Management/ProviderManager.Failover.cs","169","public OASISResult<bool> SetAndReplaceAutoFailOverListForProviders(IEnumerable<EnumValue<ProviderType>> providerList)","True","RuntimeControlPlane"
"OASIS Architecture/NextGenSoftware.OASIS.API.Core/Managers/OASIS HyperDrive/Provider Management/ProviderManager.Failover.cs","175","public OASISResult<bool> SetAndReplaceAutoFailOverListForProvidersForAvatarLogin(IEnumerable<EnumValue<ProviderType>> providerList)","True","RuntimeControlPlane"
"OASIS Architecture/NextGenSoftware.OASIS.API.Core/Managers/OASIS HyperDrive/Provider Management/ProviderManager.Failover.cs","181","public OASISResult<bool> SetAndReplaceAutoFailOverListForProvidersForCheckIfEmailAlreadyInUse(IEnumerable<EnumValue<ProviderType>> providerList)","True","RuntimeControlPlane"
"OASIS Architecture/NextGenSoftware.OASIS.API.Core/Managers/OASIS HyperDrive/Provider Management/ProviderManager.Failover.cs","187","public OASISResult<bool> SetAndReplaceAutoFailOverListForProvidersForCheckIfUsernameAlreadyInUse(IEnumerable<EnumValue<ProviderType>> providerList)","True","RuntimeControlPlane"
"OASIS Architecture/NextGenSoftware.OASIS.API.Core/Managers/OASIS HyperDrive/Provider Management/ProviderManager.Failover.cs","193","public OASISResult<bool> SetAndReplaceAutoFailOverLocalListForProviders(string providerList)","True","RuntimeControlPlane"
"OASIS Architecture/NextGenSoftware.OASIS.API.Core/Managers/OASIS HyperDrive/Provider Management/ProviderManager.Failover.cs","209","public OASISResult<bool> SetAndReplaceAutoFailOverLocalListForProviders(IEnumerable<EnumValue<ProviderType>> providerList)","True","RuntimeControlPlane"
"OASIS Architecture/NextGenSoftware.OASIS.API.Core/Managers/OASIS HyperDrive/Provider Management/ProviderManager.Failover.cs","215","public OASISResult<T> ValidateProviderList<T>(string listName, string providerList)","True","RuntimeControlPlane"
"OASIS Architecture/NextGenSoftware.OASIS.API.Core/Managers/OASIS HyperDrive/Provider Management/ProviderManager.Failover.cs","229","public OASISResult<IEnumerable<ProviderType>> GetProvidersFromList(string listName, string providerList)","True","RuntimeControlPlane"
"OASIS Architecture/NextGenSoftware.OASIS.API.Core/Managers/OASIS HyperDrive/Provider Management/ProviderManager.Failover.cs","257","public OASISResult<IEnumerable<EnumValue<ProviderType>>> GetProvidersFromListAsEnumList(string listName, string providerList)","True","RuntimeControlPlane"
"OASIS Architecture/NextGenSoftware.OASIS.API.Core/Managers/OASIS HyperDrive/Provider Management/ProviderManager.Failover.cs","270","public bool SetAutoFailOverForAllProviders(bool addToFailOverList)","True","RuntimeControlPlane"
"OASIS Architecture/NextGenSoftware.OASIS.API.Core/Managers/OASIS HyperDrive/Provider Management/ProviderManager.Failover.cs","275","public bool SetAutoFailOverForAllProvidersForAvatarLogin(bool addToFailOverList)","True","RuntimeControlPlane"
"OASIS Architecture/NextGenSoftware.OASIS.API.Core/Managers/OASIS HyperDrive/Provider Management/ProviderManager.Failover.cs","280","public bool SetAutoFailOverForAllProvidersForCheckIfEmailAlreadyInUse(bool addToFailOverList)","True","RuntimeControlPlane"
"OASIS Architecture/NextGenSoftware.OASIS.API.Core/Managers/OASIS HyperDrive/Provider Management/ProviderManager.Failover.cs","285","public bool SetAutoFailOverForProvidersForCheckIfUsernameAlreadyInUse(bool addToFailOverList)","True","RuntimeControlPlane"
"OASIS Architecture/NextGenSoftware.OASIS.API.Core/Managers/OASIS HyperDrive/Provider Management/ProviderManager.Failover.cs","290","public bool SetAutoLoadBalanceForProviders(bool addToLoadBalanceList, IEnumerable<ProviderType> providers)","True","RuntimeControlPlane"
"OASIS Architecture/NextGenSoftware.OASIS.API.Core/Managers/OASIS HyperDrive/Provider Management/ProviderManager.Failover.cs","295","public OASISResult<bool> SetAutoLoadBalanceForProviders(bool addToLoadBalanceList, string providerList)","True","RuntimeControlPlane"
"OASIS Architecture/NextGenSoftware.OASIS.API.Core/Managers/OASIS HyperDrive/Provider Management/ProviderManager.Failover.cs","308","public OASISResult<bool> SetAndReplaceAutoLoadBalanceListForProviders(string providerList)","True","RuntimeControlPlane"
"OASIS Architecture/NextGenSoftware.OASIS.API.Core/Managers/OASIS HyperDrive/Provider Management/ProviderManager.Failover.cs","329","public OASISResult<bool> SetAndReplaceAutoLoadBalanceListForProviders(IEnumerable<EnumValue<ProviderType>> providerList)","True","RuntimeControlPlane"
"OASIS Architecture/NextGenSoftware.OASIS.API.Core/Managers/OASIS HyperDrive/Provider Management/ProviderManager.Failover.cs","335","public bool SetAutoLoadBalanceForAllProviders(bool addToLoadBalanceList)","True","RuntimeControlPlane"
"OASIS Architecture/NextGenSoftware.OASIS.API.Core/Managers/OASIS HyperDrive/Provider Management/ProviderManager.Failover.cs","340","public List<EnumValue<ProviderType>> GetProviderAutoLoadBalanceList()","True","RuntimeControlPlane"
"OASIS Architecture/NextGenSoftware.OASIS.API.Core/Managers/OASIS HyperDrive/Provider Management/ProviderManager.Failover.cs","345","public List<EnumValue<ProviderType>> GetProviderAutoFailOverList()","True","RuntimeControlPlane"
"OASIS Architecture/NextGenSoftware.OASIS.API.Core/Managers/OASIS HyperDrive/Provider Management/ProviderManager.Failover.cs","350","public List<EnumValue<ProviderType>> GetProviderAutoFailOverListForAvatarLogin()","True","RuntimeControlPlane"
"OASIS Architecture/NextGenSoftware.OASIS.API.Core/Managers/OASIS HyperDrive/Provider Management/ProviderManager.Failover.cs","355","public List<EnumValue<ProviderType>> GetProviderAutoFailOverListForCheckIfEmailAlreadyInUse()","True","RuntimeControlPlane"
"OASIS Architecture/NextGenSoftware.OASIS.API.Core/Managers/OASIS HyperDrive/Provider Management/ProviderManager.Failover.cs","360","public List<EnumValue<ProviderType>> GetProviderAutoFailOverListForCheckIfUsernameAlreadyInUse()","True","RuntimeControlPlane"
"OASIS Architecture/NextGenSoftware.OASIS.API.Core/Managers/OASIS HyperDrive/Provider Management/ProviderManager.Failover.cs","365","public List<EnumValue<ProviderType>> GetProviderAutoFailOverListForCheckIfOASISSystemAccountExists()","True","RuntimeControlPlane"
"OASIS Architecture/NextGenSoftware.OASIS.API.Core/Managers/OASIS HyperDrive/Provider Management/ProviderManager.Failover.cs","370","public List<EnumValue<ProviderType>> GetProviderAutoFailOverLocalList()","True","RuntimeControlPlane"
"OASIS Architecture/NextGenSoftware.OASIS.API.Core/Managers/OASIS HyperDrive/Provider Management/ProviderManager.Failover.cs","376","public OASISResult<IOASISStorageProvider> ActivateNextLocalAutoFailOverStorageProvider()","True","RuntimeControlPlane"
"OASIS Architecture/NextGenSoftware.OASIS.API.Core/Managers/OASIS HyperDrive/Provider Management/ProviderManager.LoadBalance.cs","18","public string GetProviderAutoFailOverListAsString()","True","RuntimeControlPlane"
"OASIS Architecture/NextGenSoftware.OASIS.API.Core/Managers/OASIS HyperDrive/Provider Management/ProviderManager.LoadBalance.cs","23","public string GetProviderAutoFailOverListForAvatarLoginAsString()","True","RuntimeControlPlane"
"OASIS Architecture/NextGenSoftware.OASIS.API.Core/Managers/OASIS HyperDrive/Provider Management/ProviderManager.LoadBalance.cs","28","public string GetProviderAutoFailOverListForCheckIfEmailAlreadyInUseAsString()","True","RuntimeControlPlane"
"OASIS Architecture/NextGenSoftware.OASIS.API.Core/Managers/OASIS HyperDrive/Provider Management/ProviderManager.LoadBalance.cs","33","public string GetProviderAutoFailOverListForCheckIfUsernameAlreadyInUseAsString()","True","RuntimeControlPlane"
"OASIS Architecture/NextGenSoftware.OASIS.API.Core/Managers/OASIS HyperDrive/Provider Management/ProviderManager.LoadBalance.cs","38","public string GetProvidersThatAreAutoReplicatingAsString()","True","RuntimeControlPlane"
"OASIS Architecture/NextGenSoftware.OASIS.API.Core/Managers/OASIS HyperDrive/Provider Management/ProviderManager.LoadBalance.cs","43","public string GetProviderAutoLoadBalanceListAsString()","True","RuntimeControlPlane"
"OASIS Architecture/NextGenSoftware.OASIS.API.Core/Managers/OASIS HyperDrive/Provider Management/ProviderManager.LoadBalance.cs","48","public string GetProviderAutoFailOverLocalListAsString()","True","RuntimeControlPlane"
"OASIS Architecture/NextGenSoftware.OASIS.API.Core/Managers/OASIS HyperDrive/Provider Management/ProviderManager.LoadBalance.cs","53","public string GetProviderListAsString(List<ProviderType> providerList)","True","RuntimeControlPlane"
"OASIS Architecture/NextGenSoftware.OASIS.API.Core/Managers/OASIS HyperDrive/Provider Management/ProviderManager.LoadBalance.cs","58","public string GetProviderListAsString(List<EnumValue<ProviderType>> providerList)","True","RuntimeControlPlane"
"OASIS Architecture/NextGenSoftware.OASIS.API.Core/Managers/OASIS HyperDrive/Provider Management/ProviderManager.LoadBalance.cs","81","public List<EnumValue<ProviderType>> GetProvidersThatAreAutoReplicating()","True","RuntimeControlPlane"
"OASIS Architecture/NextGenSoftware.OASIS.API.Core/Managers/OASIS HyperDrive/Provider Management/ProviderManager.LoadBalance.cs","127","public bool AddProvidersToAutoLoadBalanceList(IEnumerable<ProviderType> providers)","True","RuntimeControlPlane"
"OASIS Architecture/NextGenSoftware.OASIS.API.Core/Managers/OASIS HyperDrive/Provider Management/ProviderManager.LoadBalance.cs","135","public bool RemoveProvidersFromAutoLoadBalanceList(IEnumerable<ProviderType> providers)","True","RuntimeControlPlane"
"OASIS Architecture/NextGenSoftware.OASIS.API.Core/Managers/OASIS HyperDrive/Provider Management/ProviderManager.LoadBalance.cs","143","public void ClearAutoLoadBalanceList()","True","RuntimeControlPlane"
"OASIS Architecture/NextGenSoftware.OASIS.API.Core/Managers/OASIS HyperDrive/Provider Management/ProviderManager.LoadBalance.cs","155","public EnumValue<ProviderType> SelectOptimalProviderForLoadBalancing(LoadBalancingStrategy strategy = LoadBalancingStrategy.Auto)","True","RuntimeControlPlane"
"OASIS Architecture/NextGenSoftware.OASIS.API.Core/Managers/OASIS HyperDrive/Provider Management/ProviderManager.Register.cs","18","public bool RegisterProvider(IOASISProvider provider)","True","RuntimeControlPlane"
"OASIS Architecture/NextGenSoftware.OASIS.API.Core/Managers/OASIS HyperDrive/Provider Management/ProviderManager.Register.cs","30","public bool RegisterProviders(List<IOASISProvider> providers)","True","RuntimeControlPlane"
"OASIS Architecture/NextGenSoftware.OASIS.API.Core/Managers/OASIS HyperDrive/Provider Management/ProviderManager.Register.cs","40","public bool UnRegisterProvider(IOASISProvider provider)","True","RuntimeControlPlane"
"OASIS Architecture/NextGenSoftware.OASIS.API.Core/Managers/OASIS HyperDrive/Provider Management/ProviderManager.Register.cs","49","public bool UnRegisterProvider(ProviderType providerType)","True","RuntimeControlPlane"
"OASIS Architecture/NextGenSoftware.OASIS.API.Core/Managers/OASIS HyperDrive/Provider Management/ProviderManager.Register.cs","63","public bool UnRegisterProviders(List<ProviderType> providerTypes)","True","RuntimeControlPlane"
"OASIS Architecture/NextGenSoftware.OASIS.API.Core/Managers/OASIS HyperDrive/Provider Management/ProviderManager.Register.cs","71","public bool UnRegisterProviders(List<IOASISProvider> providers)","True","RuntimeControlPlane"
"OASIS Architecture/NextGenSoftware.OASIS.API.Core/Managers/OASIS HyperDrive/Provider Management/ProviderManager.Register.cs","79","public ProviderCategory GetProviderCategory(ProviderType providerType)","True","RuntimeControlPlane"
"OASIS Architecture/NextGenSoftware.OASIS.API.Core/Managers/OASIS HyperDrive/Provider Management/ProviderManager.Register.cs","90","public List<IOASISProvider> GetAllRegisteredProviders()","True","RuntimeControlPlane"
"OASIS Architecture/NextGenSoftware.OASIS.API.Core/Managers/OASIS HyperDrive/Provider Management/ProviderManager.Register.cs","95","public List<EnumValue<ProviderType>> GetAllRegisteredProviderTypes()","True","RuntimeControlPlane"
"OASIS Architecture/NextGenSoftware.OASIS.API.Core/Managers/OASIS HyperDrive/Provider Management/ProviderManager.Register.cs","100","public List<IOASISProvider> GetProvidersOfCategory(ProviderCategory category)","True","RuntimeControlPlane"
"OASIS Architecture/NextGenSoftware.OASIS.API.Core/Managers/OASIS HyperDrive/Provider Management/ProviderManager.Register.cs","105","public List<ProviderType> GetProviderTypesOfCategory(ProviderCategory category)","True","RuntimeControlPlane"
"OASIS Architecture/NextGenSoftware.OASIS.API.Core/Managers/OASIS HyperDrive/Provider Management/ProviderManager.Register.cs","110","public List<IOASISStorageProvider> GetStorageProviders()","True","RuntimeControlPlane"
"OASIS Architecture/NextGenSoftware.OASIS.API.Core/Managers/OASIS HyperDrive/Provider Management/ProviderManager.Register.cs","120","public List<ProviderType> GetStorageProviderTypes()","True","RuntimeControlPlane"
"OASIS Architecture/NextGenSoftware.OASIS.API.Core/Managers/OASIS HyperDrive/Provider Management/ProviderManager.Register.cs","126","public List<IOASISNETProvider> GetNetworkProviders()","True","RuntimeControlPlane"
"OASIS Architecture/NextGenSoftware.OASIS.API.Core/Managers/OASIS HyperDrive/Provider Management/ProviderManager.Register.cs","136","public List<IOASISBlockchainStorageProvider> GetAllBlockchainProviders()","True","RuntimeControlPlane"
"OASIS Architecture/NextGenSoftware.OASIS.API.Core/Managers/OASIS HyperDrive/Provider Management/ProviderManager.Register.cs","156","public List<IOASISBlockchainStorageProvider> GetAllEVMBlockchainProviders()","True","RuntimeControlPlane"
"OASIS Architecture/NextGenSoftware.OASIS.API.Core/Managers/OASIS HyperDrive/Provider Management/ProviderManager.Register.cs","175","public bool IsProviderEVMBlockchain(ProviderType providerType)","True","RuntimeControlPlane"
"OASIS Architecture/NextGenSoftware.OASIS.API.Core/Managers/OASIS HyperDrive/Provider Management/ProviderManager.Register.cs","186","public bool IsProviderBlockchain(ProviderType providerType)","True","RuntimeControlPlane"
"OASIS Architecture/NextGenSoftware.OASIS.API.Core/Managers/OASIS HyperDrive/Provider Management/ProviderManager.Register.cs","197","public List<IOASISProvider> GetCloudProviders()","True","RuntimeControlPlane"
"OASIS Architecture/NextGenSoftware.OASIS.API.Core/Managers/OASIS HyperDrive/Provider Management/ProviderManager.Register.cs","202","public List<IOASISProvider> GetSocialProviders()","True","RuntimeControlPlane"
"OASIS Architecture/NextGenSoftware.OASIS.API.Core/Managers/OASIS HyperDrive/Provider Management/ProviderManager.Register.cs","207","public List<IOASISProvider> GetIdentityProviders()","True","RuntimeControlPlane"
"OASIS Architecture/NextGenSoftware.OASIS.API.Core/Managers/OASIS HyperDrive/Provider Management/ProviderManager.Register.cs","212","public List<IOASISProvider> GetAIProviders()","True","RuntimeControlPlane"
"OASIS Architecture/NextGenSoftware.OASIS.API.Core/Managers/OASIS HyperDrive/Provider Management/ProviderManager.Register.cs","217","public List<IOASISProvider> GetMapProviders()","True","RuntimeControlPlane"
"OASIS Architecture/NextGenSoftware.OASIS.API.Core/Managers/OASIS HyperDrive/Provider Management/ProviderManager.Register.cs","222","public List<IOASISProvider> GetSpatialProviders()","True","RuntimeControlPlane"
"OASIS Architecture/NextGenSoftware.OASIS.API.Core/Managers/OASIS HyperDrive/Provider Management/ProviderManager.Register.cs","243","public bool IsProviderCloud(ProviderType providerType)","True","RuntimeControlPlane"
"OASIS Architecture/NextGenSoftware.OASIS.API.Core/Managers/OASIS HyperDrive/Provider Management/ProviderManager.Register.cs","254","public bool IsProviderSocial(ProviderType providerType)","True","RuntimeControlPlane"
"OASIS Architecture/NextGenSoftware.OASIS.API.Core/Managers/OASIS HyperDrive/Provider Management/ProviderManager.Register.cs","265","public bool IsProviderIdentity(ProviderType providerType)","True","RuntimeControlPlane"
"OASIS Architecture/NextGenSoftware.OASIS.API.Core/Managers/OASIS HyperDrive/Provider Management/ProviderManager.Register.cs","276","public bool IsProviderAI(ProviderType providerType)","True","RuntimeControlPlane"
"OASIS Architecture/NextGenSoftware.OASIS.API.Core/Managers/OASIS HyperDrive/Provider Management/ProviderManager.Register.cs","287","public List<ProviderType> GetNetworkProviderTypes()","True","RuntimeControlPlane"
"OASIS Architecture/NextGenSoftware.OASIS.API.Core/Managers/OASIS HyperDrive/Provider Management/ProviderManager.Register.cs","299","public List<ProviderType> GetProviderTypes(List<IOASISProvider> providers)","True","RuntimeControlPlane"
"OASIS Architecture/NextGenSoftware.OASIS.API.Core/Managers/OASIS HyperDrive/Provider Management/ProviderManager.Register.cs","309","public List<IOASISRenderer> GetRendererProviders()","True","RuntimeControlPlane"
"OASIS Architecture/NextGenSoftware.OASIS.API.Core/Managers/OASIS HyperDrive/Provider Management/ProviderManager.Register.cs","319","public IOASISProvider GetProvider(ProviderType type)","True","RuntimeControlPlane"
"OASIS Architecture/NextGenSoftware.OASIS.API.Core/Managers/OASIS HyperDrive/Provider Management/ProviderManager.Register.cs","324","public IOASISStorageProvider GetStorageProvider(ProviderType type)","True","RuntimeControlPlane"
"OASIS Architecture/NextGenSoftware.OASIS.API.Core/Managers/OASIS HyperDrive/Provider Management/ProviderManager.Register.cs","335","public OASISResult<IOASISStorageProvider> ResolveStorageProvider(ProviderType providerType)","True","RuntimeControlPlane"
"OASIS Architecture/NextGenSoftware.OASIS.API.Core/Managers/OASIS HyperDrive/Provider Management/ProviderManager.Register.cs","359","public async Task<OASISResult<IOASISStorageProvider>> ResolveStorageProviderAsync(ProviderType providerType)","True","RuntimeControlPlane"
"OASIS Architecture/NextGenSoftware.OASIS.API.Core/Managers/OASIS HyperDrive/Provider Management/ProviderManager.Register.cs","417","public IOASISNETProvider GetNetworkProvider(ProviderType type)","True","RuntimeControlPlane"
"OASIS Architecture/NextGenSoftware.OASIS.API.Core/Managers/OASIS HyperDrive/Provider Management/ProviderManager.Register.cs","423","public IOASISRenderer GetRendererProvider(ProviderType type)","True","RuntimeControlPlane"
"OASIS Architecture/NextGenSoftware.OASIS.API.Core/Managers/OASIS HyperDrive/Provider Management/ProviderManager.Register.cs","429","public bool IsProviderRegistered(IOASISProvider provider)","True","RuntimeControlPlane"
"OASIS Architecture/NextGenSoftware.OASIS.API.Core/Managers/OASIS HyperDrive/Provider Management/ProviderManager.Register.cs","434","public bool IsProviderRegistered(ProviderType providerType)","True","RuntimeControlPlane"
"OASIS Architecture/NextGenSoftware.OASIS.API.Core/Managers/OASIS HyperDrive/Provider Management/ProviderManager.Register.cs","447","public OASISResult<IOASISStorageProvider> SetAndActivateCurrentStorageProvider(ProviderType providerType)","True","RuntimeControlPlane"
"OASIS Architecture/NextGenSoftware.OASIS.API.Core/Managers/OASIS HyperDrive/Provider Management/ProviderManager.Register.cs","459","public async Task<OASISResult<IOASISStorageProvider>> SetAndActivateCurrentStorageProviderAsync(ProviderType providerType)","True","RuntimeControlPlane"
"OASIS Architecture/NextGenSoftware.OASIS.API.Core/Managers/OASIS HyperDrive/Provider Management/ProviderManager.Register.cs","472","public async Task<OASISResult<IOASISStorageProvider>> SetAndActivateCurrentStorageProviderAsync()","True","RuntimeControlPlane"
"OASIS Architecture/NextGenSoftware.OASIS.API.Core/Managers/OASIS HyperDrive/Provider Management/ProviderManager.Register.cs","490","public OASISResult<IOASISStorageProvider> SetAndActivateCurrentStorageProvider()","True","RuntimeControlPlane"
"OASIS Architecture/NextGenSoftware.OASIS.API.Core/Managers/OASIS HyperDrive/Provider Management/ProviderManager.Register.cs","508","public OASISResult<IOASISStorageProvider> SetAndActivateCurrentStorageProvider(IOASISProvider OASISProvider)","True","RuntimeControlPlane"
"OASIS Architecture/NextGenSoftware.OASIS.API.Core/Managers/OASIS HyperDrive/Provider Management/ProviderManager.Register.cs","524","public async Task<OASISResult<IOASISStorageProvider>> SetAndActivateCurrentStorageProviderAsync(IOASISProvider OASISProvider)","True","RuntimeControlPlane"
"OASIS Architecture/NextGenSoftware.OASIS.API.Core/Managers/OASIS HyperDrive/Provider Management/ProviderManager.Register.cs","542","public OASISResult<IOASISStorageProvider> SetAndActivateCurrentStorageProvider(ProviderType providerType, bool setGlobally = false)","True","RuntimeControlPlane"
"OASIS Architecture/NextGenSoftware.OASIS.API.Core/Managers/OASIS HyperDrive/Provider Management/ProviderManager.Register.cs","596","public async Task<OASISResult<IOASISStorageProvider>> SetAndActivateCurrentStorageProviderAsync(ProviderType providerType, bool setGlobally = false)","True","RuntimeControlPlane"
"OASIS Architecture/NextGenSoftware.OASIS.API.Core/Managers/OASIS HyperDrive/Provider Management/ProviderManager.Register.cs","650","public async Task<OASISResult<bool>> ActivateProviderAsync(ProviderType type)","True","RuntimeControlPlane"
"OASIS Architecture/NextGenSoftware.OASIS.API.Core/Managers/OASIS HyperDrive/Provider Management/ProviderManager.Register.cs","655","public async Task<OASISResult<bool>> ActivateProviderAsync(IOASISProvider provider)","True","RuntimeControlPlane"
"OASIS Architecture/NextGenSoftware.OASIS.API.Core/Managers/OASIS HyperDrive/Provider Management/ProviderManager.Register.cs","694","public OASISResult<bool> ActivateProvider(ProviderType type)","True","RuntimeControlPlane"
"OASIS Architecture/NextGenSoftware.OASIS.API.Core/Managers/OASIS HyperDrive/Provider Management/ProviderManager.Register.cs","699","public OASISResult<bool> ActivateProvider(IOASISProvider provider)","True","RuntimeControlPlane"
"OASIS Architecture/NextGenSoftware.OASIS.API.Core/Managers/OASIS HyperDrive/Provider Management/ProviderManager.Register.cs","730","public OASISResult<bool> DeActivateProvider(ProviderType type)","True","RuntimeControlPlane"
"OASIS Architecture/NextGenSoftware.OASIS.API.Core/Managers/OASIS HyperDrive/Provider Management/ProviderManager.Register.cs","735","public OASISResult<bool> DeActivateProvider(IOASISProvider provider)","True","RuntimeControlPlane"
"OASIS Architecture/NextGenSoftware.OASIS.API.Core/Managers/OASIS HyperDrive/Provider Management/ProviderManager.Register.cs","766","public async Task<OASISResult<bool>> DeActivateProviderAsync(ProviderType type)","True","RuntimeControlPlane"
"OASIS Architecture/NextGenSoftware.OASIS.API.Core/Managers/OASIS HyperDrive/Provider Management/ProviderManager.Register.cs","771","public async Task<OASISResult<bool>> DeActivateProviderAsync(IOASISProvider provider)","True","RuntimeControlPlane"
"OASIS Architecture/NextGenSoftware.OASIS.API.Core/Managers/OASIS HyperDrive/Provider Management/ProviderManager.RuntimePolicy.cs","26","public OASISResult<bool> ApplyHyperDriveConfiguration(OASISHyperDriveConfig configuration)","True","RuntimeControlPlane"
"OASIS Architecture/NextGenSoftware.OASIS.API.Core/Managers/OASIS HyperDrive/Provider Management/ProviderManager.RuntimePolicy.cs","71","public void MarkLegacyStorageProviderConfigurationApplied()","True","RuntimeControlPlane"
"OASIS Architecture/NextGenSoftware.OASIS.API.Core/Managers/OASIS HyperDrive/Provider Management/ProviderManager.RuntimePolicy.cs","80","public OASISResult<bool> ApplyLegacyStorageProviderConfiguration(StorageProviderSettings configuration)","True","RuntimeControlPlane"
"OASIS Architecture/NextGenSoftware.OASIS.API.Core/Managers/OASIS HyperDrive/Provider Management/ProviderRegistry.cs","64","public List<EnumValue<ProviderType>> GetAvailableProviders(ProviderCategory category = ProviderCategory.All)","True","RuntimeControlPlane"
"OASIS Architecture/NextGenSoftware.OASIS.API.Core/Managers/OASIS HyperDrive/Provider Management/ProviderRegistry.cs","105","public List<EnumValue<ProviderType>> GetAvailableProviders()","True","RuntimeControlPlane"
"OASIS Architecture/NextGenSoftware.OASIS.API.Core/Managers/OASIS HyperDrive/Provider Management/ProviderRegistry.cs","113","public void RegisterStorageProvider(ProviderType providerType, IOASISStorageProvider provider)","True","RuntimeControlPlane"
"OASIS Architecture/NextGenSoftware.OASIS.API.Core/Managers/OASIS HyperDrive/Provider Management/ProviderRegistry.cs","121","public void RegisterNetworkProvider(ProviderType providerType, IOASISNETProvider provider)","True","RuntimeControlPlane"
"OASIS Architecture/NextGenSoftware.OASIS.API.Core/Managers/OASIS HyperDrive/Provider Management/ProviderRegistry.cs","129","public void RegisterKeyManagerProvider(ProviderType providerType, IOASISKeyManagerProvider provider)","True","RuntimeControlPlane"
"OASIS Architecture/NextGenSoftware.OASIS.API.Core/Managers/OASIS HyperDrive/Provider Management/ProviderRegistry.cs","137","public void RegisterSearchProvider(ProviderType providerType, IOASISSearchProvider provider)","True","RuntimeControlPlane"
"OASIS Architecture/NextGenSoftware.OASIS.API.Core/Managers/OASIS HyperDrive/Provider Management/ProviderRegistry.cs","145","public void RegisterNFTProvider(ProviderType providerType, IOASISNFTProvider provider)","True","RuntimeControlPlane"
"OASIS Architecture/NextGenSoftware.OASIS.API.Core/Managers/OASIS HyperDrive/Provider Management/ProviderRegistry.cs","153","public void RegisterMapProvider(ProviderType providerType, IOASISMapProvider provider)","True","RuntimeControlPlane"
"OASIS Architecture/NextGenSoftware.OASIS.API.Core/Managers/OASIS HyperDrive/Provider Management/ProviderRegistry.cs","161","public IOASISStorageProvider GetStorageProvider(ProviderType providerType)","True","RuntimeControlPlane"
"OASIS Architecture/NextGenSoftware.OASIS.API.Core/Managers/OASIS HyperDrive/Provider Management/ProviderRegistry.cs","169","public IOASISNETProvider GetNetworkProvider(ProviderType providerType)","True","RuntimeControlPlane"
"OASIS Architecture/NextGenSoftware.OASIS.API.Core/Managers/OASIS HyperDrive/Provider Management/ProviderRegistry.cs","177","public IOASISKeyManagerProvider GetKeyManagerProvider(ProviderType providerType)","True","RuntimeControlPlane"
"OASIS Architecture/NextGenSoftware.OASIS.API.Core/Managers/OASIS HyperDrive/Provider Management/ProviderRegistry.cs","185","public IOASISSearchProvider GetSearchProvider(ProviderType providerType)","True","RuntimeControlPlane"
"OASIS Architecture/NextGenSoftware.OASIS.API.Core/Managers/OASIS HyperDrive/Provider Management/ProviderRegistry.cs","193","public IOASISNFTProvider GetNFTProvider(ProviderType providerType)","True","RuntimeControlPlane"
"OASIS Architecture/NextGenSoftware.OASIS.API.Core/Managers/OASIS HyperDrive/Provider Management/ProviderRegistry.cs","201","public IOASISMapProvider GetMapProvider(ProviderType providerType)","True","RuntimeControlPlane"
"OASIS Architecture/NextGenSoftware.OASIS.API.Core/Managers/OASIS HyperDrive/Provider Management/ProviderRegistry.cs","209","public bool IsProviderRegistered(ProviderType providerType, ProviderCategory category)","True","RuntimeControlPlane"
"OASIS Architecture/NextGenSoftware.OASIS.API.Core/Managers/OASIS HyperDrive/Provider Management/ProviderSelector.cs","52","public EnumValue<ProviderType> SelectOptimalProviderForLoadBalancing(LoadBalancingStrategy strategy = LoadBalancingStrategy.Auto)","True","RuntimeControlPlane"
"OASIS Architecture/NextGenSoftware.OASIS.API.Core/Managers/OASIS HyperDrive/Provider Management/ProviderSelector.cs","260","public EnumValue<ProviderType> SelectFailoverProvider(EnumValue<ProviderType> currentProvider)","True","RuntimeControlPlane"
"OASIS Architecture/NextGenSoftware.OASIS.API.Core/Managers/OASIS HyperDrive/Provider Management/ProviderSelector.cs","276","public EnumValue<ProviderType> SelectReplicationProvider(EnumValue<ProviderType> currentProvider)","True","RuntimeControlPlane"
"OASIS Architecture/NextGenSoftware.OASIS.API.Core/Managers/OASIS HyperDrive/Provider Management/ProviderSwitcher.cs","49","public async Task<OASISResult<bool>> SwitchStorageProviderAsync(ProviderType newProviderType)","True","RuntimeControlPlane"
"OASIS Architecture/NextGenSoftware.OASIS.API.Core/Managers/OASIS HyperDrive/Provider Management/ProviderSwitcher.cs","58","public async Task<OASISResult<bool>> SwitchNetworkProviderAsync(ProviderType newProviderType)","True","RuntimeControlPlane"
"OASIS Architecture/NextGenSoftware.OASIS.API.Core/Managers/OASIS HyperDrive/Provider Management/ProviderSwitcher.cs","67","public async Task<OASISResult<bool>> SwitchKeyManagerProviderAsync(ProviderType newProviderType)","True","RuntimeControlPlane"
"OASIS Architecture/NextGenSoftware.OASIS.API.Core/Managers/OASIS HyperDrive/Provider Management/ProviderSwitcher.cs","76","public async Task<OASISResult<bool>> SwitchSearchProviderAsync(ProviderType newProviderType)","True","RuntimeControlPlane"
"OASIS Architecture/NextGenSoftware.OASIS.API.Core/Managers/OASIS HyperDrive/Provider Management/ProviderSwitcher.cs","85","public async Task<OASISResult<bool>> SwitchNFTProviderAsync(ProviderType newProviderType)","True","RuntimeControlPlane"
"OASIS Architecture/NextGenSoftware.OASIS.API.Core/Managers/OASIS HyperDrive/Provider Management/ProviderSwitcher.cs","94","public async Task<OASISResult<bool>> SwitchMapProviderAsync(ProviderType newProviderType)","True","RuntimeControlPlane"
"OASIS Architecture/NextGenSoftware.OASIS.API.Core/Managers/OASIS HyperDrive/Provider Management/ProviderSwitcher.cs","208","public async Task<OASISResult<bool>> AutoSwitchProviderAsync(ProviderCategory category, string reason = ""Performance issue"")","True","RuntimeControlPlane"
"OASIS Architecture/NextGenSoftware.OASIS.API.Core/Managers/OASIS HyperDrive/Provider Management/ProviderSwitcher.cs","267","public OASISResult<ProviderSwitchStatus> GetSwitchStatus()","True","RuntimeControlPlane"
"OASIS Architecture/NextGenSoftware.OASIS.API.Core/Managers/OASIS HyperDrive/ReplicatorManager.cs","24","public IReadOnlyList<IOASISStorageProvider> OASISStorageProviders => _providerManager.GetProvidersThatAreAutoReplicating()","True","LocalHyperDriveAnalytics"
"OASIS Architecture/NextGenSoftware.OASIS.API.Core/Managers/OASIS HyperDrive/ReplicatorManager.cs","46","public OASISResult<bool> ConfigureReplicationProviders(IEnumerable<ProviderType> providerTypes)","True","LocalHyperDriveAnalytics"
"OASIS Architecture/NextGenSoftware.OASIS.API.Core/Managers/OASIS HyperDrive/ReplicatorManager.cs","66","public Task<OASISResult<List<T>>> ReplicateAsync<T>(IRequest request)","True","LocalHyperDriveAnalytics"
"OASIS Architecture/NextGenSoftware.OASIS.API.Core/Managers/OASIS HyperDrive/Synchronization/HostedHyperDriveCompactionPolicy.cs","9","public static long CalculateSafeSequence(long currentSequence, IEnumerable<long> activeDeviceSequences)","True","HostedTransactionalBoundary"
"OASIS Architecture/NextGenSoftware.OASIS.API.Core/Managers/OASIS HyperDrive/Synchronization/HostedHyperDriveFanOutDispatcher.cs","27","public async Task<OASISResult<HostedFanOutDispatchResult>> DispatchOnceAsync(int maximumCount = 25, TimeSpan? leaseDuration = null, CancellationToken cancellationToken = default)","True","HostedTransactionalBoundary"
"OASIS Architecture/NextGenSoftware.OASIS.API.Core/Managers/OASIS HyperDrive/Synchronization/HostedHyperDriveSnapshotPaging.cs","13","public static HostedHyperDriveSnapshotPageWindow GetWindow(int itemCount, int pageSize, int pageIndex)","True","HostedTransactionalBoundary"
"OASIS Architecture/NextGenSoftware.OASIS.API.Core/Managers/OASIS HyperDrive/Synchronization/HostedHyperDriveSnapshotPaging.cs","28","public static bool IsComplete(int itemCount, long offset, int returnedCount)","True","HostedTransactionalBoundary"
"OASIS Architecture/NextGenSoftware.OASIS.API.Core/Managers/OASIS HyperDrive/Synchronization/HostedHyperDriveSyncProcessor.cs","28","public async Task<OASISResult<SyncExchangeResponse>> ExchangeAsync(Guid authenticatedAvatarId, SyncExchangeRequest request, CancellationToken cancellationToken)","True","HostedTransactionalBoundary"
"OASIS Architecture/NextGenSoftware.OASIS.API.Core/Managers/OASIS HyperDrive/Synchronization/HostedOASISSyncProvider.cs","48","public override OASISResult<bool> ActivateProvider()","True","HostedTransactionalBoundary"
"OASIS Architecture/NextGenSoftware.OASIS.API.Core/Managers/OASIS HyperDrive/Synchronization/HostedOASISSyncProvider.cs","54","public override Task<OASISResult<bool>> ActivateProviderAsync()","True","HostedTransactionalBoundary"
"OASIS Architecture/NextGenSoftware.OASIS.API.Core/Managers/OASIS HyperDrive/Synchronization/HostedOASISSyncProvider.cs","57","public override OASISResult<bool> DeActivateProvider()","True","HostedTransactionalBoundary"
"OASIS Architecture/NextGenSoftware.OASIS.API.Core/Managers/OASIS HyperDrive/Synchronization/HostedOASISSyncProvider.cs","63","public override Task<OASISResult<bool>> DeActivateProviderAsync()","True","HostedTransactionalBoundary"
"OASIS Architecture/NextGenSoftware.OASIS.API.Core/Managers/OASIS HyperDrive/Synchronization/HostedOASISSyncProvider.cs","66","public Task<OASISResult<SyncExchangeResponse>> ExchangeAsync(SyncExchangeRequest request, CancellationToken cancellationToken)","True","HostedTransactionalBoundary"
"OASIS Architecture/NextGenSoftware.OASIS.API.Core/Managers/OASIS HyperDrive/Synchronization/HostedOASISSyncProvider.cs","71","public Task<OASISResult<bool>> BindPeerAsync(BindHyperDrivePeerRequest request, CancellationToken cancellationToken)","True","HostedTransactionalBoundary"
"OASIS Architecture/NextGenSoftware.OASIS.API.Core/Managers/OASIS HyperDrive/Synchronization/HostedOASISSyncProvider.cs","76","public Task<OASISResult<HyperDriveOfflineSessionGrant>> IssueOfflineSessionGrantAsync( IssueHyperDriveOfflineSessionGrantRequest request, CancellationToken cancellationToken)","True","HostedTransactionalBoundary"
"OASIS Architecture/NextGenSoftware.OASIS.API.Core/Managers/OASIS HyperDrive/Synchronization/HostedOASISSyncProvider.cs","82","public void SetOfflineSessionGrant(HyperDriveOfflineSessionGrant grant)","True","HostedTransactionalBoundary"
"OASIS Architecture/NextGenSoftware.OASIS.API.Core/Managers/OASIS HyperDrive/Synchronization/HttpHyperDriveSyncTransport.cs","22","public void SetOfflineSessionGrant(HyperDriveOfflineSessionGrant grant)","True","HostedTransactionalBoundary"
"OASIS Architecture/NextGenSoftware.OASIS.API.Core/Managers/OASIS HyperDrive/Synchronization/HttpHyperDriveSyncTransport.cs","36","public async Task<OASISResult<HyperDriveOfflineSessionGrant>> IssueOfflineSessionGrantAsync( IssueHyperDriveOfflineSessionGrantRequest request, CancellationToken cancellationToken)","True","HostedTransactionalBoundary"
"OASIS Architecture/NextGenSoftware.OASIS.API.Core/Managers/OASIS HyperDrive/Synchronization/HttpHyperDriveSyncTransport.cs","70","public async Task<OASISResult<bool>> BindPeerAsync(BindHyperDrivePeerRequest request, CancellationToken cancellationToken)","True","HostedTransactionalBoundary"
"OASIS Architecture/NextGenSoftware.OASIS.API.Core/Managers/OASIS HyperDrive/Synchronization/HttpHyperDriveSyncTransport.cs","106","public async Task<OASISResult<SyncExchangeResponse>> ExchangeAsync(SyncExchangeRequest request, CancellationToken cancellationToken)","True","HostedTransactionalBoundary"
"OASIS Architecture/NextGenSoftware.OASIS.API.Core/Managers/OASIS HyperDrive/Synchronization/HyperDriveSyncCoordinator.cs","40","public async Task<OASISResult<SyncCycleResult>> SynchronizeOnceAsync( int maximumOperations = 100, int maximumRemoteChanges = 100, CancellationToken cancellationToken = default)","True","HostedTransactionalBoundary"
"OASIS Architecture/NextGenSoftware.OASIS.API.Core/Managers/OASIS HyperDrive/Synchronization/OASISProviderFanOutHandler.cs","25","public async Task<OASISResult<bool>> ApplyAsync(HostedSyncFanOutItem item, CancellationToken cancellationToken)","True","HostedTransactionalBoundary"
"OASIS Architecture/NextGenSoftware.OASIS.API.Core/Managers/OASIS HyperDrive/Synchronization/SyncContracts.cs","36","public static string BuildMessage(HyperDriveOfflineSessionGrant grant)","True","HostedTransactionalBoundary"
"OASIS Architecture/NextGenSoftware.OASIS.API.Core/Managers/OASIS HyperDrive/Synchronization/SyncContracts.cs","50","public static string Sign(HyperDriveOfflineSessionGrant grant, byte[] pkcs8PrivateKey)","True","HostedTransactionalBoundary"
"OASIS Architecture/NextGenSoftware.OASIS.API.Core/Managers/OASIS HyperDrive/Synchronization/SyncContracts.cs","61","public static bool Verify(HyperDriveOfflineSessionGrant grant, byte[] subjectPublicKeyInfo)","True","HostedTransactionalBoundary"
"OASIS Architecture/NextGenSoftware.OASIS.API.Core/Managers/OASIS HyperDrive/Synchronization/SyncContracts.cs","83","public static string BuildMessage(Guid avatarId, Guid deviceId, string nodeId)","True","HostedTransactionalBoundary"
"OASIS Architecture/NextGenSoftware.OASIS.API.Core/Managers/OASIS HyperDrive/Synchronization/SyncContracts.cs","86","public static string DeriveNodeId(byte[] subjectPublicKeyInfo)","True","HostedTransactionalBoundary"
"OASIS Architecture/NextGenSoftware.OASIS.API.Core/Managers/OASIS HyperDrive/Synchronization/SyncContracts.cs","89","public static bool Verify(Guid avatarId, Guid deviceId, string nodeId, byte[] subjectPublicKeyInfo, byte[] signature)","True","HostedTransactionalBoundary"
"OASIS Architecture/NextGenSoftware.OASIS.API.Core/Managers/OASIS HyperDrive/Synchronization/SyncContracts.cs","391","public static bool TryParseTriggerType(string value, out int triggerType)","True","HostedTransactionalBoundary"
"OASIS Architecture/NextGenSoftware.OASIS.API.Core/Managers/SearchManager.cs","55","public async Task<OASISResult<ISearchResults>> SearchAsync(ISearchParams searchParams, ProviderType providerType = ProviderType.Default, List<ProviderType> additionalProvidersToSearch = null, bool allowDuplicates = true, bool loadChildren = true, bool recursive = true, int maxChildDepth = 0, bool continueOnError = true, int version = 0)","True","CentralV2Delegation"
"OASIS Architecture/NextGenSoftware.OASIS.API.Core/Managers/SearchManager.cs","287","public OASISResult<ISearchResults> Search(ISearchParams searchParams, ProviderType providerType = ProviderType.Default, List<ProviderType> additionalProvidersToSearch = null, bool allowDuplicates = true, bool loadChildren = true, bool recursive = true, int maxChildDepth = 0, bool continueOnError = true, int version = 0)","True","ExplicitProviderNativeOrAdministrative"
"OASIS Architecture/NextGenSoftware.OASIS.API.Core/Managers/SettingsManager.cs","50","public async Task<OASISResult<Dictionary<string, object>>> GetAllSettingsAsync(Guid avatarId)","False","LocalOrchestration"
"OASIS Architecture/NextGenSoftware.OASIS.API.Core/Managers/SettingsManager.cs","100","public async Task<OASISResult<Dictionary<string, object>>> GetHyperDriveSettingsAsync(Guid avatarId)","False","LocalOrchestration"
"OASIS Architecture/NextGenSoftware.OASIS.API.Core/Managers/SettingsManager.cs","176","public async Task<OASISResult<bool>> UpdateHyperDriveSettingsAsync(Guid avatarId, Dictionary<string, object> settings)","False","LocalOrchestration"
"OASIS Architecture/NextGenSoftware.OASIS.API.Core/Managers/SettingsManager.cs","201","public async Task<OASISResult<Dictionary<string, object>>> GetNotificationSettingsAsync(Guid avatarId)","False","LocalOrchestration"
"OASIS Architecture/NextGenSoftware.OASIS.API.Core/Managers/SettingsManager.cs","243","public async Task<OASISResult<bool>> UpdateNotificationSettingsAsync(Guid avatarId, Dictionary<string, object> settings)","False","LocalOrchestration"
"OASIS Architecture/NextGenSoftware.OASIS.API.Core/Managers/SettingsManager.cs","267","public async Task<OASISResult<Dictionary<string, object>>> GetPrivacySettingsAsync(Guid avatarId)","False","LocalOrchestration"
"OASIS Architecture/NextGenSoftware.OASIS.API.Core/Managers/SettingsManager.cs","309","public async Task<OASISResult<bool>> UpdatePrivacySettingsAsync(Guid avatarId, Dictionary<string, object> settings)","False","LocalOrchestration"
"OASIS Architecture/NextGenSoftware.OASIS.API.Core/Managers/SettingsManager.cs","333","public async Task<OASISResult<Dictionary<string, object>>> GetSystemSettingsAsync(Guid avatarId)","False","LocalOrchestration"
"OASIS Architecture/NextGenSoftware.OASIS.API.Core/Managers/SettingsManager.cs","394","public async Task<OASISResult<bool>> UpdateSystemSettingsAsync(Guid avatarId, Dictionary<string, object> settings)","False","LocalOrchestration"
"OASIS Architecture/NextGenSoftware.OASIS.API.Core/Managers/SettingsManager.cs","418","public async Task<OASISResult<Dictionary<string, object>>> GetSubscriptionSettingsAsync(Guid avatarId)","True","CoveredManagerDelegation"
"OASIS Architecture/NextGenSoftware.OASIS.API.Core/Managers/SettingsManager.cs","492","public async Task<OASISResult<bool>> UpdateSubscriptionSettingsAsync(Guid avatarId, Dictionary<string, object> settings)","True","CoveredManagerDelegation"
"OASIS Architecture/NextGenSoftware.OASIS.API.Core/Managers/SocialManager.cs","52","public async Task<OASISResult<List<SocialPost>>> GetSocialFeedAsync(Guid avatarId)","False","LocalOrchestration"
"OASIS Architecture/NextGenSoftware.OASIS.API.Core/Managers/SocialManager.cs","91","public async Task<OASISResult<bool>> RegisterSocialProviderAsync(Guid avatarId, string providerName, string accessToken, Dictionary<string, object> providerSettings = null)","False","LocalOrchestration"
"OASIS Architecture/NextGenSoftware.OASIS.API.Core/Managers/SocialManager.cs","125","public async Task<OASISResult<bool>> ShareHolonAsync(Guid avatarId, Guid holonId, string message, List<string> providerIds = null)","True","CoveredManagerDelegation"
"OASIS Architecture/NextGenSoftware.OASIS.API.Core/Managers/SocialManager.cs","176","public async Task<OASISResult<List<SocialProvider>>> GetRegisteredProvidersAsync(Guid avatarId)","False","LocalOrchestration"
"OASIS Architecture/NextGenSoftware.OASIS.API.Core/Managers/StatsManager.cs","100","public void InvalidateCache(Guid avatarId, string category)","False","LocalOrchestration"
"OASIS Architecture/NextGenSoftware.OASIS.API.Core/Managers/StatsManager.cs","155","public async Task<OASISResult<Dictionary<string, object>>> GetAvatarStatsAsync(Guid avatarId)","True","CoveredManagerDelegation"
"OASIS Architecture/NextGenSoftware.OASIS.API.Core/Managers/StatsManager.cs","267","public async Task<OASISResult<Dictionary<string, object>>> GetKarmaStatsAsync(Guid avatarId)","True","CoveredManagerDelegation"
"OASIS Architecture/NextGenSoftware.OASIS.API.Core/Managers/StatsManager.cs","314","public async Task<OASISResult<List<Dictionary<string, object>>>> GetKarmaHistoryAsync(Guid avatarId, int limit = 50)","True","CoveredManagerDelegation"
"OASIS Architecture/NextGenSoftware.OASIS.API.Core/Managers/StatsManager.cs","354","public async Task<OASISResult<Dictionary<string, object>>> GetGiftStatsAsync(Guid avatarId)","True","CoveredManagerDelegation"
"OASIS Architecture/NextGenSoftware.OASIS.API.Core/Managers/StatsManager.cs","403","public async Task<OASISResult<Dictionary<string, object>>> GetChatStatsAsync(Guid avatarId)","True","CoveredManagerDelegation"
"OASIS Architecture/NextGenSoftware.OASIS.API.Core/Managers/StatsManager.cs","448","public async Task<OASISResult<Dictionary<string, object>>> GetKeyStatsAsync(Guid avatarId)","True","CoveredManagerDelegation"
"OASIS Architecture/NextGenSoftware.OASIS.API.Core/Managers/StatsManager.cs","498","public OASISResult<Dictionary<string, object>> GetAchievementStats(IAvatar avatar)","False","LocalOrchestration"
"OASIS Architecture/NextGenSoftware.OASIS.API.Core/Managers/StatsManager.cs","530","public async Task<OASISResult<Dictionary<string, object>>> GetQuestStatsAsync(Guid avatarId)","False","LocalOrchestration"
"OASIS Architecture/NextGenSoftware.OASIS.API.Core/Managers/StatsManager.cs","575","public async Task<OASISResult<Dictionary<string, object>>> GetLeaderboardStatsAsync(Guid avatarId)","True","CoveredManagerDelegation"
"OASIS Architecture/NextGenSoftware.OASIS.API.Core/Managers/StatsManager.cs","634","public async Task<OASISResult<Dictionary<string, object>>> GetSystemStatsAsync()","True","CoveredManagerDelegation"
"OASIS Architecture/NextGenSoftware.OASIS.API.Core/Managers/VideoManager.cs","57","public async Task<OASISResult<string>> StartVideoCallAsync(Guid initiatorId, List<Guid> participantIds, VideoCallType callType = VideoCallType.OneOnOne, string callName = null)","True","CoveredManagerDelegation"
"OASIS Architecture/NextGenSoftware.OASIS.API.Core/Managers/VideoManager.cs","162","public async Task<OASISResult<bool>> JoinVideoCallAsync(string callId, Guid participantId, string connectionDetails = null)","False","LocalOrchestration"
"OASIS Architecture/NextGenSoftware.OASIS.API.Core/Managers/VideoManager.cs","231","public async Task<OASISResult<bool>> LeaveVideoCallAsync(string callId, Guid participantId)","False","LocalOrchestration"
"OASIS Architecture/NextGenSoftware.OASIS.API.Core/Managers/VideoManager.cs","282","public async Task<OASISResult<bool>> EndVideoCallAsync(string callId, Guid endedById)","False","LocalOrchestration"
"OASIS Architecture/NextGenSoftware.OASIS.API.Core/Managers/VideoManager.cs","338","public async Task<OASISResult<List<VideoCall>>> GetActiveCallsAsync(Guid avatarId)","False","LocalOrchestration"
"OASIS Architecture/NextGenSoftware.OASIS.API.Core/Managers/VideoManager.cs","365","public async Task<OASISResult<List<VideoParticipant>>> GetCallParticipantsAsync(string callId)","False","LocalOrchestration"
"OASIS Architecture/NextGenSoftware.OASIS.API.Core/Managers/WalletManager.CreateWallet.cs","32","public OASISResult<IProviderWallet> CreateWalletWithoutSaving(Guid avatarId, string name, string description, ProviderType walletProviderType, bool generateKeyPair = true, bool isDefaultWallet = false)","False","LocalOrchestration"
"OASIS Architecture/NextGenSoftware.OASIS.API.Core/Managers/WalletManager.CreateWallet.cs","67","public async Task<OASISResult<IProviderWallet>> CreateWalletForAvatarByIdAsync(Guid avatarId, string name, string description, ProviderType walletProviderType, bool generateKeyPair = true, bool isDefaultWallet = false, bool showSecretRecoveryPhase = false, bool showPrivateKey = false, ProviderType providerTypeToLoadSave = ProviderType.Default)","True","CoveredManagerDelegation"
"OASIS Architecture/NextGenSoftware.OASIS.API.Core/Managers/WalletManager.CreateWallet.cs","126","public OASISResult<IProviderWallet> CreateWalletForAvatarById(Guid avatarId, string name, string description, ProviderType walletProviderType, bool generateKeyPair = true, bool isDefaultWallet = false, bool showSecretRecoveryPhase = false, bool showPrivateKey = false, ProviderType providerTypeToLoadSave = ProviderType.Default)","True","CoveredManagerDelegation"
"OASIS Architecture/NextGenSoftware.OASIS.API.Core/Managers/WalletManager.CreateWallet.cs","185","public async Task<OASISResult<IProviderWallet>> CreateWalletForAvatarByUsernameAsync(string username, string name, string description, ProviderType walletProviderType, bool generateKeyPair = true, bool isDefaultWallet = false, bool showSecretRecoveryPhase = false, bool showPrivateKey = false, ProviderType providerTypeToLoadSave = ProviderType.Default)","True","CoveredManagerDelegation"
"OASIS Architecture/NextGenSoftware.OASIS.API.Core/Managers/WalletManager.CreateWallet.cs","248","public OASISResult<IProviderWallet> CreateWalletForAvatarByUsername(string username, string name, string description, ProviderType walletProviderType, bool generateKeyPair = true, bool isDefaultWallet = false, bool showSecretRecoveryPhase = false, bool showPrivateKey = false, ProviderType providerTypeToLoadSave = ProviderType.Default)","True","CoveredManagerDelegation"
"OASIS Architecture/NextGenSoftware.OASIS.API.Core/Managers/WalletManager.CreateWallet.cs","311","public async Task<OASISResult<IProviderWallet>> CreateWalletForAvatarByEmailAsync(string email, string name, string description, ProviderType walletProviderType, bool generateKeyPair = true, bool isDefaultWallet = false, bool showSecretRecoveryPhase = false, bool showPrivateKey = false, ProviderType providerTypeToLoadSave = ProviderType.Default)","True","CoveredManagerDelegation"
"OASIS Architecture/NextGenSoftware.OASIS.API.Core/Managers/WalletManager.CreateWallet.cs","374","public OASISResult<IProviderWallet> CreateWalletForAvatarByEmail(string email, string name, string description, ProviderType walletProviderType, bool generateKeyPair = true, bool isDefaultWallet = false, bool showSecretRecoveryPhase = false, bool showPrivateKey = false, ProviderType providerTypeToLoadSave = ProviderType.Default)","True","CoveredManagerDelegation"
"OASIS Architecture/NextGenSoftware.OASIS.API.Core/Managers/WalletManager.CreateWallet.cs","437","public async Task<OASISResult<IProviderWallet>> UpdateWalletForAvatarByIdAsync(Guid avatarId, Guid walletId, string name, string description, ProviderType walletProviderType, ProviderType providerTypeToLoadSave = ProviderType.Default)","True","CoveredManagerDelegation"
"OASIS Architecture/NextGenSoftware.OASIS.API.Core/Managers/WalletManager.CreateWallet.cs","484","public OASISResult<IProviderWallet> UpdateWalletForAvatarById(Guid avatarId, Guid walletId, string name, string description, ProviderType walletProviderType, ProviderType providerTypeToLoadSave = ProviderType.Default)","True","CoveredManagerDelegation"
"OASIS Architecture/NextGenSoftware.OASIS.API.Core/Managers/WalletManager.HyperDriveSave.cs","32","public async Task<OASISResult<Dictionary<ProviderType, List<IProviderWallet>>>> LoadProviderWalletsForAvatarByIdUsingHyperDriveAsync(Guid id, bool showOnlyDefault = false, bool showPrivateKeys = false, ProviderType providerTypeToShowWalletsFor = ProviderType.All)","True","CoveredManagerDelegation"
"OASIS Architecture/NextGenSoftware.OASIS.API.Core/Managers/WalletManager.HyperDriveSave.cs","61","public OASISResult<Dictionary<ProviderType, List<IProviderWallet>>> LoadProviderWalletsForAvatarByUsingHyperDriveId(Guid id, bool showOnlyDefault = false, bool showPrivateKeys = false, ProviderType providerTypeToShowWalletsFor = ProviderType.All)","True","CoveredManagerDelegation"
"OASIS Architecture/NextGenSoftware.OASIS.API.Core/Managers/WalletManager.HyperDriveSave.cs","90","public OASISResult<Dictionary<ProviderType, List<IProviderWallet>>> LoadProviderWalletsForAvatarByUsernameUsingHyperDrive(string username, bool showOnlyDefault = false, bool showPrivateKeys = false, bool showSecretWords = false, ProviderType providerTypeToShowWalletsFor = ProviderType.All)","True","CoveredManagerDelegation"
"OASIS Architecture/NextGenSoftware.OASIS.API.Core/Managers/WalletManager.HyperDriveSave.cs","112","public async Task<OASISResult<Dictionary<ProviderType, List<IProviderWallet>>>> LoadProviderWalletsForAvatarByUsernameUsingHyperDriveAsync(string username, bool showOnlyDefault = false, bool showPrivateKeys = false, bool showSecretWords = false, ProviderType providerTypeToShowWalletsFor = ProviderType.All)","True","CoveredManagerDelegation"
"OASIS Architecture/NextGenSoftware.OASIS.API.Core/Managers/WalletManager.HyperDriveSave.cs","135","public OASISResult<Dictionary<ProviderType, List<IProviderWallet>>> LoadProviderWalletsForAvatarByEmailUsingHyperDrive(string email, bool showOnlyDefault = false, bool showPrivateKeys = false, bool showSecretWords = false, ProviderType providerTypeToShowWalletsFor = ProviderType.All)","True","CoveredManagerDelegation"
"OASIS Architecture/NextGenSoftware.OASIS.API.Core/Managers/WalletManager.HyperDriveSave.cs","157","public async Task<OASISResult<Dictionary<ProviderType, List<IProviderWallet>>>> LoadProviderWalletsForAvatarByEmailUsingHyperDriveAsync(string email, bool showOnlyDefault = false, bool showPrivateKeys = false, bool showSecretWords = false, ProviderType providerTypeToShowWalletsFor = ProviderType.All)","True","CoveredManagerDelegation"
"OASIS Architecture/NextGenSoftware.OASIS.API.Core/Managers/WalletManager.HyperDriveSave.cs","181","public OASISResult<bool> SaveProviderWalletsForAvatarById(Guid id, Dictionary<ProviderType, List<IProviderWallet>> wallets, ProviderType providerType = ProviderType.Default)","True","CoveredManagerDelegation"
"OASIS Architecture/NextGenSoftware.OASIS.API.Core/Managers/WalletManager.HyperDriveSave.cs","249","public async Task<OASISResult<bool>> SaveProviderWalletsForAvatarByIdAsync(Guid id, Dictionary<ProviderType, List<IProviderWallet>> wallets, ProviderType providerType = ProviderType.Default)","True","CoveredManagerDelegation"
"OASIS Architecture/NextGenSoftware.OASIS.API.Core/Managers/WalletManager.HyperDriveSave.cs","335","public OASISResult<bool> SaveProviderWalletsForAvatarByUsername(string username, Dictionary<ProviderType, List<IProviderWallet>> wallets, ProviderType providerType = ProviderType.Default)","True","CoveredManagerDelegation"
"OASIS Architecture/NextGenSoftware.OASIS.API.Core/Managers/WalletManager.HyperDriveSave.cs","365","public async Task<OASISResult<bool>> SaveProviderWalletsForAvatarByUsernameAsync(string username, Dictionary<ProviderType, List<IProviderWallet>> wallets, ProviderType providerType = ProviderType.Default)","True","CoveredManagerDelegation"
"OASIS Architecture/NextGenSoftware.OASIS.API.Core/Managers/WalletManager.HyperDriveSave.cs","395","public OASISResult<bool> SaveProviderWalletsForAvatarByEmail(string email, Dictionary<ProviderType, List<IProviderWallet>> wallets, ProviderType providerType = ProviderType.Default)","True","CoveredManagerDelegation"
"OASIS Architecture/NextGenSoftware.OASIS.API.Core/Managers/WalletManager.HyperDriveSave.cs","425","public async Task<OASISResult<bool>> SaveProviderWalletsForAvatarByEmailAsync(string email, Dictionary<ProviderType, List<IProviderWallet>> wallets, ProviderType providerType = ProviderType.Default)","True","CoveredManagerDelegation"
"OASIS Architecture/NextGenSoftware.OASIS.API.Core/Managers/WalletManager.HyperDriveSave.cs","456","public OASISResult<bool> SaveProviderWalletsForAvatarById(Guid id, Dictionary<ProviderType, List<IProviderWallet>> wallets)","False","LocalOrchestration"
"OASIS Architecture/NextGenSoftware.OASIS.API.Core/Managers/WalletManager.HyperDriveSave.cs","500","public async Task<OASISResult<bool>> SaveProviderWalletsForAvatarByIdAsync(Guid id, Dictionary<ProviderType, List<IProviderWallet>> wallets)","True","CoveredManagerDelegation"
"OASIS Architecture/NextGenSoftware.OASIS.API.Core/Managers/WalletManager.ImportJSON.cs","32","public async Task<OASISResult<Dictionary<ProviderType, List<IProviderWallet>>>> ImportAllWalletsUsingJSONFileByIdAsync(Guid avatarId, string pathToJSONFile)","False","LocalOrchestration"
"OASIS Architecture/NextGenSoftware.OASIS.API.Core/Managers/WalletManager.ImportJSON.cs","125","public OASISResult<Dictionary<ProviderType, List<IProviderWallet>>> ImportAllWalletsUsingJSONFileById(Guid avatarId, string pathToJSONFile)","False","LocalOrchestration"
"OASIS Architecture/NextGenSoftware.OASIS.API.Core/Managers/WalletManager.ImportJSON.cs","218","public async Task<OASISResult<Dictionary<ProviderType, List<IProviderWallet>>>> ImportAllWalletsUsingJSONFileByUsernameAsync(string username, string pathToJSONFile)","False","LocalOrchestration"
"OASIS Architecture/NextGenSoftware.OASIS.API.Core/Managers/WalletManager.ImportJSON.cs","311","public OASISResult<Dictionary<ProviderType, List<IProviderWallet>>> ImportAllWalletsUsingJSONFileByUsername(string username, string pathToJSONFile)","False","LocalOrchestration"
"OASIS Architecture/NextGenSoftware.OASIS.API.Core/Managers/WalletManager.ImportJSON.cs","404","public async Task<OASISResult<Dictionary<ProviderType, List<IProviderWallet>>>> ImportAllWalletsUsingJSONFileByEmailAsync(string email, string pathToJSONFile)","False","LocalOrchestration"
"OASIS Architecture/NextGenSoftware.OASIS.API.Core/Managers/WalletManager.ImportJSON.cs","497","public OASISResult<Dictionary<ProviderType, List<IProviderWallet>>> ImportAllWalletsUsingJSONFileByEmail(string email, string pathToJSONFile)","False","LocalOrchestration"
"OASIS Architecture/NextGenSoftware.OASIS.API.Core/Managers/WalletManager.ImportKeyDefault.cs","32","public OASISResult<IProviderWallet> ImportWalletUsingPrivateKeyById(Guid avatarId, string key, ProviderType providerToImportTo)","False","LocalOrchestration"
"OASIS Architecture/NextGenSoftware.OASIS.API.Core/Managers/WalletManager.ImportKeyDefault.cs","37","public OASISResult<IProviderWallet> ImportWalletUsingPrivateKeyByUsername(string username, string key, ProviderType providerToImportTo)","False","LocalOrchestration"
"OASIS Architecture/NextGenSoftware.OASIS.API.Core/Managers/WalletManager.ImportKeyDefault.cs","42","public OASISResult<IProviderWallet> ImportWalletUsingPrivateKeyByEmail(string email, string key, ProviderType providerToImportTo)","False","LocalOrchestration"
"OASIS Architecture/NextGenSoftware.OASIS.API.Core/Managers/WalletManager.ImportKeyDefault.cs","47","public OASISResult<IProviderWallet> ImportWalletUsingPublicKeyById(Guid avatarId, string key, string walletAddress, ProviderType providerToImportTo)","False","LocalOrchestration"
"OASIS Architecture/NextGenSoftware.OASIS.API.Core/Managers/WalletManager.ImportKeyDefault.cs","52","public OASISResult<IProviderWallet> ImportWalletUsingPublicKeyByUsername(string username, string key, string walletAddress, ProviderType providerToImportTo)","False","LocalOrchestration"
"OASIS Architecture/NextGenSoftware.OASIS.API.Core/Managers/WalletManager.ImportKeyDefault.cs","57","public OASISResult<IProviderWallet> ImportWalletUsingPublicKeyByEmail(string email, string key, string walletAddress, ProviderType providerToImportTo)","False","LocalOrchestration"
"OASIS Architecture/NextGenSoftware.OASIS.API.Core/Managers/WalletManager.ImportKeyDefault.cs","62","public async Task<OASISResult<IProviderWallet>> GetAvatarDefaultWalletByIdAsync(Guid avatarId, ProviderType providerType, bool showOnlyDefaultWallet = false, bool showPrivateKeys = false, bool showSecretWords = false)","True","CoveredManagerDelegation"
"OASIS Architecture/NextGenSoftware.OASIS.API.Core/Managers/WalletManager.ImportKeyDefault.cs","108","public async Task<OASISResult<IProviderWallet>> GetAvatarDefaultWalletByUsernameAsync(string avatarUsername, bool showOnlyDefaultWallet = false, bool showPrivateKeys = false, bool showSecretWords = false, ProviderType providerType = ProviderType.Default)","True","CoveredManagerDelegation"
"OASIS Architecture/NextGenSoftware.OASIS.API.Core/Managers/WalletManager.ImportKeyDefault.cs","155","public async Task<OASISResult<IProviderWallet>> GetAvatarDefaultWalletByEmailAsync(string email, ProviderType providerType, bool showOnlyDefaultWallet = false, bool showPrivateKeys = false, bool showSecretWords = false)","True","CoveredManagerDelegation"
"OASIS Architecture/NextGenSoftware.OASIS.API.Core/Managers/WalletManager.ImportKeyDefault.cs","202","public async Task<OASISResult<IProviderWallet>> SetAvatarDefaultWalletByIdAsync(Guid avatarId, Guid walletId, ProviderType providerType)","True","CoveredManagerDelegation"
"OASIS Architecture/NextGenSoftware.OASIS.API.Core/Managers/WalletManager.ImportKeyDefault.cs","252","public async Task<OASISResult<IProviderWallet>> SetAvatarDefaultWalletByUsernameAsync(string avatarUsername, Guid walletId, ProviderType providerType)","True","CoveredManagerDelegation"
"OASIS Architecture/NextGenSoftware.OASIS.API.Core/Managers/WalletManager.ImportKeyDefault.cs","302","public async Task<OASISResult<IProviderWallet>> SetAvatarDefaultWalletByEmailAsync(string email, Guid walletId, ProviderType providerType)","True","CoveredManagerDelegation"
"OASIS Architecture/NextGenSoftware.OASIS.API.Core/Managers/WalletManager.ImportKeyDefault.cs","567","public List<IProviderWallet> ResolveWalletsForProvider(Dictionary<ProviderType, List<IProviderWallet>> walletsByProvider, ProviderType providerType)","False","LocalOrchestration"
"OASIS Architecture/NextGenSoftware.OASIS.API.Core/Managers/WalletManager.ImportSecretPhaseAndJSON.cs","24","public async Task<OASISResult<IProviderWallet>> ImportWalletUsingSecretPhaseByIdAsync(Guid avatarId, string phase, ProviderType providerTypeToLoadFrom = ProviderType.Default)","False","LocalOrchestration"
"OASIS Architecture/NextGenSoftware.OASIS.API.Core/Managers/WalletManager.ImportSecretPhaseAndJSON.cs","61","public OASISResult<IProviderWallet> ImportWalletUsingSecretPhaseById(Guid avatarId, string phase, ProviderType providerTypeToLoadFrom = ProviderType.Default)","False","LocalOrchestration"
"OASIS Architecture/NextGenSoftware.OASIS.API.Core/Managers/WalletManager.ImportSecretPhaseAndJSON.cs","98","public async Task<OASISResult<IProviderWallet>> ImportWalletUsingSecretPhaseByUsernameAsync(string username, string phase, ProviderType providerTypeToLoadFrom = ProviderType.Default)","False","LocalOrchestration"
"OASIS Architecture/NextGenSoftware.OASIS.API.Core/Managers/WalletManager.ImportSecretPhaseAndJSON.cs","135","public OASISResult<IProviderWallet> ImportWalletUsingSecretPhaseByUsername(string username, string phase, ProviderType providerTypeToLoadFrom = ProviderType.Default)","False","LocalOrchestration"
"OASIS Architecture/NextGenSoftware.OASIS.API.Core/Managers/WalletManager.ImportSecretPhaseAndJSON.cs","172","public async Task<OASISResult<IProviderWallet>> ImportWalletUsingSecretPhaseByEmailAsync(string email, string phase, ProviderType providerTypeToLoadFrom = ProviderType.Default)","False","LocalOrchestration"
"OASIS Architecture/NextGenSoftware.OASIS.API.Core/Managers/WalletManager.ImportSecretPhaseAndJSON.cs","209","public OASISResult<IProviderWallet> ImportWalletUsingSecretPhaseByEmail(string email, string phase, ProviderType providerTypeToLoadFrom = ProviderType.Default)","False","LocalOrchestration"
"OASIS Architecture/NextGenSoftware.OASIS.API.Core/Managers/WalletManager.ImportSecretPhaseAndJSON.cs","246","public async Task<OASISResult<IProviderWallet>> ImportWalletUsingJSONFileByIdAsync(Guid avatarId, string pathToJSONFile)","False","LocalOrchestration"
"OASIS Architecture/NextGenSoftware.OASIS.API.Core/Managers/WalletManager.ImportSecretPhaseAndJSON.cs","304","public OASISResult<IProviderWallet> ImportWalletUsingJSONFileById(Guid avatarId, string pathToJSONFile)","False","LocalOrchestration"
"OASIS Architecture/NextGenSoftware.OASIS.API.Core/Managers/WalletManager.ImportSecretPhaseAndJSON.cs","362","public async Task<OASISResult<IProviderWallet>> ImportWalletUsingJSONFileByUsernameAsync(string username, string pathToJSONFile)","False","LocalOrchestration"
"OASIS Architecture/NextGenSoftware.OASIS.API.Core/Managers/WalletManager.ImportSecretPhaseAndJSON.cs","420","public OASISResult<IProviderWallet> ImportWalletUsingJSONFileByUsername(string username, string pathToJSONFile)","False","LocalOrchestration"
"OASIS Architecture/NextGenSoftware.OASIS.API.Core/Managers/WalletManager.ImportSecretPhaseAndJSON.cs","478","public async Task<OASISResult<IProviderWallet>> ImportWalletUsingJSONFileByEmailAsync(string email, string pathToJSONFile)","False","LocalOrchestration"
"OASIS Architecture/NextGenSoftware.OASIS.API.Core/Managers/WalletManager.ImportSecretPhaseAndJSON.cs","536","public OASISResult<IProviderWallet> ImportWalletUsingJSONFileByEmail(string email, string pathToJSONFile)","False","LocalOrchestration"
"OASIS Architecture/NextGenSoftware.OASIS.API.Core/Managers/WalletManager.LoadWallet.cs","32","public async Task<OASISResult<IProviderWallet>> LoadProviderWalletForAvatarByIdAsync(Guid avatarId, Guid walletId, bool showPrivateKeys = false, bool showSecretWords = false, ProviderType providerType = ProviderType.Default)","True","CoveredManagerDelegation"
"OASIS Architecture/NextGenSoftware.OASIS.API.Core/Managers/WalletManager.LoadWallet.cs","80","public OASISResult<IProviderWallet> LoadProviderWalletForAvatarById(Guid avatarId, Guid walletId, bool showPrivateKeys = false, bool showSecretWords = false, ProviderType providerType = ProviderType.Default)","True","CoveredManagerDelegation"
"OASIS Architecture/NextGenSoftware.OASIS.API.Core/Managers/WalletManager.LoadWallet.cs","127","public async Task<OASISResult<IProviderWallet>> LoadProviderWalletForAvatarByUsernameAsync(string username, Guid walletId, bool showPrivateKeys = false, bool showSecretWords = false, ProviderType providerType = ProviderType.Default)","True","CoveredManagerDelegation"
"OASIS Architecture/NextGenSoftware.OASIS.API.Core/Managers/WalletManager.LoadWallet.cs","175","public OASISResult<IProviderWallet> LoadProviderWalletForAvatarByUsername(string username, Guid walletId, bool showPrivateKeys = false, bool showSecretWords = false, ProviderType providerType = ProviderType.Default)","True","CoveredManagerDelegation"
"OASIS Architecture/NextGenSoftware.OASIS.API.Core/Managers/WalletManager.LoadWallet.cs","222","public async Task<OASISResult<IProviderWallet>> LoadProviderWalletForAvatarByEmailAsync(string email, Guid walletId, bool showPrivateKeys = false, bool showSecretWords = false, ProviderType providerType = ProviderType.Default)","True","CoveredManagerDelegation"
"OASIS Architecture/NextGenSoftware.OASIS.API.Core/Managers/WalletManager.LoadWallet.cs","269","public OASISResult<IProviderWallet> LoadProviderWalletForAvatarByEmail(string email, Guid walletId, bool showPrivateKeys = false, bool showSecretWords = false, ProviderType providerType = ProviderType.Default)","True","CoveredManagerDelegation"
"OASIS Architecture/NextGenSoftware.OASIS.API.Core/Managers/WalletManager.LoadWallet.cs","316","public async Task<OASISResult<Dictionary<ProviderType, List<IProviderWallet>>>> LoadProviderWalletsForAvatarByIdAsync(Guid id, bool showOnlyDefault = false, bool showPrivateKeys = false, bool showSecretWords = false, ProviderType providerTypeToShowWalletsFor = ProviderType.All, ProviderType providerTypeToLoadFrom = ProviderType.Default)","True","CoveredManagerDelegation"
"OASIS Architecture/NextGenSoftware.OASIS.API.Core/Managers/WalletManager.LoadWallet.cs","364","public OASISResult<Dictionary<ProviderType, List<IProviderWallet>>> LoadProviderWalletsForAvatarById(Guid id, bool showOnlyDefault = false, bool showPrivateKeys = false, bool showSecretWords = false, ProviderType providerTypeToShowWalletsFor = ProviderType.All, ProviderType providerTypeToLoadFrom = ProviderType.Default)","True","CoveredManagerDelegation"
"OASIS Architecture/NextGenSoftware.OASIS.API.Core/Managers/WalletManager.LoadWallet.cs","408","public async Task<OASISResult<Dictionary<ProviderType, List<IProviderWallet>>>> LoadProviderWalletsForAvatarByUsernameAsync(string username, bool showOnlyDefault = false, bool showPrivateKeys = false, bool showSecretWords = false, ProviderType providerTypeToShowWalletsFor = ProviderType.All, ProviderType providerTypeToLoadFrom = ProviderType.Default)","True","CoveredManagerDelegation"
"OASIS Architecture/NextGenSoftware.OASIS.API.Core/Managers/WalletManager.LoadWallet.cs","431","public OASISResult<Dictionary<ProviderType, List<IProviderWallet>>> LoadProviderWalletsForAvatarByUsername(string username, bool showOnlyDefault = false, bool showPrivateKeys = false, bool showSecretWords = false, ProviderType providerTypeToShowWalletsFor = ProviderType.All, ProviderType providerTypeToLoadFrom = ProviderType.Default)","True","CoveredManagerDelegation"
"OASIS Architecture/NextGenSoftware.OASIS.API.Core/Managers/WalletManager.LoadWallet.cs","454","public async Task<OASISResult<Dictionary<ProviderType, List<IProviderWallet>>>> LoadProviderWalletsForAvatarByEmailAsync(string email, bool showOnlyDefault = false, bool showPrivateKeys = false, bool showSecretWords = false, ProviderType providerTypeToShowWalletsFor = ProviderType.All, ProviderType providerTypeToLoadFrom = ProviderType.Default)","True","CoveredManagerDelegation"
"OASIS Architecture/NextGenSoftware.OASIS.API.Core/Managers/WalletManager.LoadWallet.cs","477","public OASISResult<Dictionary<ProviderType, List<IProviderWallet>>> LoadProviderWalletsForAvatarByEmail(string email, bool showOnlyDefault = false, bool showPrivateKeys = false, bool showSecretWords = false, ProviderType providerTypeToShowWalletsFor = ProviderType.All, ProviderType providerTypeToLoadFrom = ProviderType.Default)","True","CoveredManagerDelegation"
"OASIS Architecture/NextGenSoftware.OASIS.API.Core/Managers/WalletManager.LoadWallet.cs","501","public async Task<OASISResult<List<IProviderWallet>>> LoadProviderWalletsForProviderByAvatarIdAsync(Guid avatarId, ProviderType walletProviderType, bool showOnlyDefault = false, bool showPrivateKeys = false, bool showSecretWords = false)","False","LocalOrchestration"
"OASIS Architecture/NextGenSoftware.OASIS.API.Core/Managers/WalletManager.LoadWallet.cs","514","public OASISResult<List<IProviderWallet>> LoadProviderWalletsForProviderByAvatarId(Guid avatarId, ProviderType walletProviderType, bool showPrivateKeys = false, bool showSecretWords = false)","False","LocalOrchestration"
"OASIS Architecture/NextGenSoftware.OASIS.API.Core/Managers/WalletManager.LoadWallet.cs","527","public async Task<OASISResult<List<IProviderWallet>>> LoadProviderWalletsForProviderByAvatarUsernameAsync(string username, ProviderType walletProviderType, bool showPrivateKeys = false, bool showSecretWords = false)","False","LocalOrchestration"
"OASIS Architecture/NextGenSoftware.OASIS.API.Core/Managers/WalletManager.LoadWallet.cs","540","public OASISResult<List<IProviderWallet>> LoadProviderWalletsForProviderByAvatarUsername(string username, ProviderType walletProviderType, bool showPrivateKeys = false, bool showSecretWords = false)","False","LocalOrchestration"
"OASIS Architecture/NextGenSoftware.OASIS.API.Core/Managers/WalletManager.LoadWallet.cs","553","public async Task<OASISResult<List<IProviderWallet>>> LoadProviderWalletsForProviderByAvatarEmailAsync(string email, ProviderType walletProviderType, bool showPrivateKeys = false, bool showSecretWords = false)","False","LocalOrchestration"
"OASIS Architecture/NextGenSoftware.OASIS.API.Core/Managers/WalletManager.LoadWallet.cs","566","public OASISResult<List<IProviderWallet>> LoadProviderWalletsForProviderByAvatarEmail(string email, ProviderType walletProviderType, bool showPrivateKeys = false, bool showSecretWords = false)","True","CoveredManagerDelegation"
"OASIS Architecture/NextGenSoftware.OASIS.API.Core/Managers/WalletManager.SaveExport.cs","32","public OASISResult<bool> SaveProviderWalletsForAvatarByUsername(string username, Dictionary<ProviderType, List<IProviderWallet>> wallets)","True","CoveredManagerDelegation"
"OASIS Architecture/NextGenSoftware.OASIS.API.Core/Managers/WalletManager.SaveExport.cs","54","public async Task<OASISResult<bool>> SaveProviderWalletsForAvatarByUsernameAsync(string username, Dictionary<ProviderType, List<IProviderWallet>> wallets)","True","CoveredManagerDelegation"
"OASIS Architecture/NextGenSoftware.OASIS.API.Core/Managers/WalletManager.SaveExport.cs","82","public OASISResult<bool> SaveProviderWalletsForAvatarByEmail(string email, Dictionary<ProviderType, List<IProviderWallet>> wallets)","True","CoveredManagerDelegation"
"OASIS Architecture/NextGenSoftware.OASIS.API.Core/Managers/WalletManager.SaveExport.cs","110","public async Task<OASISResult<bool>> SaveProviderWalletsForAvatarByEmailAsync(string email, Dictionary<ProviderType, List<IProviderWallet>> wallets)","True","CoveredManagerDelegation"
"OASIS Architecture/NextGenSoftware.OASIS.API.Core/Managers/WalletManager.SaveExport.cs","138","public Dictionary<ProviderType, List<IProviderWallet>> CopyProviderWallets(Dictionary<ProviderType, List<IProviderWallet>> wallets)","False","LocalOrchestration"
"OASIS Architecture/NextGenSoftware.OASIS.API.Core/Managers/WalletManager.SaveExport.cs","168","public OASISResult<IProviderWallet> GetWalletThatPublicKeyBelongsTo(string providerKey, bool showPrivateKey = false, bool showSecretWords = false, ProviderType providerType = ProviderType.Default)","True","CoveredManagerDelegation"
"OASIS Architecture/NextGenSoftware.OASIS.API.Core/Managers/WalletManager.SaveExport.cs","181","public OASISResult<IProviderWallet> GetWalletThatPublicKeyBelongsTo(string providerKey, bool showPrivateKey = false, bool showSecretWords = false)","True","CoveredManagerDelegation"
"OASIS Architecture/NextGenSoftware.OASIS.API.Core/Managers/WalletManager.SaveExport.cs","194","public OASISResult<IProviderWallet> GetWalletThatPublicKeyBelongsTo(string providerKey, ProviderType providerType, IAvatar avatar, bool showPrivateKey = false, bool showSecretWords = false)","False","LocalOrchestration"
"OASIS Architecture/NextGenSoftware.OASIS.API.Core/Managers/WalletManager.SaveExport.cs","217","public OASISResult<IProviderWallet> GetWalletThatPublicKeyBelongsTo(string providerKey, IAvatar avatar, bool showPrivateKey = false, bool showSecretWords = false)","False","LocalOrchestration"
"OASIS Architecture/NextGenSoftware.OASIS.API.Core/Managers/WalletManager.SaveExport.cs","243","public async Task<OASISResult<IProviderWallet>> ExportWalletByIdAsync(Guid avatarId, Guid walletId, string fullPathToExportTo, bool showPrivateKeys = false, bool showSecretWords = false, ProviderType providerTypeToLoadFrom = ProviderType.Default)","False","LocalOrchestration"
"OASIS Architecture/NextGenSoftware.OASIS.API.Core/Managers/WalletManager.SaveExport.cs","263","public OASISResult<IProviderWallet> ExportWalletById(Guid avatarId, Guid walletId, string fullPathToExportTo, bool showPrivateKeys = false, bool showSecretWords = false, ProviderType providerTypeToLoadFrom = ProviderType.Default)","False","LocalOrchestration"
"OASIS Architecture/NextGenSoftware.OASIS.API.Core/Managers/WalletManager.SaveExport.cs","283","public async Task<OASISResult<IProviderWallet>> ExportWalletByUsernameAsync(string username, Guid walletId, string fullPathToExportTo, bool showPrivateKeys = false, bool showSecretWords = false, ProviderType providerTypeToLoadFrom = ProviderType.Default)","False","LocalOrchestration"
"OASIS Architecture/NextGenSoftware.OASIS.API.Core/Managers/WalletManager.SaveExport.cs","303","public OASISResult<IProviderWallet> ExportWalletByUsername(string username, Guid walletId, string fullPathToExportTo, bool showPrivateKeys = false, bool showSecretWords = false, ProviderType providerTypeToLoadFrom = ProviderType.Default)","False","LocalOrchestration"
"OASIS Architecture/NextGenSoftware.OASIS.API.Core/Managers/WalletManager.SaveExport.cs","323","public async Task<OASISResult<IProviderWallet>> ExportWalletByEmailAsync(string email, Guid walletId, string fullPathToExportTo, bool showPrivateKeys = false, bool showSecretWords = false, ProviderType providerTypeToLoadFrom = ProviderType.Default)","False","LocalOrchestration"
"OASIS Architecture/NextGenSoftware.OASIS.API.Core/Managers/WalletManager.SaveExport.cs","343","public OASISResult<IProviderWallet> ExportWalletByEmail(string email, Guid walletId, string fullPathToExportTo, bool showPrivateKeys = false, bool showSecretWords = false, ProviderType providerTypeToLoadFrom = ProviderType.Default)","False","LocalOrchestration"
"OASIS Architecture/NextGenSoftware.OASIS.API.Core/Managers/WalletManager.SaveExport.cs","363","public async Task<OASISResult<Dictionary<ProviderType, List<IProviderWallet>>>> ExportAllWalletsByIdAsync(Guid avatarId, string fullPathToExportTo, bool exportOnlyDefault = false, bool showPrivateKeys = false, ProviderType providerTypeToExportWalletsFor = ProviderType.All, ProviderType providerTypeToLoadFrom = ProviderType.Default)","False","LocalOrchestration"
"OASIS Architecture/NextGenSoftware.OASIS.API.Core/Managers/WalletManager.SaveExport.cs","383","public OASISResult<Dictionary<ProviderType, List<IProviderWallet>>> ExportAllWalletsById(Guid avatarId, string fullPathToExportTo, bool exportOnlyDefault = false, bool showPrivateKeys = false, ProviderType providerTypeToExportWalletsFor = ProviderType.All, ProviderType providerTypeToLoadFrom = ProviderType.Default)","False","LocalOrchestration"
"OASIS Architecture/NextGenSoftware.OASIS.API.Core/Managers/WalletManager.SaveExport.cs","403","public async Task<OASISResult<Dictionary<ProviderType, List<IProviderWallet>>>> ExportAllWalletsByUsernameAsync(string username, string fullPathToExportTo, bool exportOnlyDefault = false, bool showPrivateKeys = false, ProviderType providerTypeToExportWalletsFor = ProviderType.All, ProviderType providerTypeToLoadFrom = ProviderType.Default)","False","LocalOrchestration"
"OASIS Architecture/NextGenSoftware.OASIS.API.Core/Managers/WalletManager.SaveExport.cs","423","public OASISResult<Dictionary<ProviderType, List<IProviderWallet>>> ExportAllWalletsByUsername(string username, string fullPathToExportTo, bool exportOnlyDefault = false, bool showPrivateKeys = false, ProviderType providerTypeToExportWalletsFor = ProviderType.All, ProviderType providerTypeToLoadFrom = ProviderType.Default)","False","LocalOrchestration"
"OASIS Architecture/NextGenSoftware.OASIS.API.Core/Managers/WalletManager.SendBurnLockToken.cs","32","public OASISResult<ITransactionResponse> SendToken(Guid avatarId, ISendWeb4TokenRequest request)","True","ExplicitProviderNativeOrAdministrative"
"OASIS Architecture/NextGenSoftware.OASIS.API.Core/Managers/WalletManager.SendBurnLockToken.cs","331","public async Task<OASISResult<ITransactionResponse>> BurnTokenAsync(IBurnWeb4TokenRequest request)","True","ExplicitProviderNativeOrAdministrative"
"OASIS Architecture/NextGenSoftware.OASIS.API.Core/Managers/WalletManager.SendBurnLockToken.cs","395","public OASISResult<ITransactionResponse> BurnToken(IBurnWeb4TokenRequest request)","True","ExplicitProviderNativeOrAdministrative"
"OASIS Architecture/NextGenSoftware.OASIS.API.Core/Managers/WalletManager.SendBurnLockToken.cs","459","public async Task<OASISResult<ITransactionResponse>> LockTokenAsync(ILockWeb4TokenRequest request)","True","ExplicitProviderNativeOrAdministrative"
"OASIS Architecture/NextGenSoftware.OASIS.API.Core/Managers/WalletManager.SendBurnLockToken.cs","520","public OASISResult<ITransactionResponse> LockToken(ILockWeb4TokenRequest request)","True","ExplicitProviderNativeOrAdministrative"
"OASIS Architecture/NextGenSoftware.OASIS.API.Core/Managers/WalletManager.UnlockBalance.cs","32","public async Task<OASISResult<ITransactionResponse>> UnlockTokenAsync(IUnlockWeb4TokenRequest request)","True","ExplicitProviderNativeOrAdministrative"
"OASIS Architecture/NextGenSoftware.OASIS.API.Core/Managers/WalletManager.UnlockBalance.cs","93","public OASISResult<ITransactionResponse> UnlockToken(IUnlockWeb4TokenRequest request)","True","ExplicitProviderNativeOrAdministrative"
"OASIS Architecture/NextGenSoftware.OASIS.API.Core/Managers/WalletManager.UnlockBalance.cs","154","public async Task<OASISResult<double>> GetTotalBalanceForAllProviderWalletsForAvatarByIdAsync(Guid avatarId)","True","CoveredManagerDelegation"
"OASIS Architecture/NextGenSoftware.OASIS.API.Core/Managers/WalletManager.UnlockBalance.cs","183","public OASISResult<double> GetTotalBalanceForAllProviderWalletsForAvatarById(Guid avatarId)","True","CoveredManagerDelegation"
"OASIS Architecture/NextGenSoftware.OASIS.API.Core/Managers/WalletManager.UnlockBalance.cs","212","public async Task<OASISResult<double>> GetTotalBalanceForAllProviderWalletsForAvatarByUsernameAsync(string username)","True","CoveredManagerDelegation"
"OASIS Architecture/NextGenSoftware.OASIS.API.Core/Managers/WalletManager.UnlockBalance.cs","241","public OASISResult<double> GetTotalBalanceForAllProviderWalletsForAvatarByUsername(string username)","True","CoveredManagerDelegation"
"OASIS Architecture/NextGenSoftware.OASIS.API.Core/Managers/WalletManager.UnlockBalance.cs","270","public async Task<OASISResult<double>> GetTotalBalanceForAllProviderWalletsForAvatarByEmailAsync(string email)","True","CoveredManagerDelegation"
"OASIS Architecture/NextGenSoftware.OASIS.API.Core/Managers/WalletManager.UnlockBalance.cs","299","public OASISResult<double> GetTotalBalanceForAllProviderWalletsForAvatarByEmail(string email)","True","CoveredManagerDelegation"
"OASIS Architecture/NextGenSoftware.OASIS.API.Core/Managers/WalletManager.UnlockBalance.cs","328","public async Task<OASISResult<double>> GetTotalBalanceForProviderWalletsForAvatarByIdAsync(Guid avatarId, ProviderType walletProviderType)","True","CoveredManagerDelegation"
"OASIS Architecture/NextGenSoftware.OASIS.API.Core/Managers/WalletManager.UnlockBalance.cs","355","public OASISResult<double> GetTotalBalanceForProviderWalletsForAvatarById(Guid avatarId, ProviderType walletProviderType)","True","CoveredManagerDelegation"
"OASIS Architecture/NextGenSoftware.OASIS.API.Core/Managers/WalletManager.UnlockBalance.cs","382","public async Task<OASISResult<double>> GetTotalBalanceForProviderWalletsForAvatarByUsernameAsync(string username, ProviderType walletProviderType)","True","CoveredManagerDelegation"
"OASIS Architecture/NextGenSoftware.OASIS.API.Core/Managers/WalletManager.UnlockBalance.cs","409","public OASISResult<double> GetTotalBalanceForProviderWalletsForAvatarByUsername(string username, ProviderType walletProviderType)","True","CoveredManagerDelegation"
"OASIS Architecture/NextGenSoftware.OASIS.API.Core/Managers/WalletManager.UnlockBalance.cs","436","public async Task<OASISResult<double>> GetTotalBalanceForProviderWalletsForAvatarByEmailAsync(string email, ProviderType walletProviderType)","True","CoveredManagerDelegation"
"OASIS Architecture/NextGenSoftware.OASIS.API.Core/Managers/WalletManager.UnlockBalance.cs","463","public OASISResult<double> GetTotalBalanceForProviderWalletsForAvatarByEmail(string email, ProviderType walletProviderType)","True","CoveredManagerDelegation"
"OASIS Architecture/NextGenSoftware.OASIS.API.Core/Managers/WalletManager.UnlockBalance.cs","490","public async Task<OASISResult<double>> GetBalanceForWalletForAvatarByIdAsync(Guid avatarId, Guid walletId, ProviderType providerType = ProviderType.Default)","True","CoveredManagerDelegation"
"OASIS Architecture/NextGenSoftware.OASIS.API.Core/Managers/WalletManager.UnlockBalance.cs","514","public async Task<OASISResult<double>> GetBalanceForWalletForAvatarById(Guid avatarId, Guid walletId, ProviderType providerType = ProviderType.Default)","True","CoveredManagerDelegation"
"OASIS Architecture/NextGenSoftware.OASIS.API.Core/Managers/WalletManager.UnlockBalance.cs","538","public async Task<OASISResult<double>> GetBalanceForWalletForAvatarByUsernameAsync(string username, Guid walletId, ProviderType providerType = ProviderType.Default)","True","CoveredManagerDelegation"
"OASIS Architecture/NextGenSoftware.OASIS.API.Core/Managers/WalletManager.UnlockBalance.cs","562","public OASISResult<double> GetBalanceForWalletForAvatarByUsername(string username, Guid walletId, ProviderType providerType = ProviderType.Default)","True","CoveredManagerDelegation"
"OASIS Architecture/NextGenSoftware.OASIS.API.Core/Managers/WalletManager.UnlockBalance.cs","586","public async Task<OASISResult<double>> GetBalanceForWalletForAvatarByEmailAsync(string email, Guid walletId, ProviderType providerType = ProviderType.Default)","True","CoveredManagerDelegation"
"OASIS Architecture/NextGenSoftware.OASIS.API.Core/Managers/WalletManager.UnlockBalance.cs","610","public async Task<OASISResult<double>> GetBalanceForWalletForAvatarByEmail(string email, Guid walletId, ProviderType providerType = ProviderType.Default)","True","CoveredManagerDelegation"
"OASIS Architecture/NextGenSoftware.OASIS.API.Core/Managers/WalletManager.UpdateSendToken.cs","32","public async Task<OASISResult<IProviderWallet>> UpdateWalletForAvatarByUsernameAsync(string username, Guid walletId, string name, string description, ProviderType walletProviderType, ProviderType providerTypeToLoadSave = ProviderType.Default)","True","CoveredManagerDelegation"
"OASIS Architecture/NextGenSoftware.OASIS.API.Core/Managers/WalletManager.UpdateSendToken.cs","79","public OASISResult<IProviderWallet> UpdateWalletForAvatarByUsername(string username, Guid walletId, string name, string description, ProviderType walletProviderType, ProviderType providerTypeToLoadSave = ProviderType.Default)","True","CoveredManagerDelegation"
"OASIS Architecture/NextGenSoftware.OASIS.API.Core/Managers/WalletManager.UpdateSendToken.cs","126","public async Task<OASISResult<IProviderWallet>> UpdateWalletForAvatarByEmailAsync(string email, Guid walletId, string name, string description, ProviderType walletProviderType, ProviderType providerTypeToLoadSave = ProviderType.Default)","True","CoveredManagerDelegation"
"OASIS Architecture/NextGenSoftware.OASIS.API.Core/Managers/WalletManager.UpdateSendToken.cs","173","public OASISResult<IProviderWallet> UpdateWalletForAvatarByEmail(string email, Guid walletId, string name, string description, ProviderType walletProviderType, ProviderType providerTypeToLoadSave = ProviderType.Default)","True","CoveredManagerDelegation"
"OASIS Architecture/NextGenSoftware.OASIS.API.Core/Managers/WalletManager.UpdateSendToken.cs","220","public async Task<OASISResult<ISendWeb4TokenResponse>> SendTokenAsync(Guid avatarId, ISendWeb4TokenRequest request)","False","LocalOrchestration"
"OASIS Architecture/NextGenSoftware.OASIS.API.Core/Managers/WalletManager.UpdateSendToken.cs","369","public async Task<OASISResult<ISendWeb4NFTResponse>> SendNFTAsync(Guid avatarId, ISendWeb4NFTRequest request)","True","ExplicitProviderNativeOrAdministrative"
