"SourceFile","Line","Controller","Action","Verb","Template","StorageDisposition"
"ONODE/NextGenSoftware.OASIS.API.ONODE.WebAPI/Controllers/Admin/OlandUnitController.cs","25","OLandUnitController","Create","POST","","InjectedServiceRepositoryOrClient"
"ONODE/NextGenSoftware.OASIS.API.ONODE.WebAPI/Controllers/Admin/OlandUnitController.cs","40","OLandUnitController","Update","PUT","{id:guid}","InjectedServiceRepositoryOrClient"
"ONODE/NextGenSoftware.OASIS.API.ONODE.WebAPI/Controllers/Admin/OlandUnitController.cs","55","OLandUnitController","Delete","DELETE","{id:guid}","InjectedServiceRepositoryOrClient"
"ONODE/NextGenSoftware.OASIS.API.ONODE.WebAPI/Controllers/Admin/OlandUnitController.cs","68","OLandUnitController","Get","GET","{id:guid}","InjectedServiceRepositoryOrClient"
"ONODE/NextGenSoftware.OASIS.API.ONODE.WebAPI/Controllers/Admin/OlandUnitController.cs","81","OLandUnitController","GetAll","GET","GetAll","InjectedServiceRepositoryOrClient"
"ONODE/NextGenSoftware.OASIS.API.ONODE.WebAPI/Controllers/AvatarAdminController.cs","73","AvatarAdminController","GetAvatarSessions","GET","{avatarId}/sessions","DirectModeAwareManagerBoundary"
"ONODE/NextGenSoftware.OASIS.API.ONODE.WebAPI/Controllers/AvatarAdminController.cs","101","AvatarAdminController","LogoutAvatarSessions","POST","{avatarId}/sessions/logout","DirectModeAwareManagerBoundary"
"ONODE/NextGenSoftware.OASIS.API.ONODE.WebAPI/Controllers/AvatarAdminController.cs","128","AvatarAdminController","LogoutAllAvatarSessions","POST","{avatarId}/sessions/logout-all","DirectModeAwareManagerBoundary"
"ONODE/NextGenSoftware.OASIS.API.ONODE.WebAPI/Controllers/AvatarAdminController.cs","156","AvatarAdminController","CreateAvatarSession","POST","{avatarId}/sessions","DirectModeAwareManagerBoundary"
"ONODE/NextGenSoftware.OASIS.API.ONODE.WebAPI/Controllers/AvatarAdminController.cs","185","AvatarAdminController","UpdateAvatarSession","PUT","{avatarId}/sessions/{sessionId}","DirectModeAwareManagerBoundary"
"ONODE/NextGenSoftware.OASIS.API.ONODE.WebAPI/Controllers/AvatarAdminController.cs","212","AvatarAdminController","GetAvatarSessionStats","GET","{avatarId}/sessions/stats","DirectModeAwareManagerBoundary"
"ONODE/NextGenSoftware.OASIS.API.ONODE.WebAPI/Controllers/AvatarAuthController.cs","67","AvatarAuthController","Register","POST","register","DirectModeAwareManagerBoundary"
"ONODE/NextGenSoftware.OASIS.API.ONODE.WebAPI/Controllers/AvatarAuthController.cs","166","AvatarAuthController","VerifyAvatar","POST","{avatarId}/verify","DirectModeAwareManagerBoundary"
"ONODE/NextGenSoftware.OASIS.API.ONODE.WebAPI/Controllers/AvatarAuthController.cs","238","AvatarAuthController","Register","POST","register/{providerType}/{setGlobally}","ControllerActionDelegation"
"ONODE/NextGenSoftware.OASIS.API.ONODE.WebAPI/Controllers/AvatarAuthController.cs","256","AvatarAuthController","VerifyEmail","GET","verify-email","DirectModeAwareManagerBoundary"
"ONODE/NextGenSoftware.OASIS.API.ONODE.WebAPI/Controllers/AvatarAuthController.cs","276","AvatarAuthController","VerifyEmail","GET","verify-email/{providerType}/{setGlobally}","DirectModeAwareManagerBoundary"
"ONODE/NextGenSoftware.OASIS.API.ONODE.WebAPI/Controllers/AvatarAuthController.cs","294","AvatarAuthController","VerifyEmail","POST","verify-email","ControllerActionDelegation"
"ONODE/NextGenSoftware.OASIS.API.ONODE.WebAPI/Controllers/AvatarAuthController.cs","314","AvatarAuthController","VerifyEmail","POST","verify-email/{providerType}/{setGlobally}","ControllerActionDelegation"
"ONODE/NextGenSoftware.OASIS.API.ONODE.WebAPI/Controllers/AvatarAuthController.cs","331","AvatarAuthController","Authenticate","POST","authenticate","DirectModeAwareManagerBoundary"
"ONODE/NextGenSoftware.OASIS.API.ONODE.WebAPI/Controllers/AvatarAuthController.cs","376","AvatarAuthController","Authenticate","POST","authenticate/{providerType}/{setGlobally}/{autoReplicationMode}/{autoFailOverMode}/{autoLoadBalanceMode}/{autoReplicationProviders}/{autoFailOverProviders}/{AutoLoadBalanceProviders}/{waitForAutoReplicationResult}/{showDetailedSettings}","ControllerActionDelegation"
"ONODE/NextGenSoftware.OASIS.API.ONODE.WebAPI/Controllers/AvatarAuthController.cs","398","AvatarAuthController","Authenticate","POST","authenticate-token/{JWTToken}","DirectModeAwareManagerBoundary"
"ONODE/NextGenSoftware.OASIS.API.ONODE.WebAPI/Controllers/AvatarAuthController.cs","414","AvatarAuthController","Authenticate","POST","authenticate-token/{JWTToken}/{providerType}/{setGlobally}","ControllerActionDelegation"
"ONODE/NextGenSoftware.OASIS.API.ONODE.WebAPI/Controllers/AvatarAuthController.cs","428","AvatarAuthController","GetDIDChallenge","GET","did-challenge/{did}","DirectModeAwareManagerBoundary"
"ONODE/NextGenSoftware.OASIS.API.ONODE.WebAPI/Controllers/AvatarAuthController.cs","447","AvatarAuthController","AuthenticateWithDID","POST","authenticate-did","DirectModeAwareManagerBoundary"
"ONODE/NextGenSoftware.OASIS.API.ONODE.WebAPI/Controllers/AvatarAuthController.cs","473","AvatarAuthController","RefreshToken","POST","refresh-token","DirectModeAwareManagerBoundary"
"ONODE/NextGenSoftware.OASIS.API.ONODE.WebAPI/Controllers/AvatarAuthController.cs","495","AvatarAuthController","RefreshToken","POST","refresh-token/{providerType}/{setGlobally}","ControllerActionDelegation"
"ONODE/NextGenSoftware.OASIS.API.ONODE.WebAPI/Controllers/AvatarAuthController.cs","509","AvatarAuthController","RevokeToken","POST","revoke-token","DirectModeAwareManagerBoundary"
"ONODE/NextGenSoftware.OASIS.API.ONODE.WebAPI/Controllers/AvatarAuthController.cs","537","AvatarAuthController","RevokeToken","POST","revoke-token/{providerType}/{setGlobally}","ControllerActionDelegation"
"ONODE/NextGenSoftware.OASIS.API.ONODE.WebAPI/Controllers/AvatarAuthController.cs","551","AvatarAuthController","ForgotPassword","POST","forgot-password","DirectModeAwareManagerBoundary"
"ONODE/NextGenSoftware.OASIS.API.ONODE.WebAPI/Controllers/AvatarAuthController.cs","566","AvatarAuthController","ForgotPassword","POST","forgot-password/{providerType}/{setGlobally}","ControllerActionDelegation"
"ONODE/NextGenSoftware.OASIS.API.ONODE.WebAPI/Controllers/AvatarAuthController.cs","580","AvatarAuthController","ValidateResetToken","POST","validate-reset-token","DirectModeAwareManagerBoundary"
"ONODE/NextGenSoftware.OASIS.API.ONODE.WebAPI/Controllers/AvatarAuthController.cs","595","AvatarAuthController","ValidateResetToken","POST","validate-reset-token/{providerType}/{setGlobally}","ControllerActionDelegation"
"ONODE/NextGenSoftware.OASIS.API.ONODE.WebAPI/Controllers/AvatarAuthController.cs","608","AvatarAuthController","ResetPassword","POST","reset-password","DirectModeAwareManagerBoundary"
"ONODE/NextGenSoftware.OASIS.API.ONODE.WebAPI/Controllers/AvatarAuthController.cs","623","AvatarAuthController","ResetPassword","POST","reset-password/{providerType}/{setGlobally}","ControllerActionDelegation"
"ONODE/NextGenSoftware.OASIS.API.ONODE.WebAPI/Controllers/AvatarKeyController.cs","27","AvatarKeyController","LinkProviderPublicKeyToAvatarById","POST","link-public-key/by-id","LocalOrNonStorageEndpoint"
"ONODE/NextGenSoftware.OASIS.API.ONODE.WebAPI/Controllers/AvatarKeyController.cs","47","AvatarKeyController","LinkProviderPublicKeyToAvatarByUsername","POST","link-public-key/by-username","LocalOrNonStorageEndpoint"
"ONODE/NextGenSoftware.OASIS.API.ONODE.WebAPI/Controllers/AvatarKeyController.cs","67","AvatarKeyController","GenerateKeyPairWithWalletAddress","POST","generate-key-pair","LocalOrNonStorageEndpoint"
"ONODE/NextGenSoftware.OASIS.API.ONODE.WebAPI/Controllers/AvatarKeyController.cs","80","AvatarKeyController","GetProviderStorageKeyById","GET","provider-storage-key/by-id/{avatarId}/{providerType}","LocalOrNonStorageEndpoint"
"ONODE/NextGenSoftware.OASIS.API.ONODE.WebAPI/Controllers/AvatarKeyController.cs","95","AvatarKeyController","GetProviderStorageKeyByUsername","GET","provider-storage-key/by-username/{username}/{providerType}","LocalOrNonStorageEndpoint"
"ONODE/NextGenSoftware.OASIS.API.ONODE.WebAPI/Controllers/AvatarKeyController.cs","110","AvatarKeyController","GetProviderPublicKeysById","GET","provider-public-keys/by-id/{avatarId}/{providerType}","LocalOrNonStorageEndpoint"
"ONODE/NextGenSoftware.OASIS.API.ONODE.WebAPI/Controllers/AvatarKeyController.cs","125","AvatarKeyController","GetProviderPublicKeysByUsername","GET","provider-public-keys/by-username/{username}/{providerType}","LocalOrNonStorageEndpoint"
"ONODE/NextGenSoftware.OASIS.API.ONODE.WebAPI/Controllers/AvatarKeyController.cs","140","AvatarKeyController","GetProviderPrivateKeysById","GET","provider-private-keys/by-id/{avatarId}/{providerType}","LocalOrNonStorageEndpoint"
"ONODE/NextGenSoftware.OASIS.API.ONODE.WebAPI/Controllers/AvatarKeyController.cs","155","AvatarKeyController","GetProviderPrivateKeysByUsername","GET","provider-private-keys/by-username/{username}/{providerType}","LocalOrNonStorageEndpoint"
"ONODE/NextGenSoftware.OASIS.API.ONODE.WebAPI/Controllers/AvatarProfileController.cs","49","AvatarProfileController","GetLevelThresholds","GET","get-level-thresholds","CoveredFeatureManagerDelegation"
"ONODE/NextGenSoftware.OASIS.API.ONODE.WebAPI/Controllers/AvatarProfileController.cs","85","AvatarProfileController","GetTerms","GET","get-terms","LocalOrNonStorageEndpoint"
"ONODE/NextGenSoftware.OASIS.API.ONODE.WebAPI/Controllers/AvatarProfileController.cs","110","AvatarProfileController","GetAvatarPortraitById","GET","get-avatar-portrait/{id}","DirectModeAwareManagerBoundary"
"ONODE/NextGenSoftware.OASIS.API.ONODE.WebAPI/Controllers/AvatarProfileController.cs","119","AvatarProfileController","GetAvatarPortraitById","GET","get-avatar-portrait/{id}/{providerType}/{setGlobally}","ControllerActionDelegation"
"ONODE/NextGenSoftware.OASIS.API.ONODE.WebAPI/Controllers/AvatarProfileController.cs","127","AvatarProfileController","GetAvatarPortraitByUsername","GET","get-avatar-portrait-by-username/{username}","DirectModeAwareManagerBoundary"
"ONODE/NextGenSoftware.OASIS.API.ONODE.WebAPI/Controllers/AvatarProfileController.cs","136","AvatarProfileController","GetAvatarPortraitByUsername","GET","get-avatar-portrait-by-username/{username}/{providerType}/{setGlobally}","ControllerActionDelegation"
"ONODE/NextGenSoftware.OASIS.API.ONODE.WebAPI/Controllers/AvatarProfileController.cs","144","AvatarProfileController","GetAvatarPortraitByEmail","GET","get-avatar-portrait-by-email/{email}","DirectModeAwareManagerBoundary"
"ONODE/NextGenSoftware.OASIS.API.ONODE.WebAPI/Controllers/AvatarProfileController.cs","153","AvatarProfileController","GetAvatarPortraitByEmail","GET","get-avatar-portrait-by-email/{email}/{providerType}/{setGlobally}","ControllerActionDelegation"
"ONODE/NextGenSoftware.OASIS.API.ONODE.WebAPI/Controllers/AvatarProfileController.cs","161","AvatarProfileController","UploadAvatarPortrait","POST","upload-avatar-portrait","DirectModeAwareManagerBoundary"
"ONODE/NextGenSoftware.OASIS.API.ONODE.WebAPI/Controllers/AvatarProfileController.cs","170","AvatarProfileController","UploadAvatarPortrait","POST","upload-avatar-portrait/{providerType}/{setGlobally}","ControllerActionDelegation"
"ONODE/NextGenSoftware.OASIS.API.ONODE.WebAPI/Controllers/AvatarProfileController.cs","182","AvatarProfileController","GetAvatarDetail","GET","get-avatar-detail-by-id/{id:guid}","DirectModeAwareManagerBoundary"
"ONODE/NextGenSoftware.OASIS.API.ONODE.WebAPI/Controllers/AvatarProfileController.cs","203","AvatarProfileController","GetAvatarDetail","GET","get-avatar-detail-by-id/{id:guid}/{providerType}/{setGlobally}","ControllerActionDelegation"
"ONODE/NextGenSoftware.OASIS.API.ONODE.WebAPI/Controllers/AvatarProfileController.cs","211","AvatarProfileController","GetAvatarDetailByEmail","GET","get-avatar-detail-by-email/{email}","DirectModeAwareManagerBoundary"
"ONODE/NextGenSoftware.OASIS.API.ONODE.WebAPI/Controllers/AvatarProfileController.cs","220","AvatarProfileController","GetAvatarDetailByEmail","GET","get-avatar-detail-by-email/{email}/{providerType}/{setGlobally}","ControllerActionDelegation"
"ONODE/NextGenSoftware.OASIS.API.ONODE.WebAPI/Controllers/AvatarProfileController.cs","228","AvatarProfileController","GetAvatarDetailByUsername","GET","get-avatar-detail-by-username/{username}","DirectModeAwareManagerBoundary"
"ONODE/NextGenSoftware.OASIS.API.ONODE.WebAPI/Controllers/AvatarProfileController.cs","237","AvatarProfileController","GetAvatarDetailByUsername","GET","get-avatar-detail-by-username/{username}/{providerType}/{setGlobally}","ControllerActionDelegation"
"ONODE/NextGenSoftware.OASIS.API.ONODE.WebAPI/Controllers/AvatarProfileController.cs","245","AvatarProfileController","GetAllAvatarDetails","GET","get-all-avatar-details","DirectModeAwareManagerBoundary"
"ONODE/NextGenSoftware.OASIS.API.ONODE.WebAPI/Controllers/AvatarProfileController.cs","264","AvatarProfileController","GetAllAvatarDetails","GET","get-all-avatar-details/{providerType}/{setGlobally}","ControllerActionDelegation"
"ONODE/NextGenSoftware.OASIS.API.ONODE.WebAPI/Controllers/AvatarProfileController.cs","272","AvatarProfileController","GetAll","GET","get-all-avatars","DirectModeAwareManagerBoundary"
"ONODE/NextGenSoftware.OASIS.API.ONODE.WebAPI/Controllers/AvatarProfileController.cs","291","AvatarProfileController","GetAll","GET","get-all-avatars/{providerType}/{setGlobally}","ControllerActionDelegation"
"ONODE/NextGenSoftware.OASIS.API.ONODE.WebAPI/Controllers/AvatarProfileController.cs","299","AvatarProfileController","GetAllAvatarNames","GET","get-all-avatar-names/{includeUsernames}/{includeIds}","DirectModeAwareManagerBoundary"
"ONODE/NextGenSoftware.OASIS.API.ONODE.WebAPI/Controllers/AvatarProfileController.cs","306","AvatarProfileController","GetAllAvatarNames","GET","get-all-avatar-names/{includeUsernames}/{includeIds}/{providerType}/{setGlobally}","ControllerActionDelegation"
"ONODE/NextGenSoftware.OASIS.API.ONODE.WebAPI/Controllers/AvatarProfileController.cs","314","AvatarProfileController","GetAllAvatarNamesGroupedByName","GET","get-all-avatar-names-grouped-by-name/{includeUsernames}/{includeIds}","DirectModeAwareManagerBoundary"
"ONODE/NextGenSoftware.OASIS.API.ONODE.WebAPI/Controllers/AvatarProfileController.cs","321","AvatarProfileController","GetAllAvatarNamesGroupedByName","GET","get-all-avatar-names-grouped-by-name/{includeUsernames}/{includeIds}/{providerType}/{setGlobally}","ControllerActionDelegation"
"ONODE/NextGenSoftware.OASIS.API.ONODE.WebAPI/Controllers/AvatarProfileController.cs","329","AvatarProfileController","GetById","GET","get-by-id/{id}","DirectModeAwareManagerBoundary"
"ONODE/NextGenSoftware.OASIS.API.ONODE.WebAPI/Controllers/AvatarProfileController.cs","338","AvatarProfileController","GetById","GET","get-by-id/{id}/{providerType}/{setGlobally}","ControllerActionDelegation"
"ONODE/NextGenSoftware.OASIS.API.ONODE.WebAPI/Controllers/AvatarProfileController.cs","346","AvatarProfileController","GetByUsername","GET","get-by-username/{username}","DirectModeAwareManagerBoundary"
"ONODE/NextGenSoftware.OASIS.API.ONODE.WebAPI/Controllers/AvatarProfileController.cs","362","AvatarProfileController","GetByUsername","GET","get-by-username/{username}/{providerType}/{setGlobally}","ControllerActionDelegation"
"ONODE/NextGenSoftware.OASIS.API.ONODE.WebAPI/Controllers/AvatarProfileController.cs","370","AvatarProfileController","GetByEmail","GET","get-by-email/{email}","DirectModeAwareManagerBoundary"
"ONODE/NextGenSoftware.OASIS.API.ONODE.WebAPI/Controllers/AvatarProfileController.cs","379","AvatarProfileController","GetByEmail","GET","get-by-email/{email}/{providerType}/{setGlobally}","LocalOrNonStorageEndpoint"
"ONODE/NextGenSoftware.OASIS.API.ONODE.WebAPI/Controllers/AvatarProfileController.cs","393","AvatarProfileController","GetUmaJsonById","GET","get-uma-json-by-id/{id}","DirectModeAwareManagerBoundary"
"ONODE/NextGenSoftware.OASIS.API.ONODE.WebAPI/Controllers/AvatarProfileController.cs","402","AvatarProfileController","GetUmaJsonById","GET","get-uma-json-by-id/{id}/{providerType}/{setGlobally}","ControllerActionDelegation"
"ONODE/NextGenSoftware.OASIS.API.ONODE.WebAPI/Controllers/AvatarProfileController.cs","410","AvatarProfileController","GetUmaJsonByUsername","GET","get-uma-json-by-username/{username}","DirectModeAwareManagerBoundary"
"ONODE/NextGenSoftware.OASIS.API.ONODE.WebAPI/Controllers/AvatarProfileController.cs","419","AvatarProfileController","GetUmaJsonByUsername","GET","get-uma-json-by-username/{username}/{providerType}/{setGlobally}","ControllerActionDelegation"
"ONODE/NextGenSoftware.OASIS.API.ONODE.WebAPI/Controllers/AvatarProfileController.cs","427","AvatarProfileController","GetUmaJsonByEmail","GET","get-uma-json-by-email/{email}","DirectModeAwareManagerBoundary"
"ONODE/NextGenSoftware.OASIS.API.ONODE.WebAPI/Controllers/AvatarProfileController.cs","436","AvatarProfileController","GetUmaJsonByEmail","GET","get-uma-json-by-email/{email}/{providerType}/{setGlobally}","ControllerActionDelegation"
"ONODE/NextGenSoftware.OASIS.API.ONODE.WebAPI/Controllers/AvatarProfileController.cs","444","AvatarProfileController","GetLoggedInAvatar","GET","get-logged-in-avatar","DirectModeAwareManagerBoundary"
"ONODE/NextGenSoftware.OASIS.API.ONODE.WebAPI/Controllers/AvatarProfileController.cs","457","AvatarProfileController","GetLoggedInAvatarWithXp","GET","get-logged-in-avatar-with-xp","DirectModeAwareManagerBoundary"
"ONODE/NextGenSoftware.OASIS.API.ONODE.WebAPI/Controllers/AvatarProfileController.cs","486","AvatarProfileController","GetLoggedInAvatar","GET","get-logged-in-avatar/{providerType}/{setGlobally}","ControllerActionDelegation"
"ONODE/NextGenSoftware.OASIS.API.ONODE.WebAPI/Controllers/AvatarProfileController.cs","497","AvatarProfileController","AddXp","POST","add-xp","DirectModeAwareManagerBoundary"
"ONODE/NextGenSoftware.OASIS.API.ONODE.WebAPI/Controllers/AvatarProfileController.cs","524","AvatarProfileController","SetActiveQuest","POST","set-active-quest","DirectModeAwareManagerBoundary"
"ONODE/NextGenSoftware.OASIS.API.ONODE.WebAPI/Controllers/AvatarProfileController.cs","550","AvatarProfileController","SearchAvatar","POST","search","DirectModeAwareManagerBoundary"
"ONODE/NextGenSoftware.OASIS.API.ONODE.WebAPI/Controllers/AvatarProfileController.cs","557","AvatarProfileController","SearchAvatar","POST","search/{providerType}/{setGlobally}","ControllerActionDelegation"
"ONODE/NextGenSoftware.OASIS.API.ONODE.WebAPI/Controllers/AvatarProfileController.cs","565","AvatarProfileController","AddKarmaToAvatar","POST","add-karma-to-avatar/{avatarId}","DirectModeAwareManagerBoundary"
"ONODE/NextGenSoftware.OASIS.API.ONODE.WebAPI/Controllers/AvatarProfileController.cs","582","AvatarProfileController","AddKarmaToAvatar","POST","add-karma-to-avatar/{avatarId}/{providerType}/{setGlobally}","ControllerActionDelegation"
"ONODE/NextGenSoftware.OASIS.API.ONODE.WebAPI/Controllers/AvatarProfileController.cs","590","AvatarProfileController","RemoveKarmaFromAvatar","POST","remove-karma-from-avatar/{avatarId}","DirectModeAwareManagerBoundary"
"ONODE/NextGenSoftware.OASIS.API.ONODE.WebAPI/Controllers/AvatarProfileController.cs","607","AvatarProfileController","RemoveKarmaFromAvatar","POST","remove-karma-from-avatar/{avatarId}/{providerType}/{setGlobally}","ControllerActionDelegation"
"ONODE/NextGenSoftware.OASIS.API.ONODE.WebAPI/Controllers/AvatarProfileController.cs","615","AvatarProfileController","Update","POST","update-by-id/{id}","DirectModeAwareManagerBoundary"
"ONODE/NextGenSoftware.OASIS.API.ONODE.WebAPI/Controllers/AvatarProfileController.cs","663","AvatarProfileController","Update","POST","update-by-id/{id}/{providerType}/{setGlobally}","ControllerActionDelegation"
"ONODE/NextGenSoftware.OASIS.API.ONODE.WebAPI/Controllers/AvatarProfileController.cs","671","AvatarProfileController","UpdateByEmail","POST","update-by-email/{email}","DirectModeAwareManagerBoundary"
"ONODE/NextGenSoftware.OASIS.API.ONODE.WebAPI/Controllers/AvatarProfileController.cs","719","AvatarProfileController","UpdateByEmail","POST","update-by-email/{email}/{providerType}/{setGlobally}","ControllerActionDelegation"
"ONODE/NextGenSoftware.OASIS.API.ONODE.WebAPI/Controllers/AvatarProfileController.cs","727","AvatarProfileController","UpdateByUsername","POST","update-by-username/{username}","DirectModeAwareManagerBoundary"
"ONODE/NextGenSoftware.OASIS.API.ONODE.WebAPI/Controllers/AvatarProfileController.cs","775","AvatarProfileController","UpdateByUsername","POST","update-by-username/{username}/{providerType}/{setGlobally}","ControllerActionDelegation"
"ONODE/NextGenSoftware.OASIS.API.ONODE.WebAPI/Controllers/AvatarProfileController.cs","783","AvatarProfileController","UpdateAvatarDetail","POST","update-avatar-detail-by-id/{id}","DirectModeAwareManagerBoundary"
"ONODE/NextGenSoftware.OASIS.API.ONODE.WebAPI/Controllers/AvatarProfileController.cs","792","AvatarProfileController","UpdateAvatarDetail","POST","update-avatar-detail-by-id/{id}/{providerType}/{setGlobally}","ControllerActionDelegation"
"ONODE/NextGenSoftware.OASIS.API.ONODE.WebAPI/Controllers/AvatarProfileController.cs","800","AvatarProfileController","UpdateAvatarDetailByEmail","POST","update-avatar-detail-by-email/{email}","DirectModeAwareManagerBoundary"
"ONODE/NextGenSoftware.OASIS.API.ONODE.WebAPI/Controllers/AvatarProfileController.cs","809","AvatarProfileController","UpdateAvatarDetailByEmail","POST","update-avatar-detail-by-email/{email}/{providerType}/{setGlobally}","ControllerActionDelegation"
"ONODE/NextGenSoftware.OASIS.API.ONODE.WebAPI/Controllers/AvatarProfileController.cs","817","AvatarProfileController","UpdateAvatarDetailByUsername","POST","update-avatar-detail-by-username/{username}","DirectModeAwareManagerBoundary"
"ONODE/NextGenSoftware.OASIS.API.ONODE.WebAPI/Controllers/AvatarProfileController.cs","826","AvatarProfileController","UpdateAvatarDetailByUsername","POST","update-avatar-detail-by-username/{username}/{providerType}/{setGlobally}","ControllerActionDelegation"
"ONODE/NextGenSoftware.OASIS.API.ONODE.WebAPI/Controllers/AvatarProfileController.cs","834","AvatarProfileController","Delete","DELETE","{id:Guid}","DirectModeAwareManagerBoundary"
"ONODE/NextGenSoftware.OASIS.API.ONODE.WebAPI/Controllers/AvatarProfileController.cs","843","AvatarProfileController","Delete","DELETE","{id:Guid}/{providerType}/{setGlobally}","ControllerActionDelegation"
"ONODE/NextGenSoftware.OASIS.API.ONODE.WebAPI/Controllers/AvatarProfileController.cs","851","AvatarProfileController","DeleteByUsername","DELETE","delete-by-username/{username}","DirectModeAwareManagerBoundary"
"ONODE/NextGenSoftware.OASIS.API.ONODE.WebAPI/Controllers/AvatarProfileController.cs","860","AvatarProfileController","DeleteByUsername","DELETE","delete-by-username/{username}/{providerType}/{setGlobally}","ControllerActionDelegation"
"ONODE/NextGenSoftware.OASIS.API.ONODE.WebAPI/Controllers/AvatarProfileController.cs","868","AvatarProfileController","DeleteByEmail","DELETE","delete-by-email/{email}","DirectModeAwareManagerBoundary"
"ONODE/NextGenSoftware.OASIS.API.ONODE.WebAPI/Controllers/AvatarProfileController.cs","877","AvatarProfileController","DeleteByEmail","DELETE","delete-by-email/{email}/{providerType}/{setGlobally}","LocalOrNonStorageEndpoint"
"ONODE/NextGenSoftware.OASIS.API.ONODE.WebAPI/Controllers/AvatarProfileController.cs","886","AvatarProfileController","GetAvatarInventory","GET","inventory","DirectModeAwareManagerBoundary"
"ONODE/NextGenSoftware.OASIS.API.ONODE.WebAPI/Controllers/AvatarProfileController.cs","905","AvatarProfileController","AddItemToAvatarInventory","POST","inventory","DirectModeAwareManagerBoundary"
"ONODE/NextGenSoftware.OASIS.API.ONODE.WebAPI/Controllers/AvatarProfileController.cs","928","AvatarProfileController","UpdateItemInAvatarInventory","PUT","inventory/{itemId}","DirectModeAwareManagerBoundary"
"ONODE/NextGenSoftware.OASIS.API.ONODE.WebAPI/Controllers/AvatarProfileController.cs","941","AvatarProfileController","RemoveItemFromAvatarInventory","DELETE","inventory/{itemId}","DirectModeAwareManagerBoundary"
"ONODE/NextGenSoftware.OASIS.API.ONODE.WebAPI/Controllers/AvatarProfileController.cs","966","AvatarProfileController","AvatarHasItem","GET","inventory/{itemId}/has","DirectModeAwareManagerBoundary"
"ONODE/NextGenSoftware.OASIS.API.ONODE.WebAPI/Controllers/AvatarProfileController.cs","985","AvatarProfileController","AvatarHasItemByName","GET","inventory/has-by-name","DirectModeAwareManagerBoundary"
"ONODE/NextGenSoftware.OASIS.API.ONODE.WebAPI/Controllers/AvatarProfileController.cs","1004","AvatarProfileController","SearchAvatarInventory","GET","inventory/search","DirectModeAwareManagerBoundary"
"ONODE/NextGenSoftware.OASIS.API.ONODE.WebAPI/Controllers/AvatarProfileController.cs","1023","AvatarProfileController","GetAvatarInventoryItem","GET","inventory/{itemId}","DirectModeAwareManagerBoundary"
"ONODE/NextGenSoftware.OASIS.API.ONODE.WebAPI/Controllers/AvatarProfileController.cs","1042","AvatarProfileController","SendItemToAvatar","POST","inventory/send-to-avatar","DirectModeAwareManagerBoundary"
"ONODE/NextGenSoftware.OASIS.API.ONODE.WebAPI/Controllers/AvatarProfileController.cs","1064","AvatarProfileController","SendItemToClan","POST","inventory/send-to-clan","DirectModeAwareManagerBoundary"
"ONODE/NextGenSoftware.OASIS.API.ONODE.WebAPI/Controllers/AvatarProfileController.cs","1091","AvatarProfileController","SendItemToClanAtomic","POST","inventory/send-to-clan-atomic","DirectModeAwareManagerBoundary"
"ONODE/NextGenSoftware.OASIS.API.ONODE.WebAPI/Controllers/AvatarSessionController.cs","29","AvatarSessionController","GetAvatarSessions","GET","{avatarId}/sessions","DirectModeAwareManagerBoundary"
"ONODE/NextGenSoftware.OASIS.API.ONODE.WebAPI/Controllers/AvatarSessionController.cs","43","AvatarSessionController","GetAvatarSessionStats","GET","{avatarId}/sessions/stats","DirectModeAwareManagerBoundary"
"ONODE/NextGenSoftware.OASIS.API.ONODE.WebAPI/Controllers/AvatarSessionController.cs","57","AvatarSessionController","CreateAvatarSession","POST","{avatarId}/sessions","DirectModeAwareManagerBoundary"
"ONODE/NextGenSoftware.OASIS.API.ONODE.WebAPI/Controllers/AvatarSessionController.cs","72","AvatarSessionController","UpdateAvatarSession","PUT","{avatarId}/sessions/{sessionId}","DirectModeAwareManagerBoundary"
"ONODE/NextGenSoftware.OASIS.API.ONODE.WebAPI/Controllers/AvatarSessionController.cs","87","AvatarSessionController","LogoutAvatarSessions","POST","{avatarId}/sessions/logout","DirectModeAwareManagerBoundary"
"ONODE/NextGenSoftware.OASIS.API.ONODE.WebAPI/Controllers/AvatarSessionController.cs","101","AvatarSessionController","LogoutAllAvatarSessions","POST","{avatarId}/sessions/logout-all","DirectModeAwareManagerBoundary"
"ONODE/NextGenSoftware.OASIS.API.ONODE.WebAPI/Controllers/AvatarSessionController.cs","115","AvatarSessionController","ValidateAccountToken","POST","validate-account-token","DirectModeAwareManagerBoundary"
"ONODE/NextGenSoftware.OASIS.API.ONODE.WebAPI/Controllers/BiometricController.cs","44","BiometricController","Status","GET","status","LocalOrNonStorageEndpoint"
"ONODE/NextGenSoftware.OASIS.API.ONODE.WebAPI/Controllers/BiometricController.cs","76","BiometricController","VoiceEnroll","POST","voice/enroll","LocalOrNonStorageEndpoint"
"ONODE/NextGenSoftware.OASIS.API.ONODE.WebAPI/Controllers/BiometricController.cs","131","BiometricController","VoiceVerify","POST","voice/verify","LocalOrNonStorageEndpoint"
"ONODE/NextGenSoftware.OASIS.API.ONODE.WebAPI/Controllers/BiometricController.cs","171","BiometricController","VoiceDelete","DELETE","voice","LocalOrNonStorageEndpoint"
"ONODE/NextGenSoftware.OASIS.API.ONODE.WebAPI/Controllers/BiometricController.cs","203","BiometricController","VoiceVerifyByAvatarId","POST","voice/verify/{avatarId:guid}","DirectModeAwareManagerBoundary"
"ONODE/NextGenSoftware.OASIS.API.ONODE.WebAPI/Controllers/BridgeController.cs","53","BridgeController","CreateOrder","POST","orders","CoveredFeatureManagerDelegation"
"ONODE/NextGenSoftware.OASIS.API.ONODE.WebAPI/Controllers/BridgeController.cs","92","BridgeController","CheckOrderBalance","GET","orders/{orderId:guid}/check-balance","CoveredFeatureManagerDelegation"
"ONODE/NextGenSoftware.OASIS.API.ONODE.WebAPI/Controllers/BridgeController.cs","149","BridgeController","GetExchangeRate","GET","exchange-rate","CoveredFeatureManagerDelegation"
"ONODE/NextGenSoftware.OASIS.API.ONODE.WebAPI/Controllers/BridgeController.cs","189","BridgeController","GetSupportedNetworks","GET","networks","LocalOrNonStorageEndpoint"
"ONODE/NextGenSoftware.OASIS.API.ONODE.WebAPI/Controllers/BridgeController.cs","211","BridgeController","CreatePrivateOrder","POST","orders/private","CoveredFeatureManagerDelegation"
"ONODE/NextGenSoftware.OASIS.API.ONODE.WebAPI/Controllers/BridgeController.cs","244","BridgeController","RecordViewingKey","POST","viewing-keys/audit","CoveredFeatureManagerDelegation"
"ONODE/NextGenSoftware.OASIS.API.ONODE.WebAPI/Controllers/BridgeController.cs","274","BridgeController","VerifyProof","POST","proofs/verify","CoveredFeatureManagerDelegation"
"ONODE/NextGenSoftware.OASIS.API.ONODE.WebAPI/Controllers/ChatController.cs","32","ChatController","StartNewChatSession","POST","start-new-chat-session","CoveredFeatureManagerDelegation"
"ONODE/NextGenSoftware.OASIS.API.ONODE.WebAPI/Controllers/ChatController.cs","48","ChatController","SendMessage","POST","send-message/{sessionId}","CoveredFeatureManagerDelegation"
"ONODE/NextGenSoftware.OASIS.API.ONODE.WebAPI/Controllers/ChatController.cs","63","ChatController","GetChatHistory","GET","history/{sessionId}","CoveredFeatureManagerDelegation"
"ONODE/NextGenSoftware.OASIS.API.ONODE.WebAPI/Controllers/ClanController.cs","29","ClanController","Create","POST","","CoveredFeatureManagerDelegation"
"ONODE/NextGenSoftware.OASIS.API.ONODE.WebAPI/Controllers/ClanController.cs","68","ClanController","Update","PUT","{clanId:guid}","CoveredFeatureManagerDelegation"
"ONODE/NextGenSoftware.OASIS.API.ONODE.WebAPI/Controllers/ClanController.cs","113","ClanController","Load","GET","{clanId:guid}","CoveredFeatureManagerDelegation"
"ONODE/NextGenSoftware.OASIS.API.ONODE.WebAPI/Controllers/ClanController.cs","137","ClanController","LoadByName","GET","by-name","CoveredFeatureManagerDelegation"
"ONODE/NextGenSoftware.OASIS.API.ONODE.WebAPI/Controllers/ClanController.cs","169","ClanController","List","GET","","CoveredFeatureManagerDelegation"
"ONODE/NextGenSoftware.OASIS.API.ONODE.WebAPI/Controllers/ClanController.cs","190","ClanController","Delete","DELETE","{clanId:guid}","CoveredFeatureManagerDelegation"
"ONODE/NextGenSoftware.OASIS.API.ONODE.WebAPI/Controllers/ClanController.cs","218","ClanController","AddAvatarToClan","POST","{clanId:guid}/members/{avatarId:guid}","CoveredFeatureManagerDelegation"
"ONODE/NextGenSoftware.OASIS.API.ONODE.WebAPI/Controllers/ClanController.cs","244","ClanController","RemoveAvatarFromClan","DELETE","{clanId:guid}/members/{avatarId:guid}","CoveredFeatureManagerDelegation"
"ONODE/NextGenSoftware.OASIS.API.ONODE.WebAPI/Controllers/ClanController.cs","270","ClanController","GetMembers","GET","{clanId:guid}/members","CoveredFeatureManagerDelegation"
"ONODE/NextGenSoftware.OASIS.API.ONODE.WebAPI/Controllers/ClanController.cs","294","ClanController","GetClanInventory","GET","{clanId:guid}/inventory","CoveredFeatureManagerDelegation"
"ONODE/NextGenSoftware.OASIS.API.ONODE.WebAPI/Controllers/CompetitionController.cs","33","CompetitionController","GetLeaderboard","GET","leaderboard/{competitionType}/{seasonType}","CoveredFeatureManagerDelegation"
"ONODE/NextGenSoftware.OASIS.API.ONODE.WebAPI/Controllers/CompetitionController.cs","50","CompetitionController","GetMyRank","GET","my-rank/{competitionType}/{seasonType}","CoveredFeatureManagerDelegation"
"ONODE/NextGenSoftware.OASIS.API.ONODE.WebAPI/Controllers/CompetitionController.cs","63","CompetitionController","GetAvatarRank","GET","rank/{avatarId}/{competitionType}/{seasonType}","CoveredFeatureManagerDelegation"
"ONODE/NextGenSoftware.OASIS.API.ONODE.WebAPI/Controllers/CompetitionController.cs","79","CompetitionController","GetAvailableLeagues","GET","leagues/{competitionType}/{seasonType}","CoveredFeatureManagerDelegation"
"ONODE/NextGenSoftware.OASIS.API.ONODE.WebAPI/Controllers/CompetitionController.cs","92","CompetitionController","GetMyLeague","GET","my-league/{competitionType}/{seasonType}","CoveredFeatureManagerDelegation"
"ONODE/NextGenSoftware.OASIS.API.ONODE.WebAPI/Controllers/CompetitionController.cs","105","CompetitionController","GetAvatarLeague","GET","league/{avatarId}/{competitionType}/{seasonType}","CoveredFeatureManagerDelegation"
"ONODE/NextGenSoftware.OASIS.API.ONODE.WebAPI/Controllers/CompetitionController.cs","120","CompetitionController","GetActiveTournaments","GET","tournaments","CoveredFeatureManagerDelegation"
"ONODE/NextGenSoftware.OASIS.API.ONODE.WebAPI/Controllers/CompetitionController.cs","132","CompetitionController","JoinTournament","POST","tournaments/{tournamentId}/join","CoveredFeatureManagerDelegation"
"ONODE/NextGenSoftware.OASIS.API.ONODE.WebAPI/Controllers/CompetitionController.cs","149","CompetitionController","GetMyStats","GET","stats/{competitionType}/{seasonType}","CoveredFeatureManagerDelegation"
"ONODE/NextGenSoftware.OASIS.API.ONODE.WebAPI/Controllers/DataController.Delete.cs","38","DataController","DeleteHolon","DELETE","delete-holon","DirectModeAwareManagerBoundary"
"ONODE/NextGenSoftware.OASIS.API.ONODE.WebAPI/Controllers/DataController.Delete.cs","68","DataController","DeleteHolon","DELETE","delete-holon/{id}","ControllerActionDelegation"
"ONODE/NextGenSoftware.OASIS.API.ONODE.WebAPI/Controllers/DataController.Delete.cs","81","DataController","DeleteHolon","DELETE","delete-holon/{id}/{softDelete}","ControllerActionDelegation"
"ONODE/NextGenSoftware.OASIS.API.ONODE.WebAPI/Controllers/DataController.Delete.cs","98","DataController","DeleteHolon","DELETE","delete-holon/{id}/{softDelete}/{providerType}/{setGlobally}","ControllerActionDelegation"
"ONODE/NextGenSoftware.OASIS.API.ONODE.WebAPI/Controllers/DataController.Delete.cs","134","DataController","DeleteHolon","DELETE","delete-holon/{id}/{softDelete}/{providerType}/{setGlobally}/{autoReplicationMode}/{autoFailOverMode}/{autoLoadBalanceMode}/{autoReplicationProviders}/{autoFailOverProviders}/{autoLoadBalanceProviders}/{waitForAutoReplicationResult}/{showDetailedSettings}","ControllerActionDelegation"
"ONODE/NextGenSoftware.OASIS.API.ONODE.WebAPI/Controllers/DataController.File.cs","30","DataController","SaveFile","POST","save-file","DirectModeAwareManagerBoundary"
"ONODE/NextGenSoftware.OASIS.API.ONODE.WebAPI/Controllers/DataController.File.cs","50","DataController","SaveFile","GET","save-file/{data}","ControllerActionDelegation"
"ONODE/NextGenSoftware.OASIS.API.ONODE.WebAPI/Controllers/DataController.File.cs","66","DataController","SaveFile","GET","save-file/{data}/{providerType}/{setGlobally}","ControllerActionDelegation"
"ONODE/NextGenSoftware.OASIS.API.ONODE.WebAPI/Controllers/DataController.File.cs","99","DataController","SaveFile","GET","save-file/{data}/{providerType}/{setGlobally}/{autoReplicationMode}/{autoFailOverMode}/{autoLoadBalanceMode}/{autoReplicationProviders}/{autoFailOverProviders}/{autoLoadBalanceProviders}/{waitForAutoReplicationResult}/{showDetailedSettings}","ControllerActionDelegation"
"ONODE/NextGenSoftware.OASIS.API.ONODE.WebAPI/Controllers/DataController.File.cs","124","DataController","LoadFile","POST","load-file","DirectModeAwareManagerBoundary"
"ONODE/NextGenSoftware.OASIS.API.ONODE.WebAPI/Controllers/DataController.File.cs","154","DataController","LoadFile","GET","load-file/{id}","ControllerActionDelegation"
"ONODE/NextGenSoftware.OASIS.API.ONODE.WebAPI/Controllers/DataController.File.cs","170","DataController","LoadFile","GET","load-file/{id}/{providerType}/{setGlobally}","ControllerActionDelegation"
"ONODE/NextGenSoftware.OASIS.API.ONODE.WebAPI/Controllers/DataController.File.cs","203","DataController","LoadFile","GET","load-file/{id}/{providerType}/{setGlobally}/{autoReplicationMode}/{autoFailOverMode}/{autoLoadBalanceMode}/{autoReplicationProviders}/{autoFailOverProviders}/{autoLoadBalanceProviders}/{waitForAutoReplicationResult}/{showDetailedSettings}","ControllerActionDelegation"
"ONODE/NextGenSoftware.OASIS.API.ONODE.WebAPI/Controllers/DataController.File.cs","228","DataController","SaveData","POST","save-data","DirectModeAwareManagerBoundary"
"ONODE/NextGenSoftware.OASIS.API.ONODE.WebAPI/Controllers/DataController.File.cs","249","DataController","SaveData","GET","save-data/{key}/{value}","ControllerActionDelegation"
"ONODE/NextGenSoftware.OASIS.API.ONODE.WebAPI/Controllers/DataController.File.cs","270","DataController","SaveData","GET","save-data/{key}/{value}/{providerType}/{setGlobally}","ControllerActionDelegation"
"ONODE/NextGenSoftware.OASIS.API.ONODE.WebAPI/Controllers/DataController.File.cs","305","DataController","SaveData","GET","save-data/{key}/{value}/{providerType}/{setGlobally}/{autoReplicationMode}/{autoFailOverMode}/{autoLoadBalanceMode}/{autoReplicationProviders}/{autoFailOverProviders}/{autoLoadBalanceProviders}/{waitForAutoReplicationResult}/{showDetailedSettings}","ControllerActionDelegation"
"ONODE/NextGenSoftware.OASIS.API.ONODE.WebAPI/Controllers/DataController.File.cs","331","DataController","LoadData","POST","load-data","DirectModeAwareManagerBoundary"
"ONODE/NextGenSoftware.OASIS.API.ONODE.WebAPI/Controllers/DataController.File.cs","359","DataController","LoadData","GET","load-data/{key}/{value}","ControllerActionDelegation"
"ONODE/NextGenSoftware.OASIS.API.ONODE.WebAPI/Controllers/DataController.File.cs","378","DataController","LoadData","GET","load-data/{key}/{value}/{providerType}/{setGlobally}","ControllerActionDelegation"
"ONODE/NextGenSoftware.OASIS.API.ONODE.WebAPI/Controllers/DataController.File.cs","411","DataController","LoadData","GET","load-data/{key}/{value}/{providerType}/{setGlobally}/{autoReplicationMode}/{autoFailOverMode}/{autoLoadBalanceMode}/{autoReplicationProviders}/{autoFailOverProviders}/{autoLoadBalanceProviders}/{waitForAutoReplicationResult}/{showDetailedSettings}","ControllerActionDelegation"
"ONODE/NextGenSoftware.OASIS.API.ONODE.WebAPI/Controllers/DataController.Load.cs","45","DataController","LoadHolon","POST","load-holon","DirectModeAwareManagerBoundary"
"ONODE/NextGenSoftware.OASIS.API.ONODE.WebAPI/Controllers/DataController.Load.cs","108","DataController","LoadHolon","GET","load-holon/{id}","ControllerActionDelegation"
"ONODE/NextGenSoftware.OASIS.API.ONODE.WebAPI/Controllers/DataController.Load.cs","130","DataController","LoadHolon","GET","load-holon/{id}/{loadChildren}/{recursive}/{maxChildDepth}/{continueOnError}/{version}","ControllerActionDelegation"
"ONODE/NextGenSoftware.OASIS.API.ONODE.WebAPI/Controllers/DataController.Load.cs","164","DataController","LoadHolon","GET","load-holon/{id}/{loadChildren}/{recursive}/{maxChildDepth}/{continueOnError}/{version}/{providerType}/{setGlobally}","ControllerActionDelegation"
"ONODE/NextGenSoftware.OASIS.API.ONODE.WebAPI/Controllers/DataController.Load.cs","215","DataController","LoadHolon","GET","load-holon/{id}/{loadChildren}/{recursive}/{maxChildDepth}/{continueOnError}/{version}/{providerType}/{setGlobally}/{autoReplicationMode}/{autoFailOverMode}/{autoLoadBalanceMode}/{autoReplicationProviders}/{autoFailOverProviders}/{autoLoadBalanceProviders}/{waitForAutoReplicationResult}/{showDetailedSettings}","ControllerActionDelegation"
"ONODE/NextGenSoftware.OASIS.API.ONODE.WebAPI/Controllers/DataController.Load.cs","256","DataController","LoadAllHolons","POST","load-all-holons","DirectModeAwareManagerBoundary"
"ONODE/NextGenSoftware.OASIS.API.ONODE.WebAPI/Controllers/DataController.Load.cs","328","DataController","LoadAllHolons","GET","load-all-holons/{holonType}","LocalOrNonStorageEndpoint"
"ONODE/NextGenSoftware.OASIS.API.ONODE.WebAPI/Controllers/DataController.Load.cs","372","DataController","LoadAllHolons","GET","load-all-holons/{holonType}/{loadChildren}/{recursive}/{maxChildDepth}/{continueOnError}/{version}","ControllerActionDelegation"
"ONODE/NextGenSoftware.OASIS.API.ONODE.WebAPI/Controllers/DataController.Load.cs","415","DataController","LoadAllHolons","GET","load-all-holons/{holonType}/{loadChildren}/{recursive}/{maxChildDepth}/{continueOnError}/{version}/{providerType}/{setGlobally}","ControllerActionDelegation"
"ONODE/NextGenSoftware.OASIS.API.ONODE.WebAPI/Controllers/DataController.Load.cs","464","DataController","LoadAllHolons","GET","load-all-holons/{holonType}/{loadChildren}/{recursive}/{maxChildDepth}/{continueOnError}/{version}/{providerType}/{setGlobally}/{autoReplicationMode}/{autoFailOverMode}/{autoLoadBalanceMode}/{autoReplicationProviders}/{autoFailOverProviders}/{autoLoadBalanceProviders}/{waitForAutoReplicationResult}/{showDetailedSettings}","ControllerActionDelegation"
"ONODE/NextGenSoftware.OASIS.API.ONODE.WebAPI/Controllers/DataController.Load.cs","505","DataController","LoadHolonsForParent","POST","load-holons-for-parent","ControllerActionDelegation"
"ONODE/NextGenSoftware.OASIS.API.ONODE.WebAPI/Controllers/DataController.Load.cs","553","DataController","LoadHolonsForParent","GET","load-holons-for-parent/{id}/{holonType}","ControllerActionDelegation"
"ONODE/NextGenSoftware.OASIS.API.ONODE.WebAPI/Controllers/DataController.Load.cs","579","DataController","LoadHolonsForParent","GET","load-holons-for-parent/{id}/{holonType}/{loadChildren}/{recursive}/{maxChildDepth}/{continueOnError}/{version}","ControllerActionDelegation"
"ONODE/NextGenSoftware.OASIS.API.ONODE.WebAPI/Controllers/DataController.Load.cs","623","DataController","LoadHolonsForParent","GET","load-holons-for-parent/{id}/{holonType}/{loadChildren}/{recursive}/{maxChildDepth}/{continueOnError}/{version}/{providerType}/{setGlobally}","ControllerActionDelegation"
"ONODE/NextGenSoftware.OASIS.API.ONODE.WebAPI/Controllers/DataController.Load.cs","677","DataController","LoadHolonsForParent","GET","load-holons-for-parent/{id}/{holonType}/{loadChildren}/{recursive}/{maxChildDepth}/{continueOnError}/{version}/{providerType}/{setGlobally}/{autoReplicationMode}/{autoFailOverMode}/{autoLoadBalanceMode}/{autoReplicationProviders}/{autoFailOverProviders}/{autoLoadBalanceProviders}/{waitForAutoReplicationResult}/{showDetailedSettings}","ControllerActionDelegation"
"ONODE/NextGenSoftware.OASIS.API.ONODE.WebAPI/Controllers/DataController.MetaData.cs","29","DataController","LoadHolonByMetaData","POST","load-holon-by-metadata","DirectModeAwareManagerBoundary"
"ONODE/NextGenSoftware.OASIS.API.ONODE.WebAPI/Controllers/DataController.MetaData.cs","91","DataController","LoadHolonByMetaData","GET","load-holon-by-metadata/{metaKey}/{metaValue}","ControllerActionDelegation"
"ONODE/NextGenSoftware.OASIS.API.ONODE.WebAPI/Controllers/DataController.MetaData.cs","101","DataController","LoadHolonByMetaData","GET","load-holon-by-metadata/{metaKey}/{metaValue}/{holonType}","ControllerActionDelegation"
"ONODE/NextGenSoftware.OASIS.API.ONODE.WebAPI/Controllers/DataController.MetaData.cs","111","DataController","LoadHolonByMetaData","GET","load-holon-by-metadata/{metaKey}/{metaValue}/{holonType}/{loadChildren}/{recursive}/{maxChildDepth}/{continueOnError}/{version}","ControllerActionDelegation"
"ONODE/NextGenSoftware.OASIS.API.ONODE.WebAPI/Controllers/DataController.MetaData.cs","133","DataController","LoadHolonsByMetaData","POST","load-holons-by-metadata","DirectModeAwareManagerBoundary"
"ONODE/NextGenSoftware.OASIS.API.ONODE.WebAPI/Controllers/DataController.MetaData.cs","190","DataController","LoadHolonsByMetaData","GET","load-holons-by-metadata/{metaKey}/{metaValue}","ControllerActionDelegation"
"ONODE/NextGenSoftware.OASIS.API.ONODE.WebAPI/Controllers/DataController.MetaData.cs","200","DataController","LoadHolonsByMetaData","GET","load-holons-by-metadata/{metaKey}/{metaValue}/{holonType}","ControllerActionDelegation"
"ONODE/NextGenSoftware.OASIS.API.ONODE.WebAPI/Controllers/DataController.MetaData.cs","210","DataController","LoadHolonsByMetaData","GET","load-holons-by-metadata/{metaKey}/{metaValue}/{holonType}/{loadChildren}/{recursive}/{maxChildDepth}/{continueOnError}/{version}","ControllerActionDelegation"
"ONODE/NextGenSoftware.OASIS.API.ONODE.WebAPI/Controllers/DataController.MetaData.cs","232","DataController","SearchHolons","POST","search-holons","DirectModeAwareManagerBoundary"
"ONODE/NextGenSoftware.OASIS.API.ONODE.WebAPI/Controllers/DataController.MetaData.cs","277","DataController","SearchHolons","GET","search-holons/{searchTerm}","ControllerActionDelegation"
"ONODE/NextGenSoftware.OASIS.API.ONODE.WebAPI/Controllers/DataController.MetaData.cs","287","DataController","SearchHolons","GET","search-holons/{searchTerm}/{holonType}","ControllerActionDelegation"
"ONODE/NextGenSoftware.OASIS.API.ONODE.WebAPI/Controllers/DataController.MetaData.cs","302","DataController","SaveHolons","POST","save-holons","DirectModeAwareManagerBoundary"
"ONODE/NextGenSoftware.OASIS.API.ONODE.WebAPI/Controllers/DataController.ProviderKey.cs","27","DataController","LoadHolonByProviderKey","GET","load-holon-by-providerkey/{providerKey}","DirectModeAwareManagerBoundary"
"ONODE/NextGenSoftware.OASIS.API.ONODE.WebAPI/Controllers/DataController.ProviderKey.cs","73","DataController","LoadHolonsForParentByProviderKey","GET","load-holons-for-parent-by-providerkey/{providerKey}","DirectModeAwareManagerBoundary"
"ONODE/NextGenSoftware.OASIS.API.ONODE.WebAPI/Controllers/DataController.ProviderKey.cs","125","DataController","LoadHolonsForParentByProviderKey","GET","load-holons-for-parent-by-providerkey/{providerKey}/{holonType}","ControllerActionDelegation"
"ONODE/NextGenSoftware.OASIS.API.ONODE.WebAPI/Controllers/DataController.ProviderKey.cs","144","DataController","DeleteHolonByProviderKey","DELETE","delete-holon-by-providerkey/{providerKey}","DirectModeAwareManagerBoundary"
"ONODE/NextGenSoftware.OASIS.API.ONODE.WebAPI/Controllers/DataController.Save.cs","40","DataController","SaveHolon","POST","save-holon","DirectModeAwareManagerBoundary"
"ONODE/NextGenSoftware.OASIS.API.ONODE.WebAPI/Controllers/DataController.Save.cs","78","DataController","SaveHolon","POST","save-holon/{holon}","ControllerActionDelegation"
"ONODE/NextGenSoftware.OASIS.API.ONODE.WebAPI/Controllers/DataController.Save.cs","108","DataController","SaveHolon","POST","save-holon/{saveChildren}/{recursive}/{maxChildDepth}/{continueOnError}","ControllerActionDelegation"
"ONODE/NextGenSoftware.OASIS.API.ONODE.WebAPI/Controllers/DataController.Save.cs","142","DataController","SaveHolon","POST","save-holon/{saveChildren}/{recursive}/{maxChildDepth}/{continueOnError}/{providerType}/{setGlobally}","ControllerActionDelegation"
"ONODE/NextGenSoftware.OASIS.API.ONODE.WebAPI/Controllers/DataController.Save.cs","191","DataController","SaveHolon","POST","save-holon/{saveChildren}/{recursive}/{maxChildDepth}/{continueOnError}/{providerType}/{setGlobally}/{autoReplicationMode}/{autoFailOverMode}/{autoLoadBalanceMode}/{autoReplicationProviders}/{autoFailOverProviders}/{AutoLoadBalanceProviders}/{waitForAutoReplicationResult}/{showDetailedSettings}","ControllerActionDelegation"
"ONODE/NextGenSoftware.OASIS.API.ONODE.WebAPI/Controllers/DataController.Save.cs","223","DataController","SaveHolonOffChain","POST","save-holon-off-chain","LocalOrNonStorageEndpoint"
"ONODE/NextGenSoftware.OASIS.API.ONODE.WebAPI/Controllers/EggsController.cs","26","EggsController","GetAllEggs","GET","get-all-eggs","CoveredFeatureManagerDelegation"
"ONODE/NextGenSoftware.OASIS.API.ONODE.WebAPI/Controllers/EggsController.cs","73","EggsController","GetCurrentEggQuests","GET","get-current-egg-quests","CoveredFeatureManagerDelegation"
"ONODE/NextGenSoftware.OASIS.API.ONODE.WebAPI/Controllers/EggsController.cs","120","EggsController","GetCurrentEggQuestLeaderBoard","GET","get-current-egg-quest-leader-board","CoveredFeatureManagerDelegation"
"ONODE/NextGenSoftware.OASIS.API.ONODE.WebAPI/Controllers/EggsController.cs","167","EggsController","GetMyEggs","GET","my-eggs","CoveredFeatureManagerDelegation"
"ONODE/NextGenSoftware.OASIS.API.ONODE.WebAPI/Controllers/EggsController.cs","216","EggsController","DiscoverEgg","POST","discover","CoveredFeatureManagerDelegation"
"ONODE/NextGenSoftware.OASIS.API.ONODE.WebAPI/Controllers/EggsController.cs","229","EggsController","HatchEgg","POST","hatch/{eggId}","CoveredFeatureManagerDelegation"
"ONODE/NextGenSoftware.OASIS.API.ONODE.WebAPI/Controllers/EOSIOController.cs","69","EOSIOController","GetEOSIOAccountNamesForAvatar","GET","get-eosio-account-name-for-avatar","LocalOrNonStorageEndpoint"
"ONODE/NextGenSoftware.OASIS.API.ONODE.WebAPI/Controllers/EOSIOController.cs","126","EOSIOController","GetTelosAccountPrivateKeyForAvatar","GET","get-eosio-account-private-key-for-avatar","LocalOrNonStorageEndpoint"
"ONODE/NextGenSoftware.OASIS.API.ONODE.WebAPI/Controllers/EOSIOController.cs","140","EOSIOController","GetEOSIOAccount","GET","get-eosio-account","LocalOrNonStorageEndpoint"
"ONODE/NextGenSoftware.OASIS.API.ONODE.WebAPI/Controllers/EOSIOController.cs","195","EOSIOController","GetEOSIOAccountForAvatar","GET","get-eosio-account-for-avatar","LocalOrNonStorageEndpoint"
"ONODE/NextGenSoftware.OASIS.API.ONODE.WebAPI/Controllers/EOSIOController.cs","209","EOSIOController","GetAvatarIdForEOSIOAccountName","GET","get-avatar-id-for-eosio-account-name","LocalOrNonStorageEndpoint"
"ONODE/NextGenSoftware.OASIS.API.ONODE.WebAPI/Controllers/EOSIOController.cs","221","EOSIOController","GetAvatarForEOSIOAccountName","GET","get-avatar-for-eosio-account-name","LocalOrNonStorageEndpoint"
"ONODE/NextGenSoftware.OASIS.API.ONODE.WebAPI/Controllers/EOSIOController.cs","235","EOSIOController","GetBalanceForEOSIOAccount","GET","get-balance-for-eosio-account","LocalOrNonStorageEndpoint"
"ONODE/NextGenSoftware.OASIS.API.ONODE.WebAPI/Controllers/EOSIOController.cs","249","EOSIOController","GetBalanceForAvatar","GET","get-balance-for-avatar","LocalOrNonStorageEndpoint"
"ONODE/NextGenSoftware.OASIS.API.ONODE.WebAPI/Controllers/EOSIOController.cs","265","EOSIOController","LinkEOSIOAccountToAvatar","POST","{avatarId}/{eosioAccountName}","CoveredFeatureManagerDelegation"
"ONODE/NextGenSoftware.OASIS.API.ONODE.WebAPI/Controllers/FilesController.cs","132","FilesController","GetAllFilesStoredForCurrentLoggedInAvatar","GET","get-all-files-stored-for-current-logged-in-avatar","CoveredFeatureManagerDelegation"
"ONODE/NextGenSoftware.OASIS.API.ONODE.WebAPI/Controllers/FilesController.cs","142","FilesController","UploadFile","POST","upload-file","CoveredFeatureManagerDelegation"
"ONODE/NextGenSoftware.OASIS.API.ONODE.WebAPI/Controllers/FilesController.cs","154","FilesController","DownloadFile","GET","download-file/{fileId}","CoveredFeatureManagerDelegation"
"ONODE/NextGenSoftware.OASIS.API.ONODE.WebAPI/Controllers/FilesController.cs","164","FilesController","DeleteFile","DELETE","delete-file/{fileId}","CoveredFeatureManagerDelegation"
"ONODE/NextGenSoftware.OASIS.API.ONODE.WebAPI/Controllers/FilesController.cs","174","FilesController","GetFileMetadata","GET","file-metadata/{fileId}","CoveredFeatureManagerDelegation"
"ONODE/NextGenSoftware.OASIS.API.ONODE.WebAPI/Controllers/FilesController.cs","184","FilesController","UpdateFileMetadata","PUT","update-file-metadata/{fileId}","CoveredFeatureManagerDelegation"
"ONODE/NextGenSoftware.OASIS.API.ONODE.WebAPI/Controllers/GiftsController.cs","25","GiftsController","GetMyGifts","GET","my-gifts","CoveredFeatureManagerDelegation"
"ONODE/NextGenSoftware.OASIS.API.ONODE.WebAPI/Controllers/GiftsController.cs","83","GiftsController","SendGift","POST","send-gift/{toAvatarId}","CoveredFeatureManagerDelegation"
"ONODE/NextGenSoftware.OASIS.API.ONODE.WebAPI/Controllers/GiftsController.cs","96","GiftsController","ReceiveGift","POST","receive-gift/{giftId}","CoveredFeatureManagerDelegation"
"ONODE/NextGenSoftware.OASIS.API.ONODE.WebAPI/Controllers/GiftsController.cs","108","GiftsController","OpenGift","POST","open-gift/{giftId}","CoveredFeatureManagerDelegation"
"ONODE/NextGenSoftware.OASIS.API.ONODE.WebAPI/Controllers/GiftsController.cs","121","GiftsController","GetGiftHistory","GET","history","CoveredFeatureManagerDelegation"
"ONODE/NextGenSoftware.OASIS.API.ONODE.WebAPI/Controllers/GiftsController.cs","175","GiftsController","GetGiftStats","GET","stats","CoveredFeatureManagerDelegation"
"ONODE/NextGenSoftware.OASIS.API.ONODE.WebAPI/Controllers/HealthController.cs","14","HealthController","Get","GET","","LocalOrNonStorageEndpoint"
"ONODE/NextGenSoftware.OASIS.API.ONODE.WebAPI/Controllers/HealthController.cs","28","HealthController","Health","GET","health","LocalOrNonStorageEndpoint"
"ONODE/NextGenSoftware.OASIS.API.ONODE.WebAPI/Controllers/HerzIdController.cs","69","HerzIdController","Register","POST","register","DirectModeAwareManagerBoundary"
"ONODE/NextGenSoftware.OASIS.API.ONODE.WebAPI/Controllers/HerzIdController.cs","162","HerzIdController","Vouch","POST","vouch","DirectModeAwareManagerBoundary"
"ONODE/NextGenSoftware.OASIS.API.ONODE.WebAPI/Controllers/HerzIdController.cs","218","HerzIdController","Verify","GET","verify/{herzId}","LocalOrNonStorageEndpoint"
"ONODE/NextGenSoftware.OASIS.API.ONODE.WebAPI/Controllers/HerzIdController.cs","253","HerzIdController","Profile","GET","profile","LocalOrNonStorageEndpoint"
"ONODE/NextGenSoftware.OASIS.API.ONODE.WebAPI/Controllers/HerzIdController.cs","290","HerzIdController","SetClearance","POST","set-clearance","DirectModeAwareManagerBoundary"
"ONODE/NextGenSoftware.OASIS.API.ONODE.WebAPI/Controllers/HerzIdController.cs","325","HerzIdController","VouchChain","GET","vouch-chain/{herzId}","LocalOrNonStorageEndpoint"
"ONODE/NextGenSoftware.OASIS.API.ONODE.WebAPI/Controllers/HerzIdController.cs","364","HerzIdController","VouchesIssued","GET","vouches-issued","DirectModeAwareManagerBoundary"
"ONODE/NextGenSoftware.OASIS.API.ONODE.WebAPI/Controllers/HerzIdController.cs","421","HerzIdController","GhostCheck","POST","ghost-check/{herzId}","DirectModeAwareManagerBoundary"
"ONODE/NextGenSoftware.OASIS.API.ONODE.WebAPI/Controllers/HolochainController.cs","49","HolochainController","GetHolochainAgentIdsForAvatar","GET","get-holochain-agentids-for-avatar","CoveredFeatureManagerDelegation"
"ONODE/NextGenSoftware.OASIS.API.ONODE.WebAPI/Controllers/HolochainController.cs","106","HolochainController","GetHolochainAgentPrivateKeysForAvatar","GET","get-holochain-agent-private-keys-for-avatar","CoveredFeatureManagerDelegation"
"ONODE/NextGenSoftware.OASIS.API.ONODE.WebAPI/Controllers/HolochainController.cs","120","HolochainController","GetAvatarIdForHolochainAgentId","GET","get-avatar-id-for-holochain-agentid","CoveredFeatureManagerDelegation"
"ONODE/NextGenSoftware.OASIS.API.ONODE.WebAPI/Controllers/HolochainController.cs","133","HolochainController","GetAvatarForHolochainAgentId","GET","get-avatar-for-holochain-agentid","CoveredFeatureManagerDelegation"
"ONODE/NextGenSoftware.OASIS.API.ONODE.WebAPI/Controllers/HolochainController.cs","145","HolochainController","GetHoloFuelBalanceForAgentId","GET","get-holo-fuel-balance-for-agentId","LocalOrNonStorageEndpoint"
"ONODE/NextGenSoftware.OASIS.API.ONODE.WebAPI/Controllers/HolochainController.cs","157","HolochainController","GetHoloFuelBalanceForAvatar","GET","get-holo-fuel-balance-for-avatar","LocalOrNonStorageEndpoint"
"ONODE/NextGenSoftware.OASIS.API.ONODE.WebAPI/Controllers/HolochainController.cs","173","HolochainController","LinkHolochainAgentIdToAvatar","POST","{avatarId}/{holochainAgentId}","DirectModeAwareManagerBoundary"
"ONODE/NextGenSoftware.OASIS.API.ONODE.WebAPI/Controllers/HyperDriveController.Config.cs","23","HyperDriveController","GetConfiguration","GET","config","HyperDriveOrProviderControlPlane"
"ONODE/NextGenSoftware.OASIS.API.ONODE.WebAPI/Controllers/HyperDriveController.Config.cs","61","HyperDriveController","GetHyperDriveMode","GET","mode","HyperDriveOrProviderControlPlane"
"ONODE/NextGenSoftware.OASIS.API.ONODE.WebAPI/Controllers/HyperDriveController.Config.cs","81","HyperDriveController","SetHyperDriveMode","PUT","mode","HyperDriveOrProviderControlPlane"
"ONODE/NextGenSoftware.OASIS.API.ONODE.WebAPI/Controllers/HyperDriveController.Config.cs","147","HyperDriveController","UpdateConfiguration","PUT","config","HyperDriveOrProviderControlPlane"
"ONODE/NextGenSoftware.OASIS.API.ONODE.WebAPI/Controllers/HyperDriveController.Config.cs","178","HyperDriveController","ValidateConfiguration","POST","config/validate","HyperDriveOrProviderControlPlane"
"ONODE/NextGenSoftware.OASIS.API.ONODE.WebAPI/Controllers/HyperDriveController.Config.cs","200","HyperDriveController","ResetConfiguration","POST","config/reset","HyperDriveOrProviderControlPlane"
"ONODE/NextGenSoftware.OASIS.API.ONODE.WebAPI/Controllers/HyperDriveController.Config.cs","221","HyperDriveController","GetMetrics","GET","metrics","HyperDriveOrProviderControlPlane"
"ONODE/NextGenSoftware.OASIS.API.ONODE.WebAPI/Controllers/HyperDriveController.Config.cs","247","HyperDriveController","GetProviderMetrics","GET","metrics/{providerType}","HyperDriveOrProviderControlPlane"
"ONODE/NextGenSoftware.OASIS.API.ONODE.WebAPI/Controllers/HyperDriveController.Config.cs","284","HyperDriveController","GetConnectionCounts","GET","connections","HyperDriveOrProviderControlPlane"
"ONODE/NextGenSoftware.OASIS.API.ONODE.WebAPI/Controllers/HyperDriveController.Config.cs","320","HyperDriveController","GetBestProvider","GET","best-provider","HyperDriveOrProviderControlPlane"
"ONODE/NextGenSoftware.OASIS.API.ONODE.WebAPI/Controllers/HyperDriveController.Config.cs","352","HyperDriveController","RecordRequest","POST","record-request","HyperDriveOrProviderControlPlane"
"ONODE/NextGenSoftware.OASIS.API.ONODE.WebAPI/Controllers/HyperDriveController.Config.cs","387","HyperDriveController","RecordConnection","POST","record-connection","HyperDriveOrProviderControlPlane"
"ONODE/NextGenSoftware.OASIS.API.ONODE.WebAPI/Controllers/HyperDriveController.Config.cs","417","HyperDriveController","UpdateGeographicInfo","PUT","geographic/{providerType}","HyperDriveOrProviderControlPlane"
"ONODE/NextGenSoftware.OASIS.API.ONODE.WebAPI/Controllers/HyperDriveController.Config.cs","447","HyperDriveController","UpdateCostAnalysis","PUT","cost/{providerType}","HyperDriveOrProviderControlPlane"
"ONODE/NextGenSoftware.OASIS.API.ONODE.WebAPI/Controllers/HyperDriveController.Config.cs","477","HyperDriveController","ResetProviderMetrics","POST","metrics/{providerType}/reset","HyperDriveOrProviderControlPlane"
"ONODE/NextGenSoftware.OASIS.API.ONODE.WebAPI/Controllers/HyperDriveController.Config.cs","505","HyperDriveController","ResetAllMetrics","POST","metrics/reset-all","HyperDriveOrProviderControlPlane"
"ONODE/NextGenSoftware.OASIS.API.ONODE.WebAPI/Controllers/HyperDriveController.Costs.cs","23","HyperDriveController","GetCurrentCosts","GET","costs/current","HyperDriveOrProviderControlPlane"
"ONODE/NextGenSoftware.OASIS.API.ONODE.WebAPI/Controllers/HyperDriveController.Costs.cs","37","HyperDriveController","GetCostHistory","GET","costs/history","HyperDriveOrProviderControlPlane"
"ONODE/NextGenSoftware.OASIS.API.ONODE.WebAPI/Controllers/HyperDriveController.Costs.cs","51","HyperDriveController","GetCostProjections","GET","costs/projections","HyperDriveOrProviderControlPlane"
"ONODE/NextGenSoftware.OASIS.API.ONODE.WebAPI/Controllers/HyperDriveController.Costs.cs","65","HyperDriveController","SetCostLimits","PUT","costs/limits","HyperDriveOrProviderControlPlane"
"ONODE/NextGenSoftware.OASIS.API.ONODE.WebAPI/Controllers/HyperDriveController.Costs.cs","84","HyperDriveController","GetSmartRecommendations","GET","recommendations/smart","HyperDriveOrProviderControlPlane"
"ONODE/NextGenSoftware.OASIS.API.ONODE.WebAPI/Controllers/HyperDriveController.Costs.cs","99","HyperDriveController","GetSecurityRecommendations","GET","recommendations/security","HyperDriveOrProviderControlPlane"
"ONODE/NextGenSoftware.OASIS.API.ONODE.WebAPI/Controllers/HyperDriveController.Costs.cs","119","HyperDriveController","GetReplicationRules","GET","replication/rules","HyperDriveOrProviderControlPlane"
"ONODE/NextGenSoftware.OASIS.API.ONODE.WebAPI/Controllers/HyperDriveController.Costs.cs","148","HyperDriveController","UpdateReplicationRules","PUT","replication/rules","HyperDriveOrProviderControlPlane"
"ONODE/NextGenSoftware.OASIS.API.ONODE.WebAPI/Controllers/HyperDriveController.Costs.cs","183","HyperDriveController","GetFailoverRules","GET","failover/rules","HyperDriveOrProviderControlPlane"
"ONODE/NextGenSoftware.OASIS.API.ONODE.WebAPI/Controllers/HyperDriveController.Costs.cs","212","HyperDriveController","UpdateFailoverRules","PUT","failover/rules","HyperDriveOrProviderControlPlane"
"ONODE/NextGenSoftware.OASIS.API.ONODE.WebAPI/Controllers/HyperDriveController.Costs.cs","247","HyperDriveController","GetSubscriptionConfig","GET","subscription/config","HyperDriveOrProviderControlPlane"
"ONODE/NextGenSoftware.OASIS.API.ONODE.WebAPI/Controllers/HyperDriveController.Costs.cs","276","HyperDriveController","UpdateSubscriptionConfig","PUT","subscription/config","HyperDriveOrProviderControlPlane"
"ONODE/NextGenSoftware.OASIS.API.ONODE.WebAPI/Controllers/HyperDriveController.Costs.cs","311","HyperDriveController","GetDataPermissions","GET","data-permissions","HyperDriveOrProviderControlPlane"
"ONODE/NextGenSoftware.OASIS.API.ONODE.WebAPI/Controllers/HyperDriveController.Costs.cs","340","HyperDriveController","UpdateDataPermissions","PUT","data-permissions","HyperDriveOrProviderControlPlane"
"ONODE/NextGenSoftware.OASIS.API.ONODE.WebAPI/Controllers/HyperDriveController.Costs.cs","375","HyperDriveController","GetIntelligentMode","GET","intelligent-mode","HyperDriveOrProviderControlPlane"
"ONODE/NextGenSoftware.OASIS.API.ONODE.WebAPI/Controllers/HyperDriveController.Costs.cs","404","HyperDriveController","UpdateIntelligentMode","PUT","intelligent-mode","HyperDriveOrProviderControlPlane"
"ONODE/NextGenSoftware.OASIS.API.ONODE.WebAPI/Controllers/HyperDriveController.Costs.cs","439","HyperDriveController","EnableIntelligentMode","POST","intelligent-mode/enable","HyperDriveOrProviderControlPlane"
"ONODE/NextGenSoftware.OASIS.API.ONODE.WebAPI/Controllers/HyperDriveController.Costs.cs","472","HyperDriveController","DisableIntelligentMode","POST","intelligent-mode/disable","HyperDriveOrProviderControlPlane"
"ONODE/NextGenSoftware.OASIS.API.ONODE.WebAPI/Controllers/HyperDriveController.Costs.cs","505","HyperDriveController","GetCurrentUsage","GET","quota/usage","HyperDriveOrProviderControlPlane"
"ONODE/NextGenSoftware.OASIS.API.ONODE.WebAPI/Controllers/HyperDriveController.Costs.cs","540","HyperDriveController","GetQuotaLimits","GET","quota/limits","HyperDriveOrProviderControlPlane"
"ONODE/NextGenSoftware.OASIS.API.ONODE.WebAPI/Controllers/HyperDriveController.Costs.cs","577","HyperDriveController","CheckQuotaStatus","GET","quota/status","HyperDriveOrProviderControlPlane"
"ONODE/NextGenSoftware.OASIS.API.ONODE.WebAPI/Controllers/HyperDriveController.Costs.cs","628","HyperDriveController","GetFreeProviders","GET","providers/free","HyperDriveOrProviderControlPlane"
"ONODE/NextGenSoftware.OASIS.API.ONODE.WebAPI/Controllers/HyperDriveController.Costs.cs","661","HyperDriveController","GetLowCostProviders","GET","providers/low-cost","HyperDriveOrProviderControlPlane"
"ONODE/NextGenSoftware.OASIS.API.ONODE.WebAPI/Controllers/HyperDriveController.Failover.cs","23","HyperDriveController","CreateFailoverTrigger","POST","failover/triggers","HyperDriveOrProviderControlPlane"
"ONODE/NextGenSoftware.OASIS.API.ONODE.WebAPI/Controllers/HyperDriveController.Failover.cs","42","HyperDriveController","UpdateFailoverTrigger","PUT","failover/triggers/{id}","HyperDriveOrProviderControlPlane"
"ONODE/NextGenSoftware.OASIS.API.ONODE.WebAPI/Controllers/HyperDriveController.Failover.cs","67","HyperDriveController","DeleteFailoverTrigger","DELETE","failover/triggers/{id}","HyperDriveOrProviderControlPlane"
"ONODE/NextGenSoftware.OASIS.API.ONODE.WebAPI/Controllers/HyperDriveController.Failover.cs","83","HyperDriveController","GetProviderFailoverRules","GET","failover/provider-rules","HyperDriveOrProviderControlPlane"
"ONODE/NextGenSoftware.OASIS.API.ONODE.WebAPI/Controllers/HyperDriveController.Failover.cs","97","HyperDriveController","UpdateProviderFailoverRule","PUT","failover/provider-rules","HyperDriveOrProviderControlPlane"
"ONODE/NextGenSoftware.OASIS.API.ONODE.WebAPI/Controllers/HyperDriveController.Failover.cs","117","HyperDriveController","GetEscalationRules","GET","failover/escalation-rules","HyperDriveOrProviderControlPlane"
"ONODE/NextGenSoftware.OASIS.API.ONODE.WebAPI/Controllers/HyperDriveController.Failover.cs","131","HyperDriveController","UpdateEscalationRule","PUT","failover/escalation-rules","HyperDriveOrProviderControlPlane"
"ONODE/NextGenSoftware.OASIS.API.ONODE.WebAPI/Controllers/HyperDriveController.Failover.cs","155","HyperDriveController","GetUsageAlerts","GET","subscription/usage-alerts","HyperDriveOrProviderControlPlane"
"ONODE/NextGenSoftware.OASIS.API.ONODE.WebAPI/Controllers/HyperDriveController.Failover.cs","169","HyperDriveController","CreateUsageAlert","POST","subscription/usage-alerts","HyperDriveOrProviderControlPlane"
"ONODE/NextGenSoftware.OASIS.API.ONODE.WebAPI/Controllers/HyperDriveController.Failover.cs","188","HyperDriveController","UpdateUsageAlert","PUT","subscription/usage-alerts/{id}","HyperDriveOrProviderControlPlane"
"ONODE/NextGenSoftware.OASIS.API.ONODE.WebAPI/Controllers/HyperDriveController.Failover.cs","210","HyperDriveController","DeleteUsageAlert","DELETE","subscription/usage-alerts/{id}","HyperDriveOrProviderControlPlane"
"ONODE/NextGenSoftware.OASIS.API.ONODE.WebAPI/Controllers/HyperDriveController.Failover.cs","226","HyperDriveController","GetQuotaNotifications","GET","subscription/quota-notifications","HyperDriveOrProviderControlPlane"
"ONODE/NextGenSoftware.OASIS.API.ONODE.WebAPI/Controllers/HyperDriveController.Failover.cs","240","HyperDriveController","CreateQuotaNotification","POST","subscription/quota-notifications","HyperDriveOrProviderControlPlane"
"ONODE/NextGenSoftware.OASIS.API.ONODE.WebAPI/Controllers/HyperDriveController.Failover.cs","259","HyperDriveController","UpdateQuotaNotification","PUT","subscription/quota-notifications/{id}","HyperDriveOrProviderControlPlane"
"ONODE/NextGenSoftware.OASIS.API.ONODE.WebAPI/Controllers/HyperDriveController.Failover.cs","281","HyperDriveController","DeleteQuotaNotification","DELETE","subscription/quota-notifications/{id}","HyperDriveOrProviderControlPlane"
"ONODE/NextGenSoftware.OASIS.API.ONODE.WebAPI/Controllers/HyperDriveController.Replication.cs","23","HyperDriveController","CreateReplicationTrigger","POST","replication/triggers","HyperDriveOrProviderControlPlane"
"ONODE/NextGenSoftware.OASIS.API.ONODE.WebAPI/Controllers/HyperDriveController.Replication.cs","53","HyperDriveController","UpdateReplicationTrigger","PUT","replication/triggers/{id}","HyperDriveOrProviderControlPlane"
"ONODE/NextGenSoftware.OASIS.API.ONODE.WebAPI/Controllers/HyperDriveController.Replication.cs","93","HyperDriveController","DeleteReplicationTrigger","DELETE","replication/triggers/{id}","HyperDriveOrProviderControlPlane"
"ONODE/NextGenSoftware.OASIS.API.ONODE.WebAPI/Controllers/HyperDriveController.Replication.cs","118","HyperDriveController","GetProviderReplicationRules","GET","replication/provider-rules","HyperDriveOrProviderControlPlane"
"ONODE/NextGenSoftware.OASIS.API.ONODE.WebAPI/Controllers/HyperDriveController.Replication.cs","132","HyperDriveController","UpdateProviderReplicationRule","PUT","replication/provider-rules","HyperDriveOrProviderControlPlane"
"ONODE/NextGenSoftware.OASIS.API.ONODE.WebAPI/Controllers/HyperDriveController.Replication.cs","152","HyperDriveController","GetDataTypeReplicationRules","GET","replication/data-type-rules","HyperDriveOrProviderControlPlane"
"ONODE/NextGenSoftware.OASIS.API.ONODE.WebAPI/Controllers/HyperDriveController.Replication.cs","166","HyperDriveController","UpdateDataTypeReplicationRule","PUT","replication/data-type-rules","HyperDriveOrProviderControlPlane"
"ONODE/NextGenSoftware.OASIS.API.ONODE.WebAPI/Controllers/HyperDriveController.Replication.cs","186","HyperDriveController","GetScheduleRules","GET","replication/schedule-rules","HyperDriveOrProviderControlPlane"
"ONODE/NextGenSoftware.OASIS.API.ONODE.WebAPI/Controllers/HyperDriveController.Replication.cs","200","HyperDriveController","UpdateScheduleRule","PUT","replication/schedule-rules","HyperDriveOrProviderControlPlane"
"ONODE/NextGenSoftware.OASIS.API.ONODE.WebAPI/Controllers/HyperDriveController.Replication.cs","221","HyperDriveController","GetCostOptimizationRule","GET","replication/cost-optimization","HyperDriveOrProviderControlPlane"
"ONODE/NextGenSoftware.OASIS.API.ONODE.WebAPI/Controllers/HyperDriveController.Replication.cs","235","HyperDriveController","UpdateCostOptimizationRule","PUT","replication/cost-optimization","HyperDriveOrProviderControlPlane"
"ONODE/NextGenSoftware.OASIS.API.ONODE.WebAPI/Controllers/HyperDriveController.Status.cs","23","HyperDriveController","GetStatus","GET","status","HyperDriveOrProviderControlPlane"
"ONODE/NextGenSoftware.OASIS.API.ONODE.WebAPI/Controllers/HyperDriveController.Status.cs","73","HyperDriveController","GetAIRecommendations","GET","ai/recommendations","HyperDriveOrProviderControlPlane"
"ONODE/NextGenSoftware.OASIS.API.ONODE.WebAPI/Controllers/HyperDriveController.Status.cs","99","HyperDriveController","GetPredictiveAnalytics","GET","analytics/predictive/{providerType}","HyperDriveOrProviderControlPlane"
"ONODE/NextGenSoftware.OASIS.API.ONODE.WebAPI/Controllers/HyperDriveController.Status.cs","125","HyperDriveController","GetAnalyticsReport","GET","analytics/report","HyperDriveOrProviderControlPlane"
"ONODE/NextGenSoftware.OASIS.API.ONODE.WebAPI/Controllers/HyperDriveController.Status.cs","151","HyperDriveController","GetDashboardData","GET","dashboard","HyperDriveOrProviderControlPlane"
"ONODE/NextGenSoftware.OASIS.API.ONODE.WebAPI/Controllers/HyperDriveController.Status.cs","177","HyperDriveController","GetFailurePredictions","GET","failover/predictions","HyperDriveOrProviderControlPlane"
"ONODE/NextGenSoftware.OASIS.API.ONODE.WebAPI/Controllers/HyperDriveController.Status.cs","204","HyperDriveController","RecordAnalyticsData","POST","analytics/record","HyperDriveOrProviderControlPlane"
"ONODE/NextGenSoftware.OASIS.API.ONODE.WebAPI/Controllers/HyperDriveController.Status.cs","233","HyperDriveController","RecordPerformanceData","POST","ai/record-performance","HyperDriveOrProviderControlPlane"
"ONODE/NextGenSoftware.OASIS.API.ONODE.WebAPI/Controllers/HyperDriveController.Status.cs","265","HyperDriveController","RecordFailureEvent","POST","failover/record-failure","HyperDriveOrProviderControlPlane"
"ONODE/NextGenSoftware.OASIS.API.ONODE.WebAPI/Controllers/HyperDriveController.Status.cs","293","HyperDriveController","GetCostOptimizationRecommendations","GET","analytics/cost-optimization","HyperDriveOrProviderControlPlane"
"ONODE/NextGenSoftware.OASIS.API.ONODE.WebAPI/Controllers/HyperDriveController.Status.cs","319","HyperDriveController","GetPerformanceOptimizationRecommendations","GET","analytics/performance-optimization","HyperDriveOrProviderControlPlane"
"ONODE/NextGenSoftware.OASIS.API.ONODE.WebAPI/Controllers/HyperDriveController.Status.cs","346","HyperDriveController","InitiatePreventiveFailover","POST","failover/preventive","HyperDriveOrProviderControlPlane"
"ONODE/NextGenSoftware.OASIS.API.ONODE.WebAPI/Controllers/HyperDriveSyncController.cs","25","HyperDriveSyncController","IssueOfflineSessionGrant","POST","offline-session-grant","HyperDriveOrProviderControlPlane"
"ONODE/NextGenSoftware.OASIS.API.ONODE.WebAPI/Controllers/HyperDriveSyncController.cs","39","HyperDriveSyncController","BindOnetPeer","POST","onet-peer-binding","HyperDriveOrProviderControlPlane"
"ONODE/NextGenSoftware.OASIS.API.ONODE.WebAPI/Controllers/HyperDriveSyncController.cs","88","HyperDriveSyncController","Exchange","POST","exchange","HyperDriveOrProviderControlPlane"
"ONODE/NextGenSoftware.OASIS.API.ONODE.WebAPI/Controllers/KarmaController.cs","35","KarmaController","GetLevelThresholds","GET","get-level-thresholds","CoveredFeatureManagerDelegation"
"ONODE/NextGenSoftware.OASIS.API.ONODE.WebAPI/Controllers/KarmaController.cs","53","KarmaController","GetPositiveKarmaWeighting","GET","get-positive-karma-weighting/{karmaType}","CoveredFeatureManagerDelegation"
"ONODE/NextGenSoftware.OASIS.API.ONODE.WebAPI/Controllers/KarmaController.cs","68","KarmaController","GetPositiveKarmaWeighting","GET","get-positive-karma-weighting/{karmaType}/{providerType}/{setGlobally}","ControllerActionDelegation"
"ONODE/NextGenSoftware.OASIS.API.ONODE.WebAPI/Controllers/KarmaController.cs","84","KarmaController","GetNegativeKarmaWeighting","GET","get-negative-karma-weighting/{karmaType}","CoveredFeatureManagerDelegation"
"ONODE/NextGenSoftware.OASIS.API.ONODE.WebAPI/Controllers/KarmaController.cs","97","KarmaController","GetNegativeKarmaWeighting","GET","get-negative-karma-weighting/{karmaType}/{providerType}/{setGlobally}","ControllerActionDelegation"
"ONODE/NextGenSoftware.OASIS.API.ONODE.WebAPI/Controllers/KarmaController.cs","112","KarmaController","GetKarmaForAvatar","GET","get-karma-for-avatar/{avatarId}","CoveredFeatureManagerDelegation"
"ONODE/NextGenSoftware.OASIS.API.ONODE.WebAPI/Controllers/KarmaController.cs","168","KarmaController","GetKarmaForAvatar","GET","get-karma-for-avatar/{avatarId}/{providerType}/{setGlobally}","ControllerActionDelegation"
"ONODE/NextGenSoftware.OASIS.API.ONODE.WebAPI/Controllers/KarmaController.cs","181","KarmaController","GetKarmaAkashicRecordsForAvatar","GET","get-karma-akashic-records-for-avatar/{avatarId}","DirectModeAwareManagerBoundary"
"ONODE/NextGenSoftware.OASIS.API.ONODE.WebAPI/Controllers/KarmaController.cs","201","KarmaController","GetKarmaAkashicRecordsForAvatar","GET","get-karma-akashic-records-for-avatar/{avatarId}/{providerType}/{setGlobally}","ControllerActionDelegation"
"ONODE/NextGenSoftware.OASIS.API.ONODE.WebAPI/Controllers/KarmaController.cs","224","KarmaController","GetActivityFeed","GET","activity","DirectModeAwareManagerBoundary"
"ONODE/NextGenSoftware.OASIS.API.ONODE.WebAPI/Controllers/KarmaController.cs","310","KarmaController","VoteForPositiveKarmaWeighting","POST","vote-for-positive-karma-weighting/{karmaType}/{weighting}","LocalOrNonStorageEndpoint"
"ONODE/NextGenSoftware.OASIS.API.ONODE.WebAPI/Controllers/KarmaController.cs","325","KarmaController","VoteForPositiveKarmaWeighting","POST","vote-for-positive-karma-weighting/{karmaType}/{weighting}/{providerType}/{setGlobally}","ControllerActionDelegation"
"ONODE/NextGenSoftware.OASIS.API.ONODE.WebAPI/Controllers/KarmaController.cs","339","KarmaController","VoteForNegativeKarmaWeighting","POST","vote-for-negative-karma-weighting/{karmaType}/{weighting}","LocalOrNonStorageEndpoint"
"ONODE/NextGenSoftware.OASIS.API.ONODE.WebAPI/Controllers/KarmaController.cs","354","KarmaController","VoteForNegativeKarmaWeighting","POST","vote-for-negative-karma-weighting/{karmaType}/{weighting}/{providerType}/{setGlobally}","ControllerActionDelegation"
"ONODE/NextGenSoftware.OASIS.API.ONODE.WebAPI/Controllers/KarmaController.cs","368","KarmaController","SetPositiveKarmaWeighting","POST","set-positive-karma-weighting/{karmaType}/{weighting}","LocalOrNonStorageEndpoint"
"ONODE/NextGenSoftware.OASIS.API.ONODE.WebAPI/Controllers/KarmaController.cs","383","KarmaController","SetPositiveKarmaWeighting","POST","set-positive-karma-weighting/{karmaType}/{weighting}/{providerType}/{setGlobally}","ControllerActionDelegation"
"ONODE/NextGenSoftware.OASIS.API.ONODE.WebAPI/Controllers/KarmaController.cs","397","KarmaController","SetNegativeKarmaWeighting","POST","set-negative-karma-weighting/{karmaType}/{weighting}","LocalOrNonStorageEndpoint"
"ONODE/NextGenSoftware.OASIS.API.ONODE.WebAPI/Controllers/KarmaController.cs","412","KarmaController","SetNegativeKarmaWeighting","POST","set-negative-karma-weighting/{karmaType}/{weighting}/{providerType}/{setGlobally}","ControllerActionDelegation"
"ONODE/NextGenSoftware.OASIS.API.ONODE.WebAPI/Controllers/KarmaController.cs","437","KarmaController","AddKarmaToAvatar","POST","add-karma-to-avatar/{avatarId}","CoveredFeatureManagerDelegation"
"ONODE/NextGenSoftware.OASIS.API.ONODE.WebAPI/Controllers/KarmaController.cs","465","KarmaController","AddKarmaToAvatar","POST","add-karma-to-avatar/{avatarId}/{providerType}/{setGlobally}","ControllerActionDelegation"
"ONODE/NextGenSoftware.OASIS.API.ONODE.WebAPI/Controllers/KarmaController.cs","482","KarmaController","RemoveKarmaFromAvatar","POST","remove-karma-from-avatar/{avatarId}","CoveredFeatureManagerDelegation"
"ONODE/NextGenSoftware.OASIS.API.ONODE.WebAPI/Controllers/KarmaController.cs","510","KarmaController","RemoveKarmaFromAvatar","POST","remove-karma-from-avatar/{avatarId}/{providerType}/{setGlobally}","ControllerActionDelegation"
"ONODE/NextGenSoftware.OASIS.API.ONODE.WebAPI/Controllers/KarmaController.cs","520","KarmaController","GetKarmaStats","GET","get-karma-stats/{avatarId}","CoveredFeatureManagerDelegation"
"ONODE/NextGenSoftware.OASIS.API.ONODE.WebAPI/Controllers/KarmaController.cs","531","KarmaController","GetKarmaStats","GET","get-karma-stats/{avatarId}/{providerType}/{setGlobally}","ControllerActionDelegation"
"ONODE/NextGenSoftware.OASIS.API.ONODE.WebAPI/Controllers/KarmaController.cs","541","KarmaController","GetKarmaHistory","GET","get-karma-history/{avatarId}","CoveredFeatureManagerDelegation"
"ONODE/NextGenSoftware.OASIS.API.ONODE.WebAPI/Controllers/KarmaController.cs","552","KarmaController","GetKarmaHistory","GET","get-karma-history/{avatarId}/{providerType}/{setGlobally}","ControllerActionDelegation"
"ONODE/NextGenSoftware.OASIS.API.ONODE.WebAPI/Controllers/KeysController.cs","47","KeysController","ClearCache","POST","clear-cache","CoveredFeatureManagerDelegation"
"ONODE/NextGenSoftware.OASIS.API.ONODE.WebAPI/Controllers/KeysController.cs","56","KeysController","LinkProviderPublicKeyToAvatarByAvatarId","POST","link-provider-public-key-to-avatar-by-id","CoveredFeatureManagerDelegation"
"ONODE/NextGenSoftware.OASIS.API.ONODE.WebAPI/Controllers/KeysController.cs","69","KeysController","LinkProviderPublicKeyToAvatarByUsername","POST","link-provider-public-key-to-avatar-by-username","CoveredFeatureManagerDelegation"
"ONODE/NextGenSoftware.OASIS.API.ONODE.WebAPI/Controllers/KeysController.cs","82","KeysController","LinkProviderPublicKeyToAvatarByEmail","POST","link-provider-public-key-to-avatar-by-email","CoveredFeatureManagerDelegation"
"ONODE/NextGenSoftware.OASIS.API.ONODE.WebAPI/Controllers/KeysController.cs","95","KeysController","LinkProviderPrivateKeyToAvatarByAvatarId","POST","link-provider-private-key-to-avatar-by-id","CoveredFeatureManagerDelegation"
"ONODE/NextGenSoftware.OASIS.API.ONODE.WebAPI/Controllers/KeysController.cs","108","KeysController","LinkProviderPrivateKeyToAvatarByUsername","POST","link-provider-private-key-to-avatar-by-username","CoveredFeatureManagerDelegation"
"ONODE/NextGenSoftware.OASIS.API.ONODE.WebAPI/Controllers/KeysController.cs","121","KeysController","GenerateKeyPairAndLinkProviderKeysToAvatarByAvatarId","POST","generate-keypair-and-link-provider-keys-to-avatar-by-id","CoveredFeatureManagerDelegation"
"ONODE/NextGenSoftware.OASIS.API.ONODE.WebAPI/Controllers/KeysController.cs","134","KeysController","GenerateKeyPairAndLinkProviderKeysToAvatarByAvatarUsername","POST","generate-keypair-and-link-provider-keys-to-avatar-by-username","CoveredFeatureManagerDelegation"
"ONODE/NextGenSoftware.OASIS.API.ONODE.WebAPI/Controllers/KeysController.cs","147","KeysController","GenerateKeyPairAndLinkProviderKeysToAvatarByAvatarEmail","POST","generate-keypair-and-link-provider-keys-to-avatar-by-email","CoveredFeatureManagerDelegation"
"ONODE/NextGenSoftware.OASIS.API.ONODE.WebAPI/Controllers/KeysController.cs","162","KeysController","GetProviderUniqueStorageKeyForAvatarById","GET","get-provider-unique-storage-key-for-avatar-by-id","CoveredFeatureManagerDelegation"
"ONODE/NextGenSoftware.OASIS.API.ONODE.WebAPI/Controllers/KeysController.cs","172","KeysController","GetProviderUniqueStorageKeyForAvatarByUsername","GET","get-provider-unique-storage-key-for-avatar-by-username","CoveredFeatureManagerDelegation"
"ONODE/NextGenSoftware.OASIS.API.ONODE.WebAPI/Controllers/KeysController.cs","182","KeysController","GetProviderUniqueStorageKeyForAvatarByEmail","GET","get-provider-unique-storage-key-for-avatar-by-email","CoveredFeatureManagerDelegation"
"ONODE/NextGenSoftware.OASIS.API.ONODE.WebAPI/Controllers/KeysController.cs","192","KeysController","GetProviderPrivateKeyForAvatarById","GET","get-provider-private-key-for-avatar-by-id","CoveredFeatureManagerDelegation"
"ONODE/NextGenSoftware.OASIS.API.ONODE.WebAPI/Controllers/KeysController.cs","202","KeysController","GetProviderPrivateKeyForAvatarByUsername","GET","get-provider-private-key-for-avatar-by-username","CoveredFeatureManagerDelegation"
"ONODE/NextGenSoftware.OASIS.API.ONODE.WebAPI/Controllers/KeysController.cs","212","KeysController","GetProviderPublicKeysForAvatarById","GET","get-provider-public-keys-for-avatar-by-id","CoveredFeatureManagerDelegation"
"ONODE/NextGenSoftware.OASIS.API.ONODE.WebAPI/Controllers/KeysController.cs","222","KeysController","GetProviderPublicKeysForAvatarByUsername","GET","get-provider-public-keys-for-avatar-by-username","CoveredFeatureManagerDelegation"
"ONODE/NextGenSoftware.OASIS.API.ONODE.WebAPI/Controllers/KeysController.cs","232","KeysController","GetProviderPublicKeysForAvatarByEmail","GET","get-provider-public-keys-for-avatar-by-email","CoveredFeatureManagerDelegation"
"ONODE/NextGenSoftware.OASIS.API.ONODE.WebAPI/Controllers/KeysController.cs","242","KeysController","GetAllProviderPublicKeysForAvatarById","GET","get-all-provider-public-keys-for-avatar-by-id/{id}","CoveredFeatureManagerDelegation"
"ONODE/NextGenSoftware.OASIS.API.ONODE.WebAPI/Controllers/KeysController.cs","251","KeysController","GetAllProviderPublicKeysForAvatarByUsername","GET","get-all-provider-public-keys-for-avatar-by-username/{username}","CoveredFeatureManagerDelegation"
"ONODE/NextGenSoftware.OASIS.API.ONODE.WebAPI/Controllers/KeysController.cs","260","KeysController","GetAllProviderPublicKeysForAvatarByEmail","GET","get-all-provider-public-keys-for-avatar-by-email/{email}","CoveredFeatureManagerDelegation"
"ONODE/NextGenSoftware.OASIS.API.ONODE.WebAPI/Controllers/KeysController.cs","269","KeysController","GetAllProviderPrivateKeysForAvatarById","GET","get-all-provider-private-keys-for-avatar-by-id/{id}","CoveredFeatureManagerDelegation"
"ONODE/NextGenSoftware.OASIS.API.ONODE.WebAPI/Controllers/KeysController.cs","278","KeysController","GetAllProviderPrivateKeysForAvatarByUsername","GET","get-all-provider-private-keys-for-avatar-by-username/{username}","CoveredFeatureManagerDelegation"
"ONODE/NextGenSoftware.OASIS.API.ONODE.WebAPI/Controllers/KeysController.cs","287","KeysController","GetAllProviderUniqueStorageKeysForAvatarById","GET","get-all-provider-unique-storage-keys-for-avatar-by-id/{id}","CoveredFeatureManagerDelegation"
"ONODE/NextGenSoftware.OASIS.API.ONODE.WebAPI/Controllers/KeysController.cs","296","KeysController","GetAllProviderUniqueStorageKeysForAvatarByUsername","GET","get-all-provider-unique-storage-keys-for-avatar-by-username/{username}","CoveredFeatureManagerDelegation"
"ONODE/NextGenSoftware.OASIS.API.ONODE.WebAPI/Controllers/KeysController.cs","305","KeysController","GetAllProviderUniqueStorageKeysForAvatarByEmail","GET","get-all-provider-unique-storage-keys-for-avatar-by-email/{email}","CoveredFeatureManagerDelegation"
"ONODE/NextGenSoftware.OASIS.API.ONODE.WebAPI/Controllers/KeysController.cs","314","KeysController","GetAvatarIdForProviderUniqueStorageKey","GET","get-avatar-id-for-provider-unique-storage-key/{providerKey}","CoveredFeatureManagerDelegation"
"ONODE/NextGenSoftware.OASIS.API.ONODE.WebAPI/Controllers/KeysController.cs","321","KeysController","GetAvatarUsernameForProviderUniqueStorageKey","GET","get-avatar-username-for-provider-unique-storage-key/{providerKey}","CoveredFeatureManagerDelegation"
"ONODE/NextGenSoftware.OASIS.API.ONODE.WebAPI/Controllers/KeysController.cs","330","KeysController","GetAvatarEmailForProviderUniqueStorageKey","GET","get-avatar-email-for-provider-unique-storage-key/{providerKey}","CoveredFeatureManagerDelegation"
"ONODE/NextGenSoftware.OASIS.API.ONODE.WebAPI/Controllers/KeysController.cs","339","KeysController","GetAvatarForProviderUniqueStorageKey","GET","get-avatar-for-provider-unique-storage-key/{providerKey}","CoveredFeatureManagerDelegation"
"ONODE/NextGenSoftware.OASIS.API.ONODE.WebAPI/Controllers/KeysController.cs","348","KeysController","GetAvatarIdForProviderPublicKey","GET","get-avatar-id-for-provider-public-key/{providerKey}","CoveredFeatureManagerDelegation"
"ONODE/NextGenSoftware.OASIS.API.ONODE.WebAPI/Controllers/KeysController.cs","355","KeysController","GetAvatarUsernameForProviderPublicKey","GET","get-avatar-username-for-provider-public-key/{providerKey}","CoveredFeatureManagerDelegation"
"ONODE/NextGenSoftware.OASIS.API.ONODE.WebAPI/Controllers/KeysController.cs","364","KeysController","GetAvatarEmailForProviderPublicKey","GET","get-avatar-email-for-provider-public-key/{providerKey}","CoveredFeatureManagerDelegation"
"ONODE/NextGenSoftware.OASIS.API.ONODE.WebAPI/Controllers/KeysController.cs","373","KeysController","GetAvatarForProviderPublicKey","GET","get-avatar-for-provider-public-key/{providerKey}","CoveredFeatureManagerDelegation"
"ONODE/NextGenSoftware.OASIS.API.ONODE.WebAPI/Controllers/KeysController.cs","384","KeysController","GenerateKeyPairForProvider","POST","generate-keypair-for-provider/{providerType}","CoveredFeatureManagerDelegation"
"ONODE/NextGenSoftware.OASIS.API.ONODE.WebAPI/Controllers/KeysController.cs","391","KeysController","GetPrivateWif","POST","get-private-wifi/{source}","CoveredFeatureManagerDelegation"
"ONODE/NextGenSoftware.OASIS.API.ONODE.WebAPI/Controllers/KeysController.cs","398","KeysController","GetPublicWif","POST","get-public-wifi","CoveredFeatureManagerDelegation"
"ONODE/NextGenSoftware.OASIS.API.ONODE.WebAPI/Controllers/KeysController.cs","405","KeysController","DecodePrivateWif","POST","decode-private-wif/{data}","CoveredFeatureManagerDelegation"
"ONODE/NextGenSoftware.OASIS.API.ONODE.WebAPI/Controllers/KeysController.cs","412","KeysController","Base58CheckDecode","POST","base58-check-decode/{data}","CoveredFeatureManagerDelegation"
"ONODE/NextGenSoftware.OASIS.API.ONODE.WebAPI/Controllers/KeysController.cs","419","KeysController","EncodeSignature","POST","encode-signature/{source}","CoveredFeatureManagerDelegation"
"ONODE/NextGenSoftware.OASIS.API.ONODE.WebAPI/Controllers/KeysController.cs","428","KeysController","GetAllKeysForAvatar","GET","all","DirectModeAwareManagerBoundary"
"ONODE/NextGenSoftware.OASIS.API.ONODE.WebAPI/Controllers/KeysController.cs","456","KeysController","CreateKey","POST","create","DirectModeAwareManagerBoundary"
"ONODE/NextGenSoftware.OASIS.API.ONODE.WebAPI/Controllers/KeysController.cs","482","KeysController","UpdateKey","PUT","{keyId}","DirectModeAwareManagerBoundary"
"ONODE/NextGenSoftware.OASIS.API.ONODE.WebAPI/Controllers/KeysController.cs","511","KeysController","DeleteKey","DELETE","{keyId}","DirectModeAwareManagerBoundary"
"ONODE/NextGenSoftware.OASIS.API.ONODE.WebAPI/Controllers/KeysController.cs","533","KeysController","GetKeyStats","GET","stats","DirectModeAwareManagerBoundary"
"ONODE/NextGenSoftware.OASIS.API.ONODE.WebAPI/Controllers/KeysController.cs","555","KeysController","LinkProviderWalletAddressToAvatarById","POST","link-provider-wallet-address-to-avatar-by-id","CoveredFeatureManagerDelegation"
"ONODE/NextGenSoftware.OASIS.API.ONODE.WebAPI/Controllers/KeysController.cs","565","KeysController","LinkProviderWalletAddressToAvatarByUsername","POST","link-provider-wallet-address-to-avatar-by-username","CoveredFeatureManagerDelegation"
"ONODE/NextGenSoftware.OASIS.API.ONODE.WebAPI/Controllers/KeysController.cs","575","KeysController","LinkProviderWalletAddressToAvatarByEmail","POST","link-provider-wallet-address-to-avatar-by-email","CoveredFeatureManagerDelegation"
"ONODE/NextGenSoftware.OASIS.API.ONODE.WebAPI/Controllers/KeysController.cs","585","KeysController","GenerateKeyPairWithWalletAddressAndLinkProviderKeysToAvatarById","POST","generate-keypair-with-wallet-address-and-link-provider-keys-to-avatar-by-id","CoveredFeatureManagerDelegation"
"ONODE/NextGenSoftware.OASIS.API.ONODE.WebAPI/Controllers/KeysController.cs","595","KeysController","GenerateKeyPairWithWalletAddressAndLinkProviderKeysToAvatarByUsername","POST","generate-keypair-with-wallet-address-and-link-provider-keys-to-avatar-by-username","CoveredFeatureManagerDelegation"
"ONODE/NextGenSoftware.OASIS.API.ONODE.WebAPI/Controllers/KeysController.cs","605","KeysController","GenerateKeyPairWithWalletAddressAndLinkProviderKeysToAvatarByEmail","POST","generate-keypair-with-wallet-address-and-link-provider-keys-to-avatar-by-email","CoveredFeatureManagerDelegation"
"ONODE/NextGenSoftware.OASIS.API.ONODE.WebAPI/Controllers/KeysController.cs","615","KeysController","GenerateKeyPairWithWalletAddressForProvider","POST","generate-keypair-with-wallet-address-for-provider/{providerType}","CoveredFeatureManagerDelegation"
"ONODE/NextGenSoftware.OASIS.API.ONODE.WebAPI/Controllers/LevelController.cs","20","LevelController","GetLevelLookup","GET","lookup","CoveredFeatureManagerDelegation"
"ONODE/NextGenSoftware.OASIS.API.ONODE.WebAPI/Controllers/LevelController.cs","35","LevelController","CalculateLevelFromKarma","GET","calculate/{karma}","CoveredFeatureManagerDelegation"
"ONODE/NextGenSoftware.OASIS.API.ONODE.WebAPI/Controllers/MapController.cs","48","MapController","Search","POST","search","CoveredFeatureManagerDelegation"
"ONODE/NextGenSoftware.OASIS.API.ONODE.WebAPI/Controllers/MapController.cs","73","MapController","CreateAndDrawRouteOnMapBetweenHolons","POST","CreateAndDrawRouteOnMapBetweenHolons/{holonDNA}","CoveredFeatureManagerDelegation"
"ONODE/NextGenSoftware.OASIS.API.ONODE.WebAPI/Controllers/MapController.cs","97","MapController","CreateAndDrawRouteOnMapBeweenPoints","POST","CreateAndDrawRouteOnMapBeweenPoints/{points}","CoveredFeatureManagerDelegation"
"ONODE/NextGenSoftware.OASIS.API.ONODE.WebAPI/Controllers/MapController.cs","123","MapController","Draw2DSpriteOnHUD","POST","Draw2DSpriteOnHUD/{sprite}/{x}/{y}","CoveredFeatureManagerDelegation"
"ONODE/NextGenSoftware.OASIS.API.ONODE.WebAPI/Controllers/MapController.cs","151","MapController","Draw2DSpriteOnMap","POST","Draw2DSpriteOnMap/{sprite}/{x}/{y}","CoveredFeatureManagerDelegation"
"ONODE/NextGenSoftware.OASIS.API.ONODE.WebAPI/Controllers/MapController.cs","177","MapController","Draw3DObjectOnMap","POST","Draw3DObjectOnMap/{obj}/{x}/{y}","CoveredFeatureManagerDelegation"
"ONODE/NextGenSoftware.OASIS.API.ONODE.WebAPI/Controllers/MapController.cs","188","MapController","HighlightBuildingOnMap","POST","HighlightBuildingOnMap/{building}","CoveredFeatureManagerDelegation"
"ONODE/NextGenSoftware.OASIS.API.ONODE.WebAPI/Controllers/MapController.cs","199","MapController","PamMapDown","POST","PamMapDown/{value}","CoveredFeatureManagerDelegation"
"ONODE/NextGenSoftware.OASIS.API.ONODE.WebAPI/Controllers/MapController.cs","210","MapController","PamMapLeft","POST","PamMapLeft/{value}","CoveredFeatureManagerDelegation"
"ONODE/NextGenSoftware.OASIS.API.ONODE.WebAPI/Controllers/MapController.cs","221","MapController","PamMapRight","POST","PamMapRight/{value}","CoveredFeatureManagerDelegation"
"ONODE/NextGenSoftware.OASIS.API.ONODE.WebAPI/Controllers/MapController.cs","232","MapController","PamMapUp","POST","PamMapUp/{value}","CoveredFeatureManagerDelegation"
"ONODE/NextGenSoftware.OASIS.API.ONODE.WebAPI/Controllers/MapController.cs","243","MapController","SelectBuildingOnMap","POST","SelectBuildingOnMap/{building}","CoveredFeatureManagerDelegation"
"ONODE/NextGenSoftware.OASIS.API.ONODE.WebAPI/Controllers/MapController.cs","254","MapController","SelectHolonOnMap","POST","SelectHolonOnMap/{holon}","CoveredFeatureManagerDelegation"
"ONODE/NextGenSoftware.OASIS.API.ONODE.WebAPI/Controllers/MapController.cs","265","MapController","SelectQuestOnMap","POST","SelectQuestOnMap/{quest}","CoveredFeatureManagerDelegation"
"ONODE/NextGenSoftware.OASIS.API.ONODE.WebAPI/Controllers/MapController.cs","276","MapController","ZoomMapIn","POST","ZoomMapIn/{value}","CoveredFeatureManagerDelegation"
"ONODE/NextGenSoftware.OASIS.API.ONODE.WebAPI/Controllers/MapController.cs","287","MapController","ZoomMapOut","POST","ZoomMapOut/{value}","CoveredFeatureManagerDelegation"
"ONODE/NextGenSoftware.OASIS.API.ONODE.WebAPI/Controllers/MapController.cs","298","MapController","ZoomToHolonOnMap","POST","ZoomToHolonOnMap/{holon}","CoveredFeatureManagerDelegation"
"ONODE/NextGenSoftware.OASIS.API.ONODE.WebAPI/Controllers/MapController.cs","311","MapController","ZoomToQuestOnMap","POST","ZoomToQuestOnMap/{quest}","CoveredFeatureManagerDelegation"
"ONODE/NextGenSoftware.OASIS.API.ONODE.WebAPI/Controllers/MapController.cs","328","MapController","GetNearbyLocations","GET","nearby","CoveredFeatureManagerDelegation"
"ONODE/NextGenSoftware.OASIS.API.ONODE.WebAPI/Controllers/MapController.cs","341","MapController","VisitLocation","POST","visit/{locationId}","CoveredFeatureManagerDelegation"
"ONODE/NextGenSoftware.OASIS.API.ONODE.WebAPI/Controllers/MapController.cs","354","MapController","GetVisitHistory","GET","visit-history","CoveredFeatureManagerDelegation"
"ONODE/NextGenSoftware.OASIS.API.ONODE.WebAPI/Controllers/MapController.cs","369","MapController","SearchLocations","GET","search-locations","CoveredFeatureManagerDelegation"
"ONODE/NextGenSoftware.OASIS.API.ONODE.WebAPI/Controllers/MapController.cs","385","MapController","GetMapStats","GET","stats","CoveredFeatureManagerDelegation"
"ONODE/NextGenSoftware.OASIS.API.ONODE.WebAPI/Controllers/MessagingController.cs","37","MessagingController","SendMessageToAvatar","POST","send-message-to-avatar/{toAvatarId}","CoveredFeatureManagerDelegation"
"ONODE/NextGenSoftware.OASIS.API.ONODE.WebAPI/Controllers/MessagingController.cs","53","MessagingController","GetMessages","GET","messages","CoveredFeatureManagerDelegation"
"ONODE/NextGenSoftware.OASIS.API.ONODE.WebAPI/Controllers/MessagingController.cs","103","MessagingController","GetConversation","GET","conversation/{otherAvatarId}","CoveredFeatureManagerDelegation"
"ONODE/NextGenSoftware.OASIS.API.ONODE.WebAPI/Controllers/MessagingController.cs","151","MessagingController","MarkMessagesAsRead","POST","mark-messages-read","CoveredFeatureManagerDelegation"
"ONODE/NextGenSoftware.OASIS.API.ONODE.WebAPI/Controllers/MessagingController.cs","167","MessagingController","GetNotifications","GET","notifications","CoveredFeatureManagerDelegation"
"ONODE/NextGenSoftware.OASIS.API.ONODE.WebAPI/Controllers/MessagingController.cs","223","MessagingController","MarkNotificationsAsRead","POST","mark-notifications-read","CoveredFeatureManagerDelegation"
"ONODE/NextGenSoftware.OASIS.API.ONODE.WebAPI/Controllers/NftController.cs","53","NftController","CollectNFTAsync","POST","","CoveredFeatureManagerDelegation"
"ONODE/NextGenSoftware.OASIS.API.ONODE.WebAPI/Controllers/NftController.cs","61","NftController","CollectNFTAsync","POST","","ControllerActionDelegation"
"ONODE/NextGenSoftware.OASIS.API.ONODE.WebAPI/Controllers/NftController.cs","71","NftController","GeoNFTCollectionStatus","POST","geo-nft-collection-status","DirectModeAwareManagerBoundary"
"ONODE/NextGenSoftware.OASIS.API.ONODE.WebAPI/Controllers/NftController.cs","89","NftController","UpdateGeoNFT","PUT","geo-nft/{id}","CoveredFeatureManagerDelegation"
"ONODE/NextGenSoftware.OASIS.API.ONODE.WebAPI/Controllers/NftController.cs","104","NftController","CollectGeoNFTAsync","POST","","CoveredFeatureManagerDelegation"
"ONODE/NextGenSoftware.OASIS.API.ONODE.WebAPI/Controllers/NftController.cs","113","NftController","CollectGeoNFTAsync","POST","","ControllerActionDelegation"
"ONODE/NextGenSoftware.OASIS.API.ONODE.WebAPI/Controllers/NftController.cs","138","NftController","LoadWeb4NftByIdAsync","GET","","CoveredFeatureManagerDelegation"
"ONODE/NextGenSoftware.OASIS.API.ONODE.WebAPI/Controllers/NftController.cs","192","NftController","LoadWeb4NftByIdAsync","GET","","ControllerActionDelegation"
"ONODE/NextGenSoftware.OASIS.API.ONODE.WebAPI/Controllers/NftController.cs","204","NftController","LoadWeb4GeoNftByIdAsync","GET","","CoveredFeatureManagerDelegation"
"ONODE/NextGenSoftware.OASIS.API.ONODE.WebAPI/Controllers/NftController.cs","218","NftController","LoadWeb4GeoNftByIdAsync","GET","","ControllerActionDelegation"
"ONODE/NextGenSoftware.OASIS.API.ONODE.WebAPI/Controllers/NftController.cs","227","NftController","LoadWeb4NftByHashAsync","GET","","CoveredFeatureManagerDelegation"
"ONODE/NextGenSoftware.OASIS.API.ONODE.WebAPI/Controllers/NftController.cs","235","NftController","LoadWeb4NftByHashAsync","GET","","ControllerActionDelegation"
"ONODE/NextGenSoftware.OASIS.API.ONODE.WebAPI/Controllers/NftController.cs","244","NftController","LoadAllWeb4NFTsForAvatarAsync","GET","","CoveredFeatureManagerDelegation"
"ONODE/NextGenSoftware.OASIS.API.ONODE.WebAPI/Controllers/NftController.cs","254","NftController","LoadAllWeb4NFTsForAvatarAsync","GET","","ControllerActionDelegation"
"ONODE/NextGenSoftware.OASIS.API.ONODE.WebAPI/Controllers/NftController.cs","263","NftController","LoadAllWeb4NFTsForMintAddressAsync","GET","","CoveredFeatureManagerDelegation"
"ONODE/NextGenSoftware.OASIS.API.ONODE.WebAPI/Controllers/NftController.cs","271","NftController","LoadAllWeb4NFTsForMintAddressAsync","GET","","ControllerActionDelegation"
"ONODE/NextGenSoftware.OASIS.API.ONODE.WebAPI/Controllers/NftController.cs","280","NftController","LoadAllWeb4GeoNFTsForAvatarAsync","GET","","CoveredFeatureManagerDelegation"
"ONODE/NextGenSoftware.OASIS.API.ONODE.WebAPI/Controllers/NftController.cs","290","NftController","LoadAllWeb4GeoNFTsForAvatarAsync","GET","","ControllerActionDelegation"
"ONODE/NextGenSoftware.OASIS.API.ONODE.WebAPI/Controllers/NftController.cs","299","NftController","LoadAllGeoNFTsForMintAddressAsync","GET","","CoveredFeatureManagerDelegation"
"ONODE/NextGenSoftware.OASIS.API.ONODE.WebAPI/Controllers/NftController.cs","307","NftController","LoadAllGeoNFTsForMintAddressAsync","GET","","ControllerActionDelegation"
"ONODE/NextGenSoftware.OASIS.API.ONODE.WebAPI/Controllers/NftController.cs","316","NftController","LoadAllWeb4NFTsAsync","GET","","CoveredFeatureManagerDelegation"
"ONODE/NextGenSoftware.OASIS.API.ONODE.WebAPI/Controllers/NftController.cs","324","NftController","LoadAllWeb4NFTsAsync","GET","","ControllerActionDelegation"
"ONODE/NextGenSoftware.OASIS.API.ONODE.WebAPI/Controllers/NftController.cs","333","NftController","LoadAllGeoNFTsAsync","GET","","CoveredFeatureManagerDelegation"
"ONODE/NextGenSoftware.OASIS.API.ONODE.WebAPI/Controllers/NftController.cs","342","NftController","LoadAllWeb4GeoNFTsAsync","GET","","LocalOrNonStorageEndpoint"
"ONODE/NextGenSoftware.OASIS.API.ONODE.WebAPI/Controllers/NftController.cs","351","NftController","SendNFTAsync","POST","","CoveredFeatureManagerDelegation"
"ONODE/NextGenSoftware.OASIS.API.ONODE.WebAPI/Controllers/NftController.cs","392","NftController","MintNftAsync","POST","","CoveredFeatureManagerDelegation"
"ONODE/NextGenSoftware.OASIS.API.ONODE.WebAPI/Controllers/NftController.cs","487","NftController","UpdateWeb4NftAsync","POST","","CoveredFeatureManagerDelegation"
"ONODE/NextGenSoftware.OASIS.API.ONODE.WebAPI/Controllers/NftController.cs","501","NftController","UpdateWeb4NftAsync","POST","","ControllerActionDelegation"
"ONODE/NextGenSoftware.OASIS.API.ONODE.WebAPI/Controllers/NftController.cs","510","NftController","PlaceGeoNFTAsync","POST","","CoveredFeatureManagerDelegation"
"ONODE/NextGenSoftware.OASIS.API.ONODE.WebAPI/Controllers/NftController.cs","565","NftController","MintAndPlaceGeoNFTAsync","POST","","CoveredFeatureManagerDelegation"
"ONODE/NextGenSoftware.OASIS.API.ONODE.WebAPI/Controllers/NftController.cs","687","NftController","GetNFTProviderFromProviderType","GET","","CoveredFeatureManagerDelegation"
"ONODE/NextGenSoftware.OASIS.API.ONODE.WebAPI/Controllers/NftController.cs","700","NftController","RemintNftAsync","POST","","CoveredFeatureManagerDelegation"
"ONODE/NextGenSoftware.OASIS.API.ONODE.WebAPI/Controllers/NftController.cs","717","NftController","ImportWeb3NFTAsync","POST","","CoveredFeatureManagerDelegation"
"ONODE/NextGenSoftware.OASIS.API.ONODE.WebAPI/Controllers/NftController.cs","736","NftController","ImportWeb4NFTFromFileAsync","POST","","CoveredFeatureManagerDelegation"
"ONODE/NextGenSoftware.OASIS.API.ONODE.WebAPI/Controllers/NftController.cs","755","NftController","ImportWeb4NFTAsync","POST","","CoveredFeatureManagerDelegation"
"ONODE/NextGenSoftware.OASIS.API.ONODE.WebAPI/Controllers/NftController.cs","774","NftController","ExportWeb4NFTToFileAsync","POST","","CoveredFeatureManagerDelegation"
"ONODE/NextGenSoftware.OASIS.API.ONODE.WebAPI/Controllers/NftController.cs","791","NftController","ExportWeb4NFTAsync","POST","","CoveredFeatureManagerDelegation"
"ONODE/NextGenSoftware.OASIS.API.ONODE.WebAPI/Controllers/NftController.cs","809","NftController","LoadWeb3NftByIdAsync","GET","","CoveredFeatureManagerDelegation"
"ONODE/NextGenSoftware.OASIS.API.ONODE.WebAPI/Controllers/NftController.cs","825","NftController","LoadWeb3NftByHashAsync","GET","","CoveredFeatureManagerDelegation"
"ONODE/NextGenSoftware.OASIS.API.ONODE.WebAPI/Controllers/NftController.cs","842","NftController","LoadAllWeb3NFTsForAvatarAsync","GET","","CoveredFeatureManagerDelegation"
"ONODE/NextGenSoftware.OASIS.API.ONODE.WebAPI/Controllers/NftController.cs","861","NftController","LoadAllWeb3NFTsForMintAddressAsync","GET","","CoveredFeatureManagerDelegation"
"ONODE/NextGenSoftware.OASIS.API.ONODE.WebAPI/Controllers/NftController.cs","877","NftController","LoadAllWeb3NFTsAsync","GET","","CoveredFeatureManagerDelegation"
"ONODE/NextGenSoftware.OASIS.API.ONODE.WebAPI/Controllers/NftController.cs","893","NftController","CreateWeb4NFTCollectionAsync","POST","","CoveredFeatureManagerDelegation"
"ONODE/NextGenSoftware.OASIS.API.ONODE.WebAPI/Controllers/NftController.cs","939","NftController","LoadWeb4NFTCollectionAsync","GET","","CoveredFeatureManagerDelegation"
"ONODE/NextGenSoftware.OASIS.API.ONODE.WebAPI/Controllers/NftController.cs","959","NftController","LoadWeb4GeoNFTCollectionAsync","GET","","CoveredFeatureManagerDelegation"
"ONODE/NextGenSoftware.OASIS.API.ONODE.WebAPI/Controllers/NftController.cs","976","NftController","MintOnChainCollectionNFTAsync","POST","","CoveredFeatureManagerDelegation"
"ONODE/NextGenSoftware.OASIS.API.ONODE.WebAPI/Controllers/NftController.cs","1066","NftController","SetCollectionSizeAsync","POST","","CoveredFeatureManagerDelegation"
"ONODE/NextGenSoftware.OASIS.API.ONODE.WebAPI/Controllers/NftController.cs","1095","NftController","SearchWeb4NFTsAsync","GET","","CoveredFeatureManagerDelegation"
"ONODE/NextGenSoftware.OASIS.API.ONODE.WebAPI/Controllers/NftController.cs","1115","NftController","SearchWeb4GeoNFTsAsync","GET","","CoveredFeatureManagerDelegation"
"ONODE/NextGenSoftware.OASIS.API.ONODE.WebAPI/Controllers/NftController.cs","1135","NftController","SearchWeb4NFTCollectionsAsync","GET","","CoveredFeatureManagerDelegation"
"ONODE/NextGenSoftware.OASIS.API.ONODE.WebAPI/Controllers/OidcController.cs","41","OidcController","Discovery","GET",".well-known/openid-configuration","LocalOrNonStorageEndpoint"
"ONODE/NextGenSoftware.OASIS.API.ONODE.WebAPI/Controllers/OidcController.cs","70","OidcController","Jwks","GET","oauth/jwks","CoveredFeatureManagerDelegation"
"ONODE/NextGenSoftware.OASIS.API.ONODE.WebAPI/Controllers/OidcController.cs","102","OidcController","UserInfo","GET","oauth/userinfo","LocalOrNonStorageEndpoint"
"ONODE/NextGenSoftware.OASIS.API.ONODE.WebAPI/Controllers/OidcController.cs","143","OidcController","Authorize","GET","oauth/authorize","LocalOrNonStorageEndpoint"
"ONODE/NextGenSoftware.OASIS.API.ONODE.WebAPI/Controllers/OidcController.cs","180","OidcController","Token","POST","oauth/token","DirectModeAwareManagerBoundary"
"ONODE/NextGenSoftware.OASIS.API.ONODE.WebAPI/Controllers/OLandController.cs","39","OLandController","GetOlandPrice","GET","","CoveredFeatureManagerDelegation"
"ONODE/NextGenSoftware.OASIS.API.ONODE.WebAPI/Controllers/OLandController.cs","47","OLandController","PurchaseOland","POST","","CoveredFeatureManagerDelegation"
"ONODE/NextGenSoftware.OASIS.API.ONODE.WebAPI/Controllers/OLandController.cs","57","OLandController","LoadAllOlands","GET","","CoveredFeatureManagerDelegation"
"ONODE/NextGenSoftware.OASIS.API.ONODE.WebAPI/Controllers/OLandController.cs","108","OLandController","LoadOlandAsync","GET","","CoveredFeatureManagerDelegation"
"ONODE/NextGenSoftware.OASIS.API.ONODE.WebAPI/Controllers/OLandController.cs","159","OLandController","DeleteOlandAsync","POST","","CoveredFeatureManagerDelegation"
"ONODE/NextGenSoftware.OASIS.API.ONODE.WebAPI/Controllers/OLandController.cs","167","OLandController","SaveOlandAsync","POST","","CoveredFeatureManagerDelegation"
"ONODE/NextGenSoftware.OASIS.API.ONODE.WebAPI/Controllers/OLandController.cs","175","OLandController","UpdateOlandAsync","POST","","CoveredFeatureManagerDelegation"
"ONODE/NextGenSoftware.OASIS.API.ONODE.WebAPI/Controllers/ONETController.cs","78","ONETController","GetONETConfig","GET","config","LocalOrNonStorageEndpoint"
"ONODE/NextGenSoftware.OASIS.API.ONODE.WebAPI/Controllers/ONETController.cs","97","ONETController","UpdateONETConfig","PUT","config","LocalOrNonStorageEndpoint"
"ONODE/NextGenSoftware.OASIS.API.ONODE.WebAPI/Controllers/ONETController.cs","116","ONETController","GetNetworkStatus","GET","network/status","LocalOrNonStorageEndpoint"
"ONODE/NextGenSoftware.OASIS.API.ONODE.WebAPI/Controllers/ONETController.cs","156","ONETController","GetConnectedNodes","GET","network/nodes","LocalOrNonStorageEndpoint"
"ONODE/NextGenSoftware.OASIS.API.ONODE.WebAPI/Controllers/ONETController.cs","178","ONETController","GetPeers","GET","peers","LocalOrNonStorageEndpoint"
"ONODE/NextGenSoftware.OASIS.API.ONODE.WebAPI/Controllers/ONETController.cs","217","ONETController","ConnectToNode","POST","network/connect","LocalOrNonStorageEndpoint"
"ONODE/NextGenSoftware.OASIS.API.ONODE.WebAPI/Controllers/ONETController.cs","241","ONETController","DisconnectFromNode","POST","network/disconnect","LocalOrNonStorageEndpoint"
"ONODE/NextGenSoftware.OASIS.API.ONODE.WebAPI/Controllers/ONETController.cs","265","ONETController","GetNetworkStats","GET","network/stats","LocalOrNonStorageEndpoint"
"ONODE/NextGenSoftware.OASIS.API.ONODE.WebAPI/Controllers/ONETController.cs","283","ONETController","StartNetwork","POST","network/start","LocalOrNonStorageEndpoint"
"ONODE/NextGenSoftware.OASIS.API.ONODE.WebAPI/Controllers/ONETController.cs","305","ONETController","StopNetwork","POST","network/stop","LocalOrNonStorageEndpoint"
"ONODE/NextGenSoftware.OASIS.API.ONODE.WebAPI/Controllers/ONETController.cs","327","ONETController","GetNetworkTopology","GET","network/topology","LocalOrNonStorageEndpoint"
"ONODE/NextGenSoftware.OASIS.API.ONODE.WebAPI/Controllers/ONETController.cs","348","ONETController","RegisterNode","POST","nodes/register","LocalOrNonStorageEndpoint"
"ONODE/NextGenSoftware.OASIS.API.ONODE.WebAPI/Controllers/ONETController.cs","402","ONETController","BroadcastMessage","POST","network/broadcast","LocalOrNonStorageEndpoint"
"ONODE/NextGenSoftware.OASIS.API.ONODE.WebAPI/Controllers/ONODEController.cs","66","ONODEController","GetNodeStatus","GET","status","LocalOrNonStorageEndpoint"
"ONODE/NextGenSoftware.OASIS.API.ONODE.WebAPI/Controllers/ONODEController.cs","106","ONODEController","GetNodeInfo","GET","info","LocalOrNonStorageEndpoint"
"ONODE/NextGenSoftware.OASIS.API.ONODE.WebAPI/Controllers/ONODEController.cs","124","ONODEController","StartNode","POST","start","LocalOrNonStorageEndpoint"
"ONODE/NextGenSoftware.OASIS.API.ONODE.WebAPI/Controllers/ONODEController.cs","146","ONODEController","StopNode","POST","stop","LocalOrNonStorageEndpoint"
"ONODE/NextGenSoftware.OASIS.API.ONODE.WebAPI/Controllers/ONODEController.cs","168","ONODEController","RestartNode","POST","restart","LocalOrNonStorageEndpoint"
"ONODE/NextGenSoftware.OASIS.API.ONODE.WebAPI/Controllers/ONODEController.cs","190","ONODEController","GetNodeMetrics","GET","metrics","LocalOrNonStorageEndpoint"
"ONODE/NextGenSoftware.OASIS.API.ONODE.WebAPI/Controllers/ONODEController.cs","208","ONODEController","GetNodeLogs","GET","logs","LocalOrNonStorageEndpoint"
"ONODE/NextGenSoftware.OASIS.API.ONODE.WebAPI/Controllers/ONODEController.cs","226","ONODEController","UpdateNodeConfig","PUT","config","LocalOrNonStorageEndpoint"
"ONODE/NextGenSoftware.OASIS.API.ONODE.WebAPI/Controllers/ONODEController.cs","250","ONODEController","GetNodeConfig","GET","config","LocalOrNonStorageEndpoint"
"ONODE/NextGenSoftware.OASIS.API.ONODE.WebAPI/Controllers/ONODEController.cs","268","ONODEController","GetConnectedPeers","GET","peers","LocalOrNonStorageEndpoint"
"ONODE/NextGenSoftware.OASIS.API.ONODE.WebAPI/Controllers/ONODEController.cs","286","ONODEController","GetNodeStats","GET","stats","LocalOrNonStorageEndpoint"
"ONODE/NextGenSoftware.OASIS.API.ONODE.WebAPI/Controllers/ONODEController.cs","307","ONODEController","GetProviders","GET","providers","LocalOrNonStorageEndpoint"
"ONODE/NextGenSoftware.OASIS.API.ONODE.WebAPI/Controllers/ONODEController.cs","357","ONODEController","EnableProvider","PUT","providers/{providerType}/enable","ExplicitExternalTransport"
"ONODE/NextGenSoftware.OASIS.API.ONODE.WebAPI/Controllers/ONODEController.cs","370","ONODEController","DisableProvider","PUT","providers/{providerType}/disable","ExplicitExternalTransport"
"ONODE/NextGenSoftware.OASIS.API.ONODE.WebAPI/Controllers/ONODEController.cs","383","ONODEController","SetProviderPriority","PUT","providers/{providerType}/priority","ExplicitExternalTransport"
"ONODE/NextGenSoftware.OASIS.API.ONODE.WebAPI/Controllers/ONODEController.cs","443","ONODEController","PushNodeState","PUT","node-state/{nodeId}","LocalOrNonStorageEndpoint"
"ONODE/NextGenSoftware.OASIS.API.ONODE.WebAPI/Controllers/ONODEController.cs","463","ONODEController","GetNodeState","GET","node-state/{nodeId}","LocalOrNonStorageEndpoint"
"ONODE/NextGenSoftware.OASIS.API.ONODE.WebAPI/Controllers/ONODEController.cs","478","ONODEController","PostCommand","POST","commands","LocalOrNonStorageEndpoint"
"ONODE/NextGenSoftware.OASIS.API.ONODE.WebAPI/Controllers/ONODEController.cs","506","ONODEController","GetPendingCommands","GET","commands/pending/{nodeId}","LocalOrNonStorageEndpoint"
"ONODE/NextGenSoftware.OASIS.API.ONODE.WebAPI/Controllers/ONODEController.cs","520","ONODEController","UpdateCommand","PATCH","commands/{commandId}","LocalOrNonStorageEndpoint"
"ONODE/NextGenSoftware.OASIS.API.ONODE.WebAPI/Controllers/ONODEController.cs","538","ONODEController","GetCommand","GET","commands/{commandId}","LocalOrNonStorageEndpoint"
"ONODE/NextGenSoftware.OASIS.API.ONODE.WebAPI/Controllers/ONODEController.cs","548","ONODEController","GetAuditLog","GET","audit","LocalOrNonStorageEndpoint"
"ONODE/NextGenSoftware.OASIS.API.ONODE.WebAPI/Controllers/ONODEController.cs","561","ONODEController","GetActiveNodes","GET","active-nodes","LocalOrNonStorageEndpoint"
"ONODE/NextGenSoftware.OASIS.API.ONODE.WebAPI/Controllers/ProviderController.cs","42","ProviderController","GetCurrentStorageProvider","GET","get-current-storage-provider","HyperDriveOrProviderControlPlane"
"ONODE/NextGenSoftware.OASIS.API.ONODE.WebAPI/Controllers/ProviderController.cs","57","ProviderController","GetCurrentStorageProviderType","GET","get-current-storage-provider-type","HyperDriveOrProviderControlPlane"
"ONODE/NextGenSoftware.OASIS.API.ONODE.WebAPI/Controllers/ProviderController.cs","70","ProviderController","GetAllRegisteredProviders","GET","get-all-registered-providers","HyperDriveOrProviderControlPlane"
"ONODE/NextGenSoftware.OASIS.API.ONODE.WebAPI/Controllers/ProviderController.cs","124","ProviderController","GetAllRegisteredProviderTypes","GET","get-all-registered-provider-types","HyperDriveOrProviderControlPlane"
"ONODE/NextGenSoftware.OASIS.API.ONODE.WebAPI/Controllers/ProviderController.cs","136","ProviderController","GetAllRegisteredProvidersForCategory","GET","get-all-registered-providers-for-category/{category}","HyperDriveOrProviderControlPlane"
"ONODE/NextGenSoftware.OASIS.API.ONODE.WebAPI/Controllers/ProviderController.cs","147","ProviderController","GetAllRegisteredStorageProviders","GET","get-all-registered-storage-providers","HyperDriveOrProviderControlPlane"
"ONODE/NextGenSoftware.OASIS.API.ONODE.WebAPI/Controllers/ProviderController.cs","158","ProviderController","GetAllRegisteredNetworkProviders","GET","get-all-registered-network-providers","HyperDriveOrProviderControlPlane"
"ONODE/NextGenSoftware.OASIS.API.ONODE.WebAPI/Controllers/ProviderController.cs","169","ProviderController","GetAllRegisteredRendererProviders","GET","get-all-registered-renderer-providers","HyperDriveOrProviderControlPlane"
"ONODE/NextGenSoftware.OASIS.API.ONODE.WebAPI/Controllers/ProviderController.cs","181","ProviderController","GetRegisteredProvider","GET","get-registered-provider/{providerType}","HyperDriveOrProviderControlPlane"
"ONODE/NextGenSoftware.OASIS.API.ONODE.WebAPI/Controllers/ProviderController.cs","193","ProviderController","IsProviderRegistered","GET","is-provider-registered/{providerType}","HyperDriveOrProviderControlPlane"
"ONODE/NextGenSoftware.OASIS.API.ONODE.WebAPI/Controllers/ProviderController.cs","204","ProviderController","GetProvidersThatAreAutoReplicating","GET","get-providers-that-are-auto-replicating","HyperDriveOrProviderControlPlane"
"ONODE/NextGenSoftware.OASIS.API.ONODE.WebAPI/Controllers/ProviderController.cs","215","ProviderController","GetProvidersThatHaveAutoFailOverEnabled","GET","get-providers-that-have-auto-fail-over-enabled","HyperDriveOrProviderControlPlane"
"ONODE/NextGenSoftware.OASIS.API.ONODE.WebAPI/Controllers/ProviderController.cs","226","ProviderController","GetProvidersThatHaveAutoLoadBalanceEnabled","GET","get-providers-that-have-auto-load-balance-enabled","HyperDriveOrProviderControlPlane"
"ONODE/NextGenSoftware.OASIS.API.ONODE.WebAPI/Controllers/ProviderController.cs","238","ProviderController","RegisterProvider","POST","register-provider/{provider}","HyperDriveOrProviderControlPlane"
"ONODE/NextGenSoftware.OASIS.API.ONODE.WebAPI/Controllers/ProviderController.cs","250","ProviderController","RegisterProviderType","POST","register-provider-type/{providerType}","HyperDriveOrProviderControlPlane"
"ONODE/NextGenSoftware.OASIS.API.ONODE.WebAPI/Controllers/ProviderController.cs","262","ProviderController","RegisterProviders","POST","register-providers/{providers}","HyperDriveOrProviderControlPlane"
"ONODE/NextGenSoftware.OASIS.API.ONODE.WebAPI/Controllers/ProviderController.cs","274","ProviderController","RegisterProviderTypes","POST","register-provider-types/{providerTypes}","HyperDriveOrProviderControlPlane"
"ONODE/NextGenSoftware.OASIS.API.ONODE.WebAPI/Controllers/ProviderController.cs","292","ProviderController","UnRegisterProvider","POST","unregister-provider/{provider}","HyperDriveOrProviderControlPlane"
"ONODE/NextGenSoftware.OASIS.API.ONODE.WebAPI/Controllers/ProviderController.cs","304","ProviderController","UnRegisterProviderType","POST","unregister-provider-type/{providerType}","HyperDriveOrProviderControlPlane"
"ONODE/NextGenSoftware.OASIS.API.ONODE.WebAPI/Controllers/ProviderController.cs","316","ProviderController","UnRegisterProviderTypes","POST","unregister-provider-types/{providerTypes}","HyperDriveOrProviderControlPlane"
"ONODE/NextGenSoftware.OASIS.API.ONODE.WebAPI/Controllers/ProviderController.cs","334","ProviderController","UnRegisterProviders","POST","unregister-providers/{providers}","HyperDriveOrProviderControlPlane"
"ONODE/NextGenSoftware.OASIS.API.ONODE.WebAPI/Controllers/ProviderController.cs","347","ProviderController","SetAndActivateCurrentStorageProvider","POST","set-and-activate-current-storage-provider/{providerType}/{setGlobally}","HyperDriveOrProviderControlPlane"
"ONODE/NextGenSoftware.OASIS.API.ONODE.WebAPI/Controllers/ProviderController.cs","359","ProviderController","ActivateProvider","POST","activate-provider/{providerType}","HyperDriveOrProviderControlPlane"
"ONODE/NextGenSoftware.OASIS.API.ONODE.WebAPI/Controllers/ProviderController.cs","371","ProviderController","DeActivateProvider","POST","deactivate-provider/{providerType}","HyperDriveOrProviderControlPlane"
"ONODE/NextGenSoftware.OASIS.API.ONODE.WebAPI/Controllers/ProviderController.cs","383","ProviderController","SetAutoReplicateForAllProviders","POST","set-auto-replicate-for-all-providers/{autoReplicate}","HyperDriveOrProviderControlPlane"
"ONODE/NextGenSoftware.OASIS.API.ONODE.WebAPI/Controllers/ProviderController.cs","396","ProviderController","SetAutoReplicateForListOfProviders","POST","set-auto-replicate-for-list-of-providers/{autoReplicate}/{providerTypes}","HyperDriveOrProviderControlPlane"
"ONODE/NextGenSoftware.OASIS.API.ONODE.WebAPI/Controllers/ProviderController.cs","414","ProviderController","SetAutoFailOverForAllProviders","POST","set-auto-fail-over-for-all-providers/{addToFailOverList}","HyperDriveOrProviderControlPlane"
"ONODE/NextGenSoftware.OASIS.API.ONODE.WebAPI/Controllers/ProviderController.cs","427","ProviderController","SetAutoFailOverForListOfProviders","POST","set-auto-fail-over-for-list-of-providers/{addToFailOverList}/{providerTypes}","HyperDriveOrProviderControlPlane"
"ONODE/NextGenSoftware.OASIS.API.ONODE.WebAPI/Controllers/ProviderController.cs","444","ProviderController","SetAutoLoadBalanceForAllProviders","POST","set-auto-load-balance-for-all-providers/{addToLoadBalanceList}","HyperDriveOrProviderControlPlane"
"ONODE/NextGenSoftware.OASIS.API.ONODE.WebAPI/Controllers/ProviderController.cs","457","ProviderController","SetAutoLoadBalanceForListOfProviders","POST","set-auto-load-balance-for-list-of-providers/{addToLoadBalanceList}/{providerTypes}","HyperDriveOrProviderControlPlane"
"ONODE/NextGenSoftware.OASIS.API.ONODE.WebAPI/Controllers/ProviderController.cs","476","ProviderController","SetProviderConfig","POST","set-provider-config/{providerType}/{connectionString}","HyperDriveOrProviderControlPlane"
"ONODE/NextGenSoftware.OASIS.API.ONODE.WebAPI/Controllers/SearchController.cs","60","SearchController","Get","GET","{searchParams}","DirectModeAwareManagerBoundary"
"ONODE/NextGenSoftware.OASIS.API.ONODE.WebAPI/Controllers/SearchController.cs","111","SearchController","Get","GET","{searchParams}/{providerType}/{setGlobally}","ControllerActionDelegation"
"ONODE/NextGenSoftware.OASIS.API.ONODE.WebAPI/Controllers/SearchController.cs","121","SearchController","Search","POST","","DirectModeAwareManagerBoundary"
"ONODE/NextGenSoftware.OASIS.API.ONODE.WebAPI/Controllers/SeedsController.cs","115","SeedsController","SaveSeedTransaction","POST","save-seed-transaction","CoveredFeatureManagerDelegation"
"ONODE/NextGenSoftware.OASIS.API.ONODE.WebAPI/Controllers/SeedsController.cs","130","SeedsController","GetSeedTransactionsForAvatar","GET","avatar/{avatarId}/transactions","CoveredFeatureManagerDelegation"
"ONODE/NextGenSoftware.OASIS.API.ONODE.WebAPI/Controllers/SeedsController.cs","142","SeedsController","GetMySeedTransactions","GET","me/transactions","CoveredFeatureManagerDelegation"
"ONODE/NextGenSoftware.OASIS.API.ONODE.WebAPI/Controllers/SettingsController.cs","34","SettingsController","GetAllSettingsForCurrentLoggedInAvatar","GET","get-all-settings-for-current-logged-in-avatar","CoveredFeatureManagerDelegation"
"ONODE/NextGenSoftware.OASIS.API.ONODE.WebAPI/Controllers/SettingsController.cs","97","SettingsController","GetHyperDriveSettings","GET","hyperdrive-settings","CoveredFeatureManagerDelegation"
"ONODE/NextGenSoftware.OASIS.API.ONODE.WebAPI/Controllers/SettingsController.cs","118","SettingsController","UpdateHyperDriveSettings","PUT","hyperdrive-settings","CoveredFeatureManagerDelegation"
"ONODE/NextGenSoftware.OASIS.API.ONODE.WebAPI/Controllers/SettingsController.cs","140","SettingsController","GetSystemSettings","GET","system-settings","CoveredFeatureManagerDelegation"
"ONODE/NextGenSoftware.OASIS.API.ONODE.WebAPI/Controllers/SettingsController.cs","161","SettingsController","UpdateSystemSettings","PUT","system-settings","CoveredFeatureManagerDelegation"
"ONODE/NextGenSoftware.OASIS.API.ONODE.WebAPI/Controllers/SettingsController.cs","180","SettingsController","GetOmniversePreferences","GET","omniverse-preferences","DirectModeAwareManagerBoundary"
"ONODE/NextGenSoftware.OASIS.API.ONODE.WebAPI/Controllers/SettingsController.cs","208","SettingsController","UpdateOmniversePreferences","PUT","omniverse-preferences","DirectModeAwareManagerBoundary"
"ONODE/NextGenSoftware.OASIS.API.ONODE.WebAPI/Controllers/SettingsController.cs","227","SettingsController","GetSubscriptionSettings","GET","subscription-settings","CoveredFeatureManagerDelegation"
"ONODE/NextGenSoftware.OASIS.API.ONODE.WebAPI/Controllers/SettingsController.cs","248","SettingsController","UpdateSubscriptionSettings","PUT","subscription-settings","CoveredFeatureManagerDelegation"
"ONODE/NextGenSoftware.OASIS.API.ONODE.WebAPI/Controllers/SettingsController.cs","271","SettingsController","UpdateSettings","PUT","update-settings","DirectModeAwareManagerBoundary"
"ONODE/NextGenSoftware.OASIS.API.ONODE.WebAPI/Controllers/SettingsController.cs","415","SettingsController","GetNotificationPreferences","GET","notification-preferences","CoveredFeatureManagerDelegation"
"ONODE/NextGenSoftware.OASIS.API.ONODE.WebAPI/Controllers/SettingsController.cs","436","SettingsController","UpdateNotificationPreferences","PUT","notification-preferences","CoveredFeatureManagerDelegation"
"ONODE/NextGenSoftware.OASIS.API.ONODE.WebAPI/Controllers/SettingsController.cs","458","SettingsController","GetPrivacySettings","GET","privacy-settings","CoveredFeatureManagerDelegation"
"ONODE/NextGenSoftware.OASIS.API.ONODE.WebAPI/Controllers/SettingsController.cs","479","SettingsController","UpdatePrivacySettings","PUT","privacy-settings","CoveredFeatureManagerDelegation"
"ONODE/NextGenSoftware.OASIS.API.ONODE.WebAPI/Controllers/SettingsController.cs","500","SettingsController","GetVersion","GET","version","LocalOrNonStorageEndpoint"
"ONODE/NextGenSoftware.OASIS.API.ONODE.WebAPI/Controllers/SettingsController.cs","510","SettingsController","GetSystemConfig","GET","system-config","LocalOrNonStorageEndpoint"
"ONODE/NextGenSoftware.OASIS.API.ONODE.WebAPI/Controllers/ShareController.cs","51","ShareController","ShareHolon","GET","share-holon/{holonId:guid}/{avatarId:guid}","LocalOrNonStorageEndpoint"
"ONODE/NextGenSoftware.OASIS.API.ONODE.WebAPI/Controllers/ShareController.cs","107","ShareController","ShareHolon","GET","share-holon/{holonId:guid}/many/{avatarIds}","DirectModeAwareManagerBoundary"
"ONODE/NextGenSoftware.OASIS.API.ONODE.WebAPI/Controllers/SocialController.cs","35","SocialController","GetSocialFeed","GET","social-feed","CoveredFeatureManagerDelegation"
"ONODE/NextGenSoftware.OASIS.API.ONODE.WebAPI/Controllers/SocialController.cs","93","SocialController","RegisterSocialProvider","POST","register-social-provider","CoveredFeatureManagerDelegation"
"ONODE/NextGenSoftware.OASIS.API.ONODE.WebAPI/Controllers/SocialController.cs","109","SocialController","ShareHolon","POST","share-holon","CoveredFeatureManagerDelegation"
"ONODE/NextGenSoftware.OASIS.API.ONODE.WebAPI/Controllers/SocialController.cs","122","SocialController","GetRegisteredProviders","GET","registered-providers","CoveredFeatureManagerDelegation"
"ONODE/NextGenSoftware.OASIS.API.ONODE.WebAPI/Controllers/SolanaController.cs","31","SolanaController","MintNft","POST","","InjectedServiceRepositoryOrClient"
"ONODE/NextGenSoftware.OASIS.API.ONODE.WebAPI/Controllers/SolanaController.cs","46","SolanaController","SendTransaction","POST","","InjectedServiceRepositoryOrClient"
"ONODE/NextGenSoftware.OASIS.API.ONODE.WebAPI/Controllers/StatsController.cs","33","StatsController","GetStatsForCurrentLoggedInAvatar","GET","get-stats-for-current-logged-in-avatar","CoveredFeatureManagerDelegation"
"ONODE/NextGenSoftware.OASIS.API.ONODE.WebAPI/Controllers/StatsController.cs","97","StatsController","GetKarmaStats","GET","karma-stats/{avatarId}","CoveredFeatureManagerDelegation"
"ONODE/NextGenSoftware.OASIS.API.ONODE.WebAPI/Controllers/StatsController.cs","155","StatsController","GetKarmaHistory","GET","karma-history/{avatarId}","CoveredFeatureManagerDelegation"
"ONODE/NextGenSoftware.OASIS.API.ONODE.WebAPI/Controllers/StatsController.cs","169","StatsController","GetGiftStats","GET","gift-stats/{avatarId}","CoveredFeatureManagerDelegation"
"ONODE/NextGenSoftware.OASIS.API.ONODE.WebAPI/Controllers/StatsController.cs","183","StatsController","GetChatStats","GET","chat-stats/{avatarId}","CoveredFeatureManagerDelegation"
"ONODE/NextGenSoftware.OASIS.API.ONODE.WebAPI/Controllers/StatsController.cs","197","StatsController","GetKeyStats","GET","key-stats/{avatarId}","CoveredFeatureManagerDelegation"
"ONODE/NextGenSoftware.OASIS.API.ONODE.WebAPI/Controllers/StatsController.cs","211","StatsController","GetLeaderboardStats","GET","leaderboard-stats/{avatarId}","CoveredFeatureManagerDelegation"
"ONODE/NextGenSoftware.OASIS.API.ONODE.WebAPI/Controllers/StatsController.cs","224","StatsController","GetSystemStats","GET","system-stats","CoveredFeatureManagerDelegation"
"ONODE/NextGenSoftware.OASIS.API.ONODE.WebAPI/Controllers/StatsController.cs","236","StatsController","GetAchievementStats","GET","achievement-stats/{avatarId}","DirectModeAwareManagerBoundary"
"ONODE/NextGenSoftware.OASIS.API.ONODE.WebAPI/Controllers/SubscriptionAdminController.cs","23","SubscriptionAdminController","Subscriptions","GET","subscriptions","LocalOrNonStorageEndpoint"
"ONODE/NextGenSoftware.OASIS.API.ONODE.WebAPI/Controllers/SubscriptionAdminController.cs","27","SubscriptionAdminController","Invoices","GET","invoices","LocalOrNonStorageEndpoint"
"ONODE/NextGenSoftware.OASIS.API.ONODE.WebAPI/Controllers/SubscriptionAdminController.cs","31","SubscriptionAdminController","Events","GET","usage/events","LocalOrNonStorageEndpoint"
"ONODE/NextGenSoftware.OASIS.API.ONODE.WebAPI/Controllers/SubscriptionAdminController.cs","35","SubscriptionAdminController","Audit","GET","usage/audit","LocalOrNonStorageEndpoint"
"ONODE/NextGenSoftware.OASIS.API.ONODE.WebAPI/Controllers/SubscriptionAdminController.cs","39","SubscriptionAdminController","Analytics","GET","analytics","LocalOrNonStorageEndpoint"
"ONODE/NextGenSoftware.OASIS.API.ONODE.WebAPI/Controllers/SubscriptionAdminController.cs","47","SubscriptionAdminController","Outboxes","GET","outboxes","LocalOrNonStorageEndpoint"
"ONODE/NextGenSoftware.OASIS.API.ONODE.WebAPI/Controllers/SubscriptionAdminController.cs","62","SubscriptionAdminController","Requeue","POST","outboxes/requeue","LocalOrNonStorageEndpoint"
"ONODE/NextGenSoftware.OASIS.API.ONODE.WebAPI/Controllers/SubscriptionController.cs","105","SubscriptionController","GetPlans","GET","plans","LocalOrNonStorageEndpoint"
"ONODE/NextGenSoftware.OASIS.API.ONODE.WebAPI/Controllers/SubscriptionController.cs","112","SubscriptionController","AuthorizeRequest","POST","authorize-request","LocalOrNonStorageEndpoint"
"ONODE/NextGenSoftware.OASIS.API.ONODE.WebAPI/Controllers/SubscriptionController.cs","118","SubscriptionController","AuthorizeUsage","POST","usage/authorize","InjectedServiceRepositoryOrClient"
"ONODE/NextGenSoftware.OASIS.API.ONODE.WebAPI/Controllers/SubscriptionController.cs","135","SubscriptionController","StartUsage","POST","usage/start","InjectedServiceRepositoryOrClient"
"ONODE/NextGenSoftware.OASIS.API.ONODE.WebAPI/Controllers/SubscriptionController.cs","151","SubscriptionController","SettleUsage","POST","usage/settle","InjectedServiceRepositoryOrClient"
"ONODE/NextGenSoftware.OASIS.API.ONODE.WebAPI/Controllers/SubscriptionController.cs","167","SubscriptionController","CorrectUsage","POST","usage/admin/corrections","InjectedServiceRepositoryOrClient"
"ONODE/NextGenSoftware.OASIS.API.ONODE.WebAPI/Controllers/SubscriptionController.cs","182","SubscriptionController","GetUsageMigrationInventory","GET","usage/admin/migration/inventory","InjectedServiceRepositoryOrClient"
"ONODE/NextGenSoftware.OASIS.API.ONODE.WebAPI/Controllers/SubscriptionController.cs","194","SubscriptionController","ImportUsageOpeningBalance","POST","usage/admin/migration/opening-balance","InjectedServiceRepositoryOrClient"
"ONODE/NextGenSoftware.OASIS.API.ONODE.WebAPI/Controllers/SubscriptionController.cs","208","SubscriptionController","GetUsageAudit","GET","usage/audit","InjectedServiceRepositoryOrClient"
"ONODE/NextGenSoftware.OASIS.API.ONODE.WebAPI/Controllers/SubscriptionController.cs","218","SubscriptionController","GetAuthoritativeUsage","GET","usage/current","InjectedServiceRepositoryOrClient"
"ONODE/NextGenSoftware.OASIS.API.ONODE.WebAPI/Controllers/SubscriptionController.cs","228","SubscriptionController","GetUsageEvents","GET","usage/events","InjectedServiceRepositoryOrClient"
"ONODE/NextGenSoftware.OASIS.API.ONODE.WebAPI/Controllers/SubscriptionController.cs","239","SubscriptionController","CreateCheckoutSession","POST","checkout/session","InjectedServiceRepositoryOrClient"
"ONODE/NextGenSoftware.OASIS.API.ONODE.WebAPI/Controllers/SubscriptionController.cs","325","SubscriptionController","StripeWebhook","POST","webhooks/stripe","InjectedServiceRepositoryOrClient"
"ONODE/NextGenSoftware.OASIS.API.ONODE.WebAPI/Controllers/SubscriptionController.cs","433","SubscriptionController","GetMySubscriptions","GET","subscriptions/me","InjectedServiceRepositoryOrClient"
"ONODE/NextGenSoftware.OASIS.API.ONODE.WebAPI/Controllers/SubscriptionController.cs","469","SubscriptionController","GetMyOrders","GET","orders/me","InjectedServiceRepositoryOrClient"
"ONODE/NextGenSoftware.OASIS.API.ONODE.WebAPI/Controllers/SubscriptionController.cs","483","SubscriptionController","TogglePayAsYouGo","POST","toggle-pay-as-you-go","InjectedServiceRepositoryOrClient"
"ONODE/NextGenSoftware.OASIS.API.ONODE.WebAPI/Controllers/SubscriptionController.cs","509","SubscriptionController","GetUsage","GET","usage","InjectedServiceRepositoryOrClient"
"ONODE/NextGenSoftware.OASIS.API.ONODE.WebAPI/Controllers/SubscriptionController.cs","552","SubscriptionController","UpdateHyperDriveConfig","POST","update-hyperdrive-config","CoveredFeatureManagerDelegation"
"ONODE/NextGenSoftware.OASIS.API.ONODE.WebAPI/Controllers/SubscriptionController.cs","592","SubscriptionController","GetHyperDriveUsage","GET","hyperdrive-usage","CoveredFeatureManagerDelegation"
"ONODE/NextGenSoftware.OASIS.API.ONODE.WebAPI/Controllers/SubscriptionController.cs","634","SubscriptionController","CheckHyperDriveQuota","POST","check-hyperdrive-quota","DirectModeAwareManagerBoundary"
"ONODE/NextGenSoftware.OASIS.API.ONODE.WebAPI/Controllers/SubscriptionReconciliationController.cs","26","SubscriptionReconciliationController","ProviderReceipt","POST","provider-receipts","LocalOrNonStorageEndpoint"
"ONODE/NextGenSoftware.OASIS.API.ONODE.WebAPI/Controllers/SubscriptionReconciliationController.cs","41","SubscriptionReconciliationController","StripeInvoice","POST","stripe-invoices","LocalOrNonStorageEndpoint"
"ONODE/NextGenSoftware.OASIS.API.ONODE.WebAPI/Controllers/SubscriptionReconciliationController.cs","57","SubscriptionReconciliationController","Run","POST","run","LocalOrNonStorageEndpoint"
"ONODE/NextGenSoftware.OASIS.API.ONODE.WebAPI/Controllers/SubscriptionReconciliationController.cs","74","SubscriptionReconciliationController","Reports","GET","reports","LocalOrNonStorageEndpoint"
"ONODE/NextGenSoftware.OASIS.API.ONODE.WebAPI/Controllers/VideoController.cs","34","VideoController","StartVideoCall","POST","start-video-call","CoveredFeatureManagerDelegation"
"ONODE/NextGenSoftware.OASIS.API.ONODE.WebAPI/Controllers/VideoController.cs","49","VideoController","JoinVideoCall","POST","join-call/{callId}","CoveredFeatureManagerDelegation"
"ONODE/NextGenSoftware.OASIS.API.ONODE.WebAPI/Controllers/VideoController.cs","62","VideoController","EndVideoCall","POST","end-call/{callId}","CoveredFeatureManagerDelegation"
"ONODE/NextGenSoftware.OASIS.API.ONODE.WebAPI/Controllers/WalletController.cs","65","WalletController","SendTokenAsync","POST","send-token","DirectModeAwareManagerBoundary"
"ONODE/NextGenSoftware.OASIS.API.ONODE.WebAPI/Controllers/WalletController.cs","103","WalletController","LoadProviderWalletsForAvatarByIdAsync","GET","avatar/{id}/wallets/{showOnlyDefault}/{decryptPrivateKeys}","DirectModeAwareManagerBoundary"
"ONODE/NextGenSoftware.OASIS.API.ONODE.WebAPI/Controllers/WalletController.cs","162","WalletController","LoadProviderWalletsForAvatarByUsernameAsync","GET","avatar/username/{username}/wallets/{showOnlyDefault}/{decryptPrivateKeys}","DirectModeAwareManagerBoundary"
"ONODE/NextGenSoftware.OASIS.API.ONODE.WebAPI/Controllers/WalletController.cs","182","WalletController","LoadProviderWalletsForAvatarByEmailAsync","GET","avatar/email/{email}/wallets","DirectModeAwareManagerBoundary"
"ONODE/NextGenSoftware.OASIS.API.ONODE.WebAPI/Controllers/WalletController.cs","203","WalletController","LoadProviderWalletsForAvatarByEmailAsync","GET","avatar/email/{email}/wallets/{showOnlyDefault}/{decryptPrivateKeys}/{providerType}","DirectModeAwareManagerBoundary"
"ONODE/NextGenSoftware.OASIS.API.ONODE.WebAPI/Controllers/WalletController.cs","223","WalletController","SaveProviderWalletsForAvatarByIdAsync","POST","avatar/{id}/wallets","DirectModeAwareManagerBoundary"
"ONODE/NextGenSoftware.OASIS.API.ONODE.WebAPI/Controllers/WalletController.cs","243","WalletController","SaveProviderWalletsForAvatarByUsernameAsync","POST","avatar/username/{username}/wallets","DirectModeAwareManagerBoundary"
"ONODE/NextGenSoftware.OASIS.API.ONODE.WebAPI/Controllers/WalletController.cs","263","WalletController","SaveProviderWalletsForAvatarByEmailAsync","POST","avatar/email/{email}/wallets","DirectModeAwareManagerBoundary"
"ONODE/NextGenSoftware.OASIS.API.ONODE.WebAPI/Controllers/WalletController.cs","282","WalletController","GetAvatarDefaultWalletByIdAsync","GET","avatar/{id}/default-wallet","DirectModeAwareManagerBoundary"
"ONODE/NextGenSoftware.OASIS.API.ONODE.WebAPI/Controllers/WalletController.cs","301","WalletController","GetAvatarDefaultWalletByUsernameAsync","GET","avatar/username/{username}/default-wallet/{showOnlyDefault}/{decryptPrivateKeys}","DirectModeAwareManagerBoundary"
"ONODE/NextGenSoftware.OASIS.API.ONODE.WebAPI/Controllers/WalletController.cs","320","WalletController","GetAvatarDefaultWalletByEmailAsync","GET","avatar/email/{email}/default-wallet","DirectModeAwareManagerBoundary"
"ONODE/NextGenSoftware.OASIS.API.ONODE.WebAPI/Controllers/WalletController.cs","340","WalletController","SetAvatarDefaultWalletByIdAsync","POST","avatar/{id}/default-wallet/{walletId}","DirectModeAwareManagerBoundary"
"ONODE/NextGenSoftware.OASIS.API.ONODE.WebAPI/Controllers/WalletController.cs","360","WalletController","SetAvatarDefaultWalletByUsernameAsync","POST","avatar/username/{username}/default-wallet/{walletId}","DirectModeAwareManagerBoundary"
"ONODE/NextGenSoftware.OASIS.API.ONODE.WebAPI/Controllers/WalletController.cs","380","WalletController","SetAvatarDefaultWalletByEmailAsync","POST","avatar/email/{email}/default-wallet/{walletId}","DirectModeAwareManagerBoundary"
"ONODE/NextGenSoftware.OASIS.API.ONODE.WebAPI/Controllers/WalletController.cs","400","WalletController","ImportWalletUsingPrivateKeyById","POST","avatar/{avatarId}/import/private-key","DirectModeAwareManagerBoundary"
"ONODE/NextGenSoftware.OASIS.API.ONODE.WebAPI/Controllers/WalletController.cs","420","WalletController","ImportWalletUsingPrivateKeyByUsername","POST","avatar/username/{username}/import/private-key","DirectModeAwareManagerBoundary"
"ONODE/NextGenSoftware.OASIS.API.ONODE.WebAPI/Controllers/WalletController.cs","440","WalletController","ImportWalletUsingPrivateKeyByEmail","POST","avatar/email/{email}/import/private-key","DirectModeAwareManagerBoundary"
"ONODE/NextGenSoftware.OASIS.API.ONODE.WebAPI/Controllers/WalletController.cs","460","WalletController","ImportWalletUsingPublicKeyById","POST","avatar/{avatarId}/import/public-key","DirectModeAwareManagerBoundary"
"ONODE/NextGenSoftware.OASIS.API.ONODE.WebAPI/Controllers/WalletController.cs","480","WalletController","ImportWalletUsingPublicKeyByUsername","POST","avatar/username/{username}/import/public-key","DirectModeAwareManagerBoundary"
"ONODE/NextGenSoftware.OASIS.API.ONODE.WebAPI/Controllers/WalletController.cs","500","WalletController","ImportWalletUsingPublicKeyByEmail","POST","avatar/email/{email}/import/public-key","DirectModeAwareManagerBoundary"
"ONODE/NextGenSoftware.OASIS.API.ONODE.WebAPI/Controllers/WalletController.cs","519","WalletController","GetWalletThatPublicKeyBelongsTo","GET","find-wallet","DirectModeAwareManagerBoundary"
"ONODE/NextGenSoftware.OASIS.API.ONODE.WebAPI/Controllers/WalletController.cs","537","WalletController","GetPortfolioValueAsync","GET","avatar/{avatarId}/portfolio/value","LocalOrNonStorageEndpoint"
"ONODE/NextGenSoftware.OASIS.API.ONODE.WebAPI/Controllers/WalletController.cs","581","WalletController","GetWalletsByChainAsync","GET","avatar/{avatarId}/wallets/chain/{chain}","DirectModeAwareManagerBoundary"
"ONODE/NextGenSoftware.OASIS.API.ONODE.WebAPI/Controllers/WalletController.cs","606","WalletController","TransferBetweenWalletsAsync","POST","transfer","DirectModeAwareManagerBoundary"
"ONODE/NextGenSoftware.OASIS.API.ONODE.WebAPI/Controllers/WalletController.cs","639","WalletController","GetWalletAnalyticsAsync","GET","avatar/{avatarId}/wallet/{walletId}/analytics","LocalOrNonStorageEndpoint"
"ONODE/NextGenSoftware.OASIS.API.ONODE.WebAPI/Controllers/WalletController.cs","685","WalletController","GetSupportedChains","GET","supported-chains","DirectModeAwareManagerBoundary"
"ONODE/NextGenSoftware.OASIS.API.ONODE.WebAPI/Controllers/WalletController.cs","723","WalletController","GetWalletTokensAsync","GET","avatar/{avatarId}/wallet/{walletId}/tokens","LocalOrNonStorageEndpoint"
"ONODE/NextGenSoftware.OASIS.API.ONODE.WebAPI/Controllers/WalletController.cs","758","WalletController","CreateWalletForAvatarByIdAsync","POST","avatar/{avatarId}/create-wallet","DirectModeAwareManagerBoundary"
"ONODE/NextGenSoftware.OASIS.API.ONODE.WebAPI/Controllers/WalletController.cs","778","WalletController","CreateWalletForAvatarByUsernameAsync","POST","avatar/username/{username}/create-wallet","DirectModeAwareManagerBoundary"
"ONODE/NextGenSoftware.OASIS.API.ONODE.WebAPI/Controllers/WalletController.cs","798","WalletController","CreateWalletForAvatarByEmailAsync","POST","avatar/email/{email}/create-wallet","DirectModeAwareManagerBoundary"
"ONODE/NextGenSoftware.OASIS.API.ONODE.WebAPI/Controllers/WalletController.cs","819","WalletController","UpdateWalletForAvatarByIdAsync","PUT","avatar/{avatarId}/wallet/{walletId}","DirectModeAwareManagerBoundary"
"ONODE/NextGenSoftware.OASIS.API.ONODE.WebAPI/Controllers/WalletController.cs","840","WalletController","UpdateWalletForAvatarByUsernameAsync","PUT","avatar/username/{username}/wallet/{walletId}","DirectModeAwareManagerBoundary"
"ONODE/NextGenSoftware.OASIS.API.ONODE.WebAPI/Controllers/WalletController.cs","861","WalletController","UpdateWalletForAvatarByEmailAsync","PUT","avatar/email/{email}/wallet/{walletId}","DirectModeAwareManagerBoundary"
"ONODE/NextGenSoftware.OASIS.API.ONODE.WebAPI/Controllers/WalletTokenController.cs","49","WalletTokenController","BurnToken","POST","burn-token","DirectModeAwareManagerBoundary"
"ONODE/NextGenSoftware.OASIS.API.ONODE.WebAPI/Controllers/WalletTokenController.cs","69","WalletTokenController","LockToken","POST","lock-token","DirectModeAwareManagerBoundary"
"ONODE/NextGenSoftware.OASIS.API.ONODE.WebAPI/Controllers/WalletTokenController.cs","89","WalletTokenController","UnlockToken","POST","unlock-token","DirectModeAwareManagerBoundary"
"ONODE/NextGenSoftware.OASIS.API.ONODE.WebAPI/Controllers/WalletTokenController.cs","109","WalletTokenController","ImportWalletUsingSecretPhraseById","POST","avatar/{avatarId}/import/secret-phrase","DirectModeAwareManagerBoundary"
"ONODE/NextGenSoftware.OASIS.API.ONODE.WebAPI/Controllers/WalletTokenController.cs","124","WalletTokenController","ImportWalletUsingSecretPhraseByUsername","POST","avatar/username/{username}/import/secret-phrase","DirectModeAwareManagerBoundary"
"ONODE/NextGenSoftware.OASIS.API.ONODE.WebAPI/Controllers/WalletTokenController.cs","139","WalletTokenController","ImportWalletUsingSecretPhraseByEmail","POST","avatar/email/{email}/import/secret-phrase","DirectModeAwareManagerBoundary"
